2026-04-14 01:44:48,400 [INFO] Logging to logs/open_clip__txt-open_clip__loc-satclip__tproj-mlp__lproj-linear__loss-mse.log
2026-04-14 01:44:48,401 [INFO] Checkpoints directory: /home/libe2152/outputs/explainable-earth-embeddings/open_clip/txt-open_clip__loc-satclip__tproj-mlp__lproj-linear__loss-mse
2026-04-14 01:44:53,661 [INFO] Loaded dataset from /home/libe2152/data/skyscript/satclip/open_clip/
2026-04-14 01:44:53,661 [INFO] Train size=341661, Val size=715
2026-04-14 01:44:53,675 [INFO] Using text encoder=open_clip, location encoder=satclip
2026-04-14 01:44:54,162 [INFO] Loss: mse
2026-04-14 01:44:54,162 [INFO] LR=0.001, weight_decay=0.01
2026-04-14 01:45:01,202 [INFO] [Epoch 0] train_loss=0.0006
2026-04-14 01:45:01,593 [INFO] [Epoch 0] val_loss=0.0001
2026-04-14 01:45:01,598 [INFO] Epoch 0 | train=0.0006 | val=0.0001
2026-04-14 01:45:01,624 [INFO] Saved checkpoint (val=0.0001)
2026-04-14 01:45:08,282 [INFO] [Epoch 1] train_loss=0.0001
2026-04-14 01:45:08,671 [INFO] [Epoch 1] val_loss=0.0000
2026-04-14 01:45:08,676 [INFO] Epoch 1 | train=0.0001 | val=0.0000
2026-04-14 01:45:08,717 [INFO] Saved checkpoint (val=0.0000)
2026-04-14 01:45:15,360 [INFO] [Epoch 2] train_loss=0.0000
2026-04-14 01:45:15,753 [INFO] [Epoch 2] val_loss=0.0000
2026-04-14 01:45:15,759 [INFO] Epoch 2 | train=0.0000 | val=0.0000
2026-04-14 01:45:15,801 [INFO] Saved checkpoint (val=0.0000)
2026-04-14 01:45:22,442 [INFO] [Epoch 3] train_loss=0.0000
2026-04-14 01:45:22,833 [INFO] [Epoch 3] val_loss=0.0000
2026-04-14 01:45:22,838 [INFO] Epoch 3 | train=0.0000 | val=0.0000
2026-04-14 01:45:22,866 [INFO] Saved checkpoint (val=0.0000)
2026-04-14 01:45:29,707 [INFO] [Epoch 4] train_loss=0.0000
2026-04-14 01:45:30,097 [INFO] [Epoch 4] val_loss=0.0000
2026-04-14 01:45:30,102 [INFO] Epoch 4 | train=0.0000 | val=0.0000
2026-04-14 01:45:30,145 [INFO] Saved checkpoint (val=0.0000)
2026-04-14 01:45:36,774 [INFO] [Epoch 5] train_loss=0.0000
2026-04-14 01:45:37,168 [INFO] [Epoch 5] val_loss=0.0000
2026-04-14 01:45:37,173 [INFO] Epoch 5 | train=0.0000 | val=0.0000
2026-04-14 01:45:37,216 [INFO] Saved checkpoint (val=0.0000)
2026-04-14 01:45:43,854 [INFO] [Epoch 6] train_loss=0.0000
2026-04-14 01:45:44,241 [INFO] [Epoch 6] val_loss=0.0000
2026-04-14 01:45:44,246 [INFO] Epoch 6 | train=0.0000 | val=0.0000
2026-04-14 01:45:44,289 [INFO] Saved checkpoint (val=0.0000)
2026-04-14 01:45:50,927 [INFO] [Epoch 7] train_loss=0.0000
2026-04-14 01:45:51,324 [INFO] [Epoch 7] val_loss=0.0000
2026-04-14 01:45:51,329 [INFO] Epoch 7 | train=0.0000 | val=0.0000
2026-04-14 01:45:51,373 [INFO] Saved checkpoint (val=0.0000)
2026-04-14 01:45:58,048 [INFO] [Epoch 8] train_loss=0.0000
2026-04-14 01:45:58,441 [INFO] [Epoch 8] val_loss=0.0000
2026-04-14 01:45:58,446 [INFO] Epoch 8 | train=0.0000 | val=0.0000
2026-04-14 01:45:58,489 [INFO] Saved checkpoint (val=0.0000)
2026-04-14 01:46:05,147 [INFO] [Epoch 9] train_loss=0.0000
2026-04-14 01:46:05,544 [INFO] [Epoch 9] val_loss=0.0000
2026-04-14 01:46:05,548 [INFO] Epoch 9 | train=0.0000 | val=0.0000
2026-04-14 01:46:05,591 [INFO] Saved checkpoint (val=0.0000)
2026-04-14 01:46:12,339 [INFO] [Epoch 10] train_loss=0.0000
2026-04-14 01:46:12,738 [INFO] [Epoch 10] val_loss=0.0000
2026-04-14 01:46:12,742 [INFO] Epoch 10 | train=0.0000 | val=0.0000
2026-04-14 01:46:12,785 [INFO] Saved checkpoint (val=0.0000)
2026-04-14 01:46:19,423 [INFO] [Epoch 11] train_loss=0.0000
2026-04-14 01:46:19,822 [INFO] [Epoch 11] val_loss=0.0000
2026-04-14 01:46:19,828 [INFO] Epoch 11 | train=0.0000 | val=0.0000
2026-04-14 01:46:19,870 [INFO] Saved checkpoint (val=0.0000)
2026-04-14 01:46:26,517 [INFO] [Epoch 12] train_loss=0.0000
2026-04-14 01:46:26,910 [INFO] [Epoch 12] val_loss=0.0000
2026-04-14 01:46:26,914 [INFO] Epoch 12 | train=0.0000 | val=0.0000
2026-04-14 01:46:26,955 [INFO] Saved checkpoint (val=0.0000)
2026-04-14 01:46:33,645 [INFO] [Epoch 13] train_loss=0.0000
2026-04-14 01:46:34,041 [INFO] [Epoch 13] val_loss=0.0000
2026-04-14 01:46:34,045 [INFO] Epoch 13 | train=0.0000 | val=0.0000
2026-04-14 01:46:34,086 [INFO] Saved checkpoint (val=0.0000)
2026-04-14 01:46:40,711 [INFO] [Epoch 14] train_loss=0.0000
2026-04-14 01:46:41,105 [INFO] [Epoch 14] val_loss=0.0000
2026-04-14 01:46:41,110 [INFO] Epoch 14 | train=0.0000 | val=0.0000
2026-04-14 01:46:41,152 [INFO] Saved checkpoint (val=0.0000)
2026-04-14 01:46:47,945 [INFO] [Epoch 15] train_loss=0.0000
2026-04-14 01:46:48,338 [INFO] [Epoch 15] val_loss=0.0000
2026-04-14 01:46:48,343 [INFO] Epoch 15 | train=0.0000 | val=0.0000
2026-04-14 01:46:48,384 [INFO] Saved checkpoint (val=0.0000)
2026-04-14 01:46:55,065 [INFO] [Epoch 16] train_loss=0.0000
2026-04-14 01:46:55,464 [INFO] [Epoch 16] val_loss=0.0000
2026-04-14 01:46:55,470 [INFO] Epoch 16 | train=0.0000 | val=0.0000
2026-04-14 01:46:55,509 [INFO] Saved checkpoint (val=0.0000)
2026-04-14 01:47:02,308 [INFO] [Epoch 17] train_loss=0.0000
2026-04-14 01:47:02,698 [INFO] [Epoch 17] val_loss=0.0000
2026-04-14 01:47:02,703 [INFO] Epoch 17 | train=0.0000 | val=0.0000
2026-04-14 01:47:02,745 [INFO] Saved checkpoint (val=0.0000)
2026-04-14 01:47:09,406 [INFO] [Epoch 18] train_loss=0.0000
2026-04-14 01:47:09,798 [INFO] [Epoch 18] val_loss=0.0000
2026-04-14 01:47:09,803 [INFO] Epoch 18 | train=0.0000 | val=0.0000
2026-04-14 01:47:09,845 [INFO] Saved checkpoint (val=0.0000)
2026-04-14 01:47:16,481 [INFO] [Epoch 19] train_loss=0.0000
2026-04-14 01:47:16,873 [INFO] [Epoch 19] val_loss=0.0000
2026-04-14 01:47:16,878 [INFO] Epoch 19 | train=0.0000 | val=0.0000
2026-04-14 01:47:16,921 [INFO] Saved checkpoint (val=0.0000)
2026-04-14 01:47:23,757 [INFO] [Epoch 20] train_loss=0.0000
2026-04-14 01:47:24,151 [INFO] [Epoch 20] val_loss=0.0000
2026-04-14 01:47:24,156 [INFO] Epoch 20 | train=0.0000 | val=0.0000
2026-04-14 01:47:24,198 [INFO] Saved checkpoint (val=0.0000)
2026-04-14 01:47:30,832 [INFO] [Epoch 21] train_loss=0.0000
2026-04-14 01:47:31,227 [INFO] [Epoch 21] val_loss=0.0000
2026-04-14 01:47:31,233 [INFO] Epoch 21 | train=0.0000 | val=0.0000
2026-04-14 01:47:31,275 [INFO] Saved checkpoint (val=0.0000)
2026-04-14 01:47:37,893 [INFO] [Epoch 22] train_loss=0.0000
2026-04-14 01:47:38,289 [INFO] [Epoch 22] val_loss=0.0000
2026-04-14 01:47:38,294 [INFO] Epoch 22 | train=0.0000 | val=0.0000
2026-04-14 01:47:38,334 [INFO] Saved checkpoint (val=0.0000)
2026-04-14 01:47:45,116 [INFO] [Epoch 23] train_loss=0.0000
2026-04-14 01:47:45,511 [INFO] [Epoch 23] val_loss=0.0000
2026-04-14 01:47:45,516 [INFO] Epoch 23 | train=0.0000 | val=0.0000
2026-04-14 01:47:45,557 [INFO] Saved checkpoint (val=0.0000)
2026-04-14 01:47:52,676 [INFO] [Epoch 24] train_loss=0.0000
2026-04-14 01:47:53,057 [INFO] [Epoch 24] val_loss=0.0000
2026-04-14 01:47:53,062 [INFO] Epoch 24 | train=0.0000 | val=0.0000
2026-04-14 01:47:53,089 [INFO] Saved checkpoint (val=0.0000)
2026-04-14 01:47:59,701 [INFO] [Epoch 25] train_loss=0.0000
2026-04-14 01:48:00,082 [INFO] [Epoch 25] val_loss=0.0000
2026-04-14 01:48:00,087 [INFO] Epoch 25 | train=0.0000 | val=0.0000
2026-04-14 01:48:00,128 [INFO] Saved checkpoint (val=0.0000)
2026-04-14 01:48:06,832 [INFO] [Epoch 26] train_loss=0.0000
2026-04-14 01:48:07,234 [INFO] [Epoch 26] val_loss=0.0000
2026-04-14 01:48:07,239 [INFO] Epoch 26 | train=0.0000 | val=0.0000
2026-04-14 01:48:07,281 [INFO] Saved checkpoint (val=0.0000)
2026-04-14 01:48:13,947 [INFO] [Epoch 27] train_loss=0.0000
2026-04-14 01:48:14,340 [INFO] [Epoch 27] val_loss=0.0000
2026-04-14 01:48:14,345 [INFO] Epoch 27 | train=0.0000 | val=0.0000
2026-04-14 01:48:14,385 [INFO] Saved checkpoint (val=0.0000)
2026-04-14 01:48:21,314 [INFO] [Epoch 28] train_loss=0.0000
2026-04-14 01:48:21,709 [INFO] [Epoch 28] val_loss=0.0000
2026-04-14 01:48:21,716 [INFO] Epoch 28 | train=0.0000 | val=0.0000
2026-04-14 01:48:21,758 [INFO] Saved checkpoint (val=0.0000)
2026-04-14 01:48:28,459 [INFO] [Epoch 29] train_loss=0.0000
2026-04-14 01:48:28,849 [INFO] [Epoch 29] val_loss=0.0000
2026-04-14 01:48:28,855 [INFO] Epoch 29 | train=0.0000 | val=0.0000
2026-04-14 01:48:28,895 [INFO] Saved checkpoint (val=0.0000)
2026-04-14 01:48:35,555 [INFO] [Epoch 30] train_loss=0.0000
2026-04-14 01:48:35,939 [INFO] [Epoch 30] val_loss=0.0000
2026-04-14 01:48:35,944 [INFO] Epoch 30 | train=0.0000 | val=0.0000
2026-04-14 01:48:35,986 [INFO] Saved checkpoint (val=0.0000)
2026-04-14 01:48:42,636 [INFO] [Epoch 31] train_loss=0.0000
2026-04-14 01:48:43,053 [INFO] [Epoch 31] val_loss=0.0000
2026-04-14 01:48:43,059 [INFO] Epoch 31 | train=0.0000 | val=0.0000
2026-04-14 01:48:43,085 [INFO] Saved checkpoint (val=0.0000)
2026-04-14 01:48:49,788 [INFO] [Epoch 32] train_loss=0.0000
2026-04-14 01:48:50,189 [INFO] [Epoch 32] val_loss=0.0000
2026-04-14 01:48:50,194 [INFO] Epoch 32 | train=0.0000 | val=0.0000
2026-04-14 01:48:50,235 [INFO] Saved checkpoint (val=0.0000)
2026-04-14 01:48:56,961 [INFO] [Epoch 33] train_loss=0.0000
2026-04-14 01:48:57,354 [INFO] [Epoch 33] val_loss=0.0000
2026-04-14 01:48:57,359 [INFO] Epoch 33 | train=0.0000 | val=0.0000
2026-04-14 01:48:57,401 [INFO] Saved checkpoint (val=0.0000)
2026-04-14 01:49:04,508 [INFO] [Epoch 34] train_loss=0.0000
2026-04-14 01:49:04,894 [INFO] [Epoch 34] val_loss=0.0000
2026-04-14 01:49:04,899 [INFO] Epoch 34 | train=0.0000 | val=0.0000
2026-04-14 01:49:04,940 [INFO] Saved checkpoint (val=0.0000)
2026-04-14 01:49:11,572 [INFO] [Epoch 35] train_loss=0.0000
2026-04-14 01:49:11,968 [INFO] [Epoch 35] val_loss=0.0000
2026-04-14 01:49:11,973 [INFO] Epoch 35 | train=0.0000 | val=0.0000
2026-04-14 01:49:12,015 [INFO] Saved checkpoint (val=0.0000)
2026-04-14 01:49:18,870 [INFO] [Epoch 36] train_loss=0.0000
2026-04-14 01:49:19,264 [INFO] [Epoch 36] val_loss=0.0000
2026-04-14 01:49:19,269 [INFO] Epoch 36 | train=0.0000 | val=0.0000
2026-04-14 01:49:19,312 [INFO] Saved checkpoint (val=0.0000)
2026-04-14 01:49:26,198 [INFO] [Epoch 37] train_loss=0.0000
2026-04-14 01:49:26,594 [INFO] [Epoch 37] val_loss=0.0000
2026-04-14 01:49:26,599 [INFO] Epoch 37 | train=0.0000 | val=0.0000
2026-04-14 01:49:26,641 [INFO] Saved checkpoint (val=0.0000)
2026-04-14 01:49:33,428 [INFO] [Epoch 38] train_loss=0.0000
2026-04-14 01:49:33,831 [INFO] [Epoch 38] val_loss=0.0000
2026-04-14 01:49:33,836 [INFO] Epoch 38 | train=0.0000 | val=0.0000
2026-04-14 01:49:33,877 [INFO] Saved checkpoint (val=0.0000)
2026-04-14 01:49:40,763 [INFO] [Epoch 39] train_loss=0.0000
2026-04-14 01:49:41,145 [INFO] [Epoch 39] val_loss=0.0000
2026-04-14 01:49:41,149 [INFO] Epoch 39 | train=0.0000 | val=0.0000
2026-04-14 01:49:41,191 [INFO] Saved checkpoint (val=0.0000)
2026-04-14 01:49:47,879 [INFO] [Epoch 40] train_loss=0.0000
2026-04-14 01:49:48,282 [INFO] [Epoch 40] val_loss=0.0000
2026-04-14 01:49:48,287 [INFO] Epoch 40 | train=0.0000 | val=0.0000
2026-04-14 01:49:48,328 [INFO] Saved checkpoint (val=0.0000)
2026-04-14 01:49:54,965 [INFO] [Epoch 41] train_loss=0.0000
2026-04-14 01:49:55,369 [INFO] [Epoch 41] val_loss=0.0000
2026-04-14 01:49:55,375 [INFO] Epoch 41 | train=0.0000 | val=0.0000
2026-04-14 01:49:55,417 [INFO] Saved checkpoint (val=0.0000)
2026-04-14 01:50:02,079 [INFO] [Epoch 42] train_loss=0.0000
2026-04-14 01:50:02,472 [INFO] [Epoch 42] val_loss=0.0000
2026-04-14 01:50:02,477 [INFO] Epoch 42 | train=0.0000 | val=0.0000
2026-04-14 01:50:02,519 [INFO] Saved checkpoint (val=0.0000)
2026-04-14 01:50:09,154 [INFO] [Epoch 43] train_loss=0.0000
2026-04-14 01:50:09,555 [INFO] [Epoch 43] val_loss=0.0000
2026-04-14 01:50:09,560 [INFO] Epoch 43 | train=0.0000 | val=0.0000
2026-04-14 01:50:09,602 [INFO] Saved checkpoint (val=0.0000)
2026-04-14 01:50:16,230 [INFO] [Epoch 44] train_loss=0.0000
2026-04-14 01:50:16,624 [INFO] [Epoch 44] val_loss=0.0000
2026-04-14 01:50:16,628 [INFO] Epoch 44 | train=0.0000 | val=0.0000
2026-04-14 01:50:16,670 [INFO] Saved checkpoint (val=0.0000)
2026-04-14 01:50:23,328 [INFO] [Epoch 45] train_loss=0.0000
2026-04-14 01:50:23,722 [INFO] [Epoch 45] val_loss=0.0000
2026-04-14 01:50:23,728 [INFO] Epoch 45 | train=0.0000 | val=0.0000
2026-04-14 01:50:23,754 [INFO] Saved checkpoint (val=0.0000)
2026-04-14 01:50:30,626 [INFO] [Epoch 46] train_loss=0.0000
2026-04-14 01:50:31,017 [INFO] [Epoch 46] val_loss=0.0000
2026-04-14 01:50:31,022 [INFO] Epoch 46 | train=0.0000 | val=0.0000
2026-04-14 01:50:31,064 [INFO] Saved checkpoint (val=0.0000)
2026-04-14 01:50:37,747 [INFO] [Epoch 47] train_loss=0.0000
2026-04-14 01:50:38,140 [INFO] [Epoch 47] val_loss=0.0000
2026-04-14 01:50:38,145 [INFO] Epoch 47 | train=0.0000 | val=0.0000
2026-04-14 01:50:38,170 [INFO] Saved checkpoint (val=0.0000)
2026-04-14 01:50:44,908 [INFO] [Epoch 48] train_loss=0.0000
2026-04-14 01:50:45,301 [INFO] [Epoch 48] val_loss=0.0000
2026-04-14 01:50:45,306 [INFO] Epoch 48 | train=0.0000 | val=0.0000
2026-04-14 01:50:45,347 [INFO] Saved checkpoint (val=0.0000)
2026-04-14 01:50:51,990 [INFO] [Epoch 49] train_loss=0.0000
2026-04-14 01:50:52,384 [INFO] [Epoch 49] val_loss=0.0000
2026-04-14 01:50:52,388 [INFO] Epoch 49 | train=0.0000 | val=0.0000
2026-04-14 01:50:52,428 [INFO] Saved checkpoint (val=0.0000)
2026-04-14 01:50:59,089 [INFO] [Epoch 50] train_loss=0.0000
2026-04-14 01:50:59,480 [INFO] [Epoch 50] val_loss=0.0000
2026-04-14 01:50:59,484 [INFO] Epoch 50 | train=0.0000 | val=0.0000
2026-04-14 01:50:59,526 [INFO] Saved checkpoint (val=0.0000)
2026-04-14 01:51:06,178 [INFO] [Epoch 51] train_loss=0.0000
2026-04-14 01:51:06,565 [INFO] [Epoch 51] val_loss=0.0000
2026-04-14 01:51:06,570 [INFO] Epoch 51 | train=0.0000 | val=0.0000
2026-04-14 01:51:06,612 [INFO] Saved checkpoint (val=0.0000)
2026-04-14 01:51:13,235 [INFO] [Epoch 52] train_loss=0.0000
2026-04-14 01:51:13,632 [INFO] [Epoch 52] val_loss=0.0000
2026-04-14 01:51:13,638 [INFO] Epoch 52 | train=0.0000 | val=0.0000
2026-04-14 01:51:13,664 [INFO] Saved checkpoint (val=0.0000)
2026-04-14 01:51:20,506 [INFO] [Epoch 53] train_loss=0.0000
2026-04-14 01:51:20,907 [INFO] [Epoch 53] val_loss=0.0000
2026-04-14 01:51:20,912 [INFO] Epoch 53 | train=0.0000 | val=0.0000
2026-04-14 01:51:20,955 [INFO] Saved checkpoint (val=0.0000)
2026-04-14 01:51:27,556 [INFO] [Epoch 54] train_loss=0.0000
2026-04-14 01:51:27,955 [INFO] [Epoch 54] val_loss=0.0000
2026-04-14 01:51:27,959 [INFO] Epoch 54 | train=0.0000 | val=0.0000
2026-04-14 01:51:28,002 [INFO] Saved checkpoint (val=0.0000)
2026-04-14 01:51:34,662 [INFO] [Epoch 55] train_loss=0.0000
2026-04-14 01:51:35,054 [INFO] [Epoch 55] val_loss=0.0000
2026-04-14 01:51:35,059 [INFO] Epoch 55 | train=0.0000 | val=0.0000
2026-04-14 01:51:35,101 [INFO] Saved checkpoint (val=0.0000)
2026-04-14 01:51:41,998 [INFO] [Epoch 56] train_loss=0.0000
2026-04-14 01:51:42,394 [INFO] [Epoch 56] val_loss=0.0000
2026-04-14 01:51:42,399 [INFO] Epoch 56 | train=0.0000 | val=0.0000
2026-04-14 01:51:42,442 [INFO] Saved checkpoint (val=0.0000)
2026-04-14 01:51:49,249 [INFO] [Epoch 57] train_loss=0.0000
2026-04-14 01:51:49,643 [INFO] [Epoch 57] val_loss=0.0000
2026-04-14 01:51:49,647 [INFO] Epoch 57 | train=0.0000 | val=0.0000
2026-04-14 01:51:49,688 [INFO] Saved checkpoint (val=0.0000)
2026-04-14 01:51:56,478 [INFO] [Epoch 58] train_loss=0.0000
2026-04-14 01:51:56,873 [INFO] [Epoch 58] val_loss=0.0000
2026-04-14 01:51:56,878 [INFO] Epoch 58 | train=0.0000 | val=0.0000
2026-04-14 01:51:56,921 [INFO] Saved checkpoint (val=0.0000)
2026-04-14 01:52:03,734 [INFO] [Epoch 59] train_loss=0.0000
2026-04-14 01:52:04,132 [INFO] [Epoch 59] val_loss=0.0000
2026-04-14 01:52:04,137 [INFO] Epoch 59 | train=0.0000 | val=0.0000
2026-04-14 01:52:04,180 [INFO] Saved checkpoint (val=0.0000)
2026-04-14 01:52:11,375 [INFO] [Epoch 60] train_loss=0.0000
2026-04-14 01:52:11,770 [INFO] [Epoch 60] val_loss=0.0000
2026-04-14 01:52:11,775 [INFO] Epoch 60 | train=0.0000 | val=0.0000
2026-04-14 01:52:11,816 [INFO] Saved checkpoint (val=0.0000)
2026-04-14 01:52:18,867 [INFO] [Epoch 61] train_loss=0.0000
2026-04-14 01:52:19,260 [INFO] [Epoch 61] val_loss=0.0000
2026-04-14 01:52:19,265 [INFO] Epoch 61 | train=0.0000 | val=0.0000
2026-04-14 01:52:19,305 [INFO] Saved checkpoint (val=0.0000)
2026-04-14 01:52:25,994 [INFO] [Epoch 62] train_loss=0.0000
2026-04-14 01:52:26,390 [INFO] [Epoch 62] val_loss=0.0000
2026-04-14 01:52:26,395 [INFO] Epoch 62 | train=0.0000 | val=0.0000
2026-04-14 01:52:26,438 [INFO] Saved checkpoint (val=0.0000)
2026-04-14 01:52:33,579 [INFO] [Epoch 63] train_loss=0.0000
2026-04-14 01:52:33,973 [INFO] [Epoch 63] val_loss=0.0000
2026-04-14 01:52:33,978 [INFO] Epoch 63 | train=0.0000 | val=0.0000
2026-04-14 01:52:34,020 [INFO] Saved checkpoint (val=0.0000)
2026-04-14 01:52:40,653 [INFO] [Epoch 64] train_loss=0.0000
2026-04-14 01:52:41,038 [INFO] [Epoch 64] val_loss=0.0000
2026-04-14 01:52:41,043 [INFO] Epoch 64 | train=0.0000 | val=0.0000
2026-04-14 01:52:41,086 [INFO] Saved checkpoint (val=0.0000)
2026-04-14 01:52:47,704 [INFO] [Epoch 65] train_loss=0.0000
2026-04-14 01:52:48,098 [INFO] [Epoch 65] val_loss=0.0000
2026-04-14 01:52:48,103 [INFO] Epoch 65 | train=0.0000 | val=0.0000
2026-04-14 01:52:48,143 [INFO] Saved checkpoint (val=0.0000)
2026-04-14 01:52:54,882 [INFO] [Epoch 66] train_loss=0.0000
2026-04-14 01:52:55,267 [INFO] [Epoch 66] val_loss=0.0000
2026-04-14 01:52:55,272 [INFO] Epoch 66 | train=0.0000 | val=0.0000
2026-04-14 01:52:55,313 [INFO] Saved checkpoint (val=0.0000)
2026-04-14 01:53:02,473 [INFO] [Epoch 67] train_loss=0.0000
2026-04-14 01:53:02,869 [INFO] [Epoch 67] val_loss=0.0000
2026-04-14 01:53:02,875 [INFO] Epoch 67 | train=0.0000 | val=0.0000
2026-04-14 01:53:02,919 [INFO] Saved checkpoint (val=0.0000)
2026-04-14 01:53:10,066 [INFO] [Epoch 68] train_loss=0.0000
2026-04-14 01:53:10,455 [INFO] [Epoch 68] val_loss=0.0000
2026-04-14 01:53:10,460 [INFO] Epoch 68 | train=0.0000 | val=0.0000
2026-04-14 01:53:10,502 [INFO] Saved checkpoint (val=0.0000)
2026-04-14 01:53:17,125 [INFO] [Epoch 69] train_loss=0.0000
2026-04-14 01:53:17,518 [INFO] [Epoch 69] val_loss=0.0000
2026-04-14 01:53:17,523 [INFO] Epoch 69 | train=0.0000 | val=0.0000
2026-04-14 01:53:17,566 [INFO] Saved checkpoint (val=0.0000)
2026-04-14 01:53:24,249 [INFO] [Epoch 70] train_loss=0.0000
2026-04-14 01:53:24,646 [INFO] [Epoch 70] val_loss=0.0000
2026-04-14 01:53:24,651 [INFO] Epoch 70 | train=0.0000 | val=0.0000
2026-04-14 01:53:24,692 [INFO] Saved checkpoint (val=0.0000)
2026-04-14 01:53:31,416 [INFO] [Epoch 71] train_loss=0.0000
2026-04-14 01:53:31,806 [INFO] [Epoch 71] val_loss=0.0000
2026-04-14 01:53:31,811 [INFO] Epoch 71 | train=0.0000 | val=0.0000
2026-04-14 01:53:31,854 [INFO] Saved checkpoint (val=0.0000)
2026-04-14 01:53:38,510 [INFO] [Epoch 72] train_loss=0.0000
2026-04-14 01:53:38,903 [INFO] [Epoch 72] val_loss=0.0000
2026-04-14 01:53:38,907 [INFO] Epoch 72 | train=0.0000 | val=0.0000
2026-04-14 01:53:38,950 [INFO] Saved checkpoint (val=0.0000)
2026-04-14 01:53:45,851 [INFO] [Epoch 73] train_loss=0.0000
2026-04-14 01:53:46,243 [INFO] [Epoch 73] val_loss=0.0000
2026-04-14 01:53:46,248 [INFO] Epoch 73 | train=0.0000 | val=0.0000
2026-04-14 01:53:46,290 [INFO] Saved checkpoint (val=0.0000)
2026-04-14 01:53:52,960 [INFO] [Epoch 74] train_loss=0.0000
2026-04-14 01:53:53,351 [INFO] [Epoch 74] val_loss=0.0000
2026-04-14 01:53:53,355 [INFO] Epoch 74 | train=0.0000 | val=0.0000
2026-04-14 01:53:53,381 [INFO] Saved checkpoint (val=0.0000)
2026-04-14 01:54:00,503 [INFO] [Epoch 75] train_loss=0.0000
2026-04-14 01:54:00,895 [INFO] [Epoch 75] val_loss=0.0000
2026-04-14 01:54:00,900 [INFO] Epoch 75 | train=0.0000 | val=0.0000
2026-04-14 01:54:00,941 [INFO] Saved checkpoint (val=0.0000)
2026-04-14 01:54:07,740 [INFO] [Epoch 76] train_loss=0.0000
2026-04-14 01:54:08,133 [INFO] [Epoch 76] val_loss=0.0000
2026-04-14 01:54:08,139 [INFO] Epoch 76 | train=0.0000 | val=0.0000
2026-04-14 01:54:08,181 [INFO] Saved checkpoint (val=0.0000)
2026-04-14 01:54:14,824 [INFO] [Epoch 77] train_loss=0.0000
2026-04-14 01:54:15,217 [INFO] [Epoch 77] val_loss=0.0000
2026-04-14 01:54:15,221 [INFO] Epoch 77 | train=0.0000 | val=0.0000
2026-04-14 01:54:15,264 [INFO] Saved checkpoint (val=0.0000)
2026-04-14 01:54:21,966 [INFO] [Epoch 78] train_loss=0.0000
2026-04-14 01:54:22,361 [INFO] [Epoch 78] val_loss=0.0000
2026-04-14 01:54:22,365 [INFO] Epoch 78 | train=0.0000 | val=0.0000
2026-04-14 01:54:22,407 [INFO] Saved checkpoint (val=0.0000)
2026-04-14 01:54:29,046 [INFO] [Epoch 79] train_loss=0.0000
2026-04-14 01:54:29,436 [INFO] [Epoch 79] val_loss=0.0000
2026-04-14 01:54:29,441 [INFO] Epoch 79 | train=0.0000 | val=0.0000
2026-04-14 01:54:29,474 [INFO] Saved checkpoint (val=0.0000)
2026-04-14 01:54:36,095 [INFO] [Epoch 80] train_loss=0.0000
2026-04-14 01:54:36,489 [INFO] [Epoch 80] val_loss=0.0000
2026-04-14 01:54:36,494 [INFO] Epoch 80 | train=0.0000 | val=0.0000
2026-04-14 01:54:36,535 [INFO] Saved checkpoint (val=0.0000)
2026-04-14 01:54:43,275 [INFO] [Epoch 81] train_loss=0.0000
2026-04-14 01:54:43,664 [INFO] [Epoch 81] val_loss=0.0000
2026-04-14 01:54:43,669 [INFO] Epoch 81 | train=0.0000 | val=0.0000
2026-04-14 01:54:43,710 [INFO] Saved checkpoint (val=0.0000)
2026-04-14 01:54:50,393 [INFO] [Epoch 82] train_loss=0.0000
2026-04-14 01:54:50,781 [INFO] [Epoch 82] val_loss=0.0000
2026-04-14 01:54:50,786 [INFO] Epoch 82 | train=0.0000 | val=0.0000
2026-04-14 01:54:50,829 [INFO] Saved checkpoint (val=0.0000)
2026-04-14 01:54:57,573 [INFO] [Epoch 83] train_loss=0.0000
2026-04-14 01:54:57,971 [INFO] [Epoch 83] val_loss=0.0000
2026-04-14 01:54:57,976 [INFO] Epoch 83 | train=0.0000 | val=0.0000
2026-04-14 01:54:58,018 [INFO] Saved checkpoint (val=0.0000)
2026-04-14 01:55:04,642 [INFO] [Epoch 84] train_loss=0.0000
2026-04-14 01:55:05,034 [INFO] [Epoch 84] val_loss=0.0000
2026-04-14 01:55:05,039 [INFO] Epoch 84 | train=0.0000 | val=0.0000
2026-04-14 01:55:05,080 [INFO] Saved checkpoint (val=0.0000)
2026-04-14 01:55:11,701 [INFO] [Epoch 85] train_loss=0.0000
2026-04-14 01:55:12,096 [INFO] [Epoch 85] val_loss=0.0000
2026-04-14 01:55:12,101 [INFO] Epoch 85 | train=0.0000 | val=0.0000
2026-04-14 01:55:12,143 [INFO] Saved checkpoint (val=0.0000)
2026-04-14 01:55:18,788 [INFO] [Epoch 86] train_loss=0.0000
2026-04-14 01:55:19,170 [INFO] [Epoch 86] val_loss=0.0000
2026-04-14 01:55:19,175 [INFO] Epoch 86 | train=0.0000 | val=0.0000
2026-04-14 01:55:19,201 [INFO] Saved checkpoint (val=0.0000)
2026-04-14 01:55:25,810 [INFO] [Epoch 87] train_loss=0.0000
2026-04-14 01:55:26,202 [INFO] [Epoch 87] val_loss=0.0000
2026-04-14 01:55:26,207 [INFO] Epoch 87 | train=0.0000 | val=0.0000
2026-04-14 01:55:26,250 [INFO] Saved checkpoint (val=0.0000)
2026-04-14 01:55:32,932 [INFO] [Epoch 88] train_loss=0.0000
2026-04-14 01:55:33,325 [INFO] [Epoch 88] val_loss=0.0000
2026-04-14 01:55:33,330 [INFO] Epoch 88 | train=0.0000 | val=0.0000
2026-04-14 01:55:33,356 [INFO] Saved checkpoint (val=0.0000)
2026-04-14 01:55:39,997 [INFO] [Epoch 89] train_loss=0.0000
2026-04-14 01:55:40,394 [INFO] [Epoch 89] val_loss=0.0000
2026-04-14 01:55:40,399 [INFO] Epoch 89 | train=0.0000 | val=0.0000
2026-04-14 01:55:40,440 [INFO] Saved checkpoint (val=0.0000)
2026-04-14 01:55:47,083 [INFO] [Epoch 90] train_loss=0.0000
2026-04-14 01:55:47,476 [INFO] [Epoch 90] val_loss=0.0000
2026-04-14 01:55:47,482 [INFO] Epoch 90 | train=0.0000 | val=0.0000
2026-04-14 01:55:47,522 [INFO] Saved checkpoint (val=0.0000)
2026-04-14 01:55:54,152 [INFO] [Epoch 91] train_loss=0.0000
2026-04-14 01:55:54,526 [INFO] [Epoch 91] val_loss=0.0000
2026-04-14 01:55:54,532 [INFO] Epoch 91 | train=0.0000 | val=0.0000
2026-04-14 01:55:54,573 [INFO] Saved checkpoint (val=0.0000)
2026-04-14 01:56:01,303 [INFO] [Epoch 92] train_loss=0.0000
2026-04-14 01:56:01,695 [INFO] [Epoch 92] val_loss=0.0000
2026-04-14 01:56:01,699 [INFO] Epoch 92 | train=0.0000 | val=0.0000
2026-04-14 01:56:01,741 [INFO] Saved checkpoint (val=0.0000)
2026-04-14 01:56:08,516 [INFO] [Epoch 93] train_loss=0.0000
2026-04-14 01:56:08,915 [INFO] [Epoch 93] val_loss=0.0000
2026-04-14 01:56:08,920 [INFO] Epoch 93 | train=0.0000 | val=0.0000
2026-04-14 01:56:08,964 [INFO] Saved checkpoint (val=0.0000)
2026-04-14 01:56:15,601 [INFO] [Epoch 94] train_loss=0.0000
2026-04-14 01:56:15,996 [INFO] [Epoch 94] val_loss=0.0000
2026-04-14 01:56:16,000 [INFO] Epoch 94 | train=0.0000 | val=0.0000
2026-04-14 01:56:16,042 [INFO] Saved checkpoint (val=0.0000)
2026-04-14 01:56:22,734 [INFO] [Epoch 95] train_loss=0.0000
2026-04-14 01:56:23,134 [INFO] [Epoch 95] val_loss=0.0000
2026-04-14 01:56:23,139 [INFO] Epoch 95 | train=0.0000 | val=0.0000
2026-04-14 01:56:23,180 [INFO] Saved checkpoint (val=0.0000)
2026-04-14 01:56:30,292 [INFO] [Epoch 96] train_loss=0.0000
2026-04-14 01:56:30,686 [INFO] [Epoch 96] val_loss=0.0000
2026-04-14 01:56:30,691 [INFO] Epoch 96 | train=0.0000 | val=0.0000
2026-04-14 01:56:30,734 [INFO] Saved checkpoint (val=0.0000)
2026-04-14 01:56:37,882 [INFO] [Epoch 97] train_loss=0.0000
2026-04-14 01:56:38,276 [INFO] [Epoch 97] val_loss=0.0000
2026-04-14 01:56:38,281 [INFO] Epoch 97 | train=0.0000 | val=0.0000
2026-04-14 01:56:38,324 [INFO] Saved checkpoint (val=0.0000)
2026-04-14 01:56:45,428 [INFO] [Epoch 98] train_loss=0.0000
2026-04-14 01:56:45,817 [INFO] [Epoch 98] val_loss=0.0000
2026-04-14 01:56:45,823 [INFO] Epoch 98 | train=0.0000 | val=0.0000
2026-04-14 01:56:45,865 [INFO] Saved checkpoint (val=0.0000)
2026-04-14 01:56:52,526 [INFO] [Epoch 99] train_loss=0.0000
2026-04-14 01:56:52,919 [INFO] [Epoch 99] val_loss=0.0000
2026-04-14 01:56:52,923 [INFO] Epoch 99 | train=0.0000 | val=0.0000
2026-04-14 01:56:52,965 [INFO] Saved checkpoint (val=0.0000)
2026-04-14 01:56:59,831 [INFO] [Epoch 100] train_loss=0.0000
2026-04-14 01:57:00,225 [INFO] [Epoch 100] val_loss=0.0000
2026-04-14 01:57:00,229 [INFO] Epoch 100 | train=0.0000 | val=0.0000
2026-04-14 01:57:00,271 [INFO] Saved checkpoint (val=0.0000)
2026-04-14 01:57:06,996 [INFO] [Epoch 101] train_loss=0.0000
2026-04-14 01:57:07,391 [INFO] [Epoch 101] val_loss=0.0000
2026-04-14 01:57:07,395 [INFO] Epoch 101 | train=0.0000 | val=0.0000
2026-04-14 01:57:07,438 [INFO] Saved checkpoint (val=0.0000)
2026-04-14 01:57:14,115 [INFO] [Epoch 102] train_loss=0.0000
2026-04-14 01:57:14,509 [INFO] [Epoch 102] val_loss=0.0000
2026-04-14 01:57:14,513 [INFO] Epoch 102 | train=0.0000 | val=0.0000
2026-04-14 01:57:14,555 [INFO] Saved checkpoint (val=0.0000)
2026-04-14 01:57:21,200 [INFO] [Epoch 103] train_loss=0.0000
2026-04-14 01:57:21,594 [INFO] [Epoch 103] val_loss=0.0000
2026-04-14 01:57:21,598 [INFO] Epoch 103 | train=0.0000 | val=0.0000
2026-04-14 01:57:21,640 [INFO] Saved checkpoint (val=0.0000)
2026-04-14 01:57:28,416 [INFO] [Epoch 104] train_loss=0.0000
2026-04-14 01:57:28,803 [INFO] [Epoch 104] val_loss=0.0000
2026-04-14 01:57:28,808 [INFO] Epoch 104 | train=0.0000 | val=0.0000
2026-04-14 01:57:28,850 [INFO] Saved checkpoint (val=0.0000)
2026-04-14 01:57:35,473 [INFO] [Epoch 105] train_loss=0.0000
2026-04-14 01:57:35,856 [INFO] [Epoch 105] val_loss=0.0000
2026-04-14 01:57:35,861 [INFO] Epoch 105 | train=0.0000 | val=0.0000
2026-04-14 01:57:35,903 [INFO] Saved checkpoint (val=0.0000)
2026-04-14 01:57:42,698 [INFO] [Epoch 106] train_loss=0.0000
2026-04-14 01:57:43,094 [INFO] [Epoch 106] val_loss=0.0000
2026-04-14 01:57:43,098 [INFO] Epoch 106 | train=0.0000 | val=0.0000
2026-04-14 01:57:43,140 [INFO] Saved checkpoint (val=0.0000)
2026-04-14 01:57:50,053 [INFO] [Epoch 107] train_loss=0.0000
2026-04-14 01:57:50,445 [INFO] [Epoch 107] val_loss=0.0000
2026-04-14 01:57:50,450 [INFO] Epoch 107 | train=0.0000 | val=0.0000
2026-04-14 01:57:50,492 [INFO] Saved checkpoint (val=0.0000)
2026-04-14 01:57:57,397 [INFO] [Epoch 108] train_loss=0.0000
2026-04-14 01:57:57,791 [INFO] [Epoch 108] val_loss=0.0000
2026-04-14 01:57:57,796 [INFO] Epoch 108 | train=0.0000 | val=0.0000
2026-04-14 01:57:57,838 [INFO] Saved checkpoint (val=0.0000)
2026-04-14 01:58:04,460 [INFO] [Epoch 109] train_loss=0.0000
2026-04-14 01:58:04,844 [INFO] [Epoch 109] val_loss=0.0000
2026-04-14 01:58:04,849 [INFO] Epoch 109 | train=0.0000 | val=0.0000
2026-04-14 01:58:04,890 [INFO] Saved checkpoint (val=0.0000)
2026-04-14 01:58:11,576 [INFO] [Epoch 110] train_loss=0.0000
2026-04-14 01:58:11,973 [INFO] [Epoch 110] val_loss=0.0000
2026-04-14 01:58:11,977 [INFO] Epoch 110 | train=0.0000 | val=0.0000
2026-04-14 01:58:12,019 [INFO] Saved checkpoint (val=0.0000)
2026-04-14 01:58:18,719 [INFO] [Epoch 111] train_loss=0.0000
2026-04-14 01:58:19,120 [INFO] [Epoch 111] val_loss=0.0000
2026-04-14 01:58:19,125 [INFO] Epoch 111 | train=0.0000 | val=0.0000
2026-04-14 01:58:19,153 [INFO] Saved checkpoint (val=0.0000)
2026-04-14 01:58:25,871 [INFO] [Epoch 112] train_loss=0.0000
2026-04-14 01:58:26,264 [INFO] [Epoch 112] val_loss=0.0000
2026-04-14 01:58:26,269 [INFO] Epoch 112 | train=0.0000 | val=0.0000
2026-04-14 01:58:26,311 [INFO] Saved checkpoint (val=0.0000)
2026-04-14 01:58:33,083 [INFO] [Epoch 113] train_loss=0.0000
2026-04-14 01:58:33,480 [INFO] [Epoch 113] val_loss=0.0000
2026-04-14 01:58:33,486 [INFO] Epoch 113 | train=0.0000 | val=0.0000
2026-04-14 01:58:33,514 [INFO] Saved checkpoint (val=0.0000)
2026-04-14 01:58:40,125 [INFO] [Epoch 114] train_loss=0.0000
2026-04-14 01:58:40,521 [INFO] [Epoch 114] val_loss=0.0000
2026-04-14 01:58:40,525 [INFO] Epoch 114 | train=0.0000 | val=0.0000
2026-04-14 01:58:40,566 [INFO] Saved checkpoint (val=0.0000)
2026-04-14 01:58:47,207 [INFO] [Epoch 115] train_loss=0.0000
2026-04-14 01:58:47,593 [INFO] [Epoch 115] val_loss=0.0000
2026-04-14 01:58:47,597 [INFO] Epoch 115 | train=0.0000 | val=0.0000
2026-04-14 01:58:47,639 [INFO] Saved checkpoint (val=0.0000)
2026-04-14 01:58:54,664 [INFO] [Epoch 116] train_loss=0.0000
2026-04-14 01:58:55,060 [INFO] [Epoch 116] val_loss=0.0000
2026-04-14 01:58:55,065 [INFO] Epoch 116 | train=0.0000 | val=0.0000
2026-04-14 01:58:55,107 [INFO] Saved checkpoint (val=0.0000)
2026-04-14 01:59:01,761 [INFO] [Epoch 117] train_loss=0.0000
2026-04-14 01:59:02,157 [INFO] [Epoch 117] val_loss=0.0000
2026-04-14 01:59:02,162 [INFO] Epoch 117 | train=0.0000 | val=0.0000
2026-04-14 01:59:02,204 [INFO] Saved checkpoint (val=0.0000)
2026-04-14 01:59:08,905 [INFO] [Epoch 118] train_loss=0.0000
2026-04-14 01:59:09,296 [INFO] [Epoch 118] val_loss=0.0000
2026-04-14 01:59:09,302 [INFO] Epoch 118 | train=0.0000 | val=0.0000
2026-04-14 01:59:09,342 [INFO] Saved checkpoint (val=0.0000)
2026-04-14 01:59:16,012 [INFO] [Epoch 119] train_loss=0.0000
2026-04-14 01:59:16,408 [INFO] [Epoch 119] val_loss=0.0000
2026-04-14 01:59:16,412 [INFO] Epoch 119 | train=0.0000 | val=0.0000
2026-04-14 01:59:16,452 [INFO] Saved checkpoint (val=0.0000)
2026-04-14 01:59:23,196 [INFO] [Epoch 120] train_loss=0.0000
2026-04-14 01:59:23,591 [INFO] [Epoch 120] val_loss=0.0000
2026-04-14 01:59:23,595 [INFO] Epoch 120 | train=0.0000 | val=0.0000
2026-04-14 01:59:23,622 [INFO] Saved checkpoint (val=0.0000)
2026-04-14 01:59:30,224 [INFO] [Epoch 121] train_loss=0.0000
2026-04-14 01:59:30,609 [INFO] [Epoch 121] val_loss=0.0000
2026-04-14 01:59:30,614 [INFO] Epoch 121 | train=0.0000 | val=0.0000
2026-04-14 01:59:30,656 [INFO] Saved checkpoint (val=0.0000)
2026-04-14 01:59:37,814 [INFO] [Epoch 122] train_loss=0.0000
2026-04-14 01:59:38,210 [INFO] [Epoch 122] val_loss=0.0000
2026-04-14 01:59:38,214 [INFO] Epoch 122 | train=0.0000 | val=0.0000
2026-04-14 01:59:38,254 [INFO] Saved checkpoint (val=0.0000)
2026-04-14 01:59:44,913 [INFO] [Epoch 123] train_loss=0.0000
2026-04-14 01:59:45,303 [INFO] [Epoch 123] val_loss=0.0000
2026-04-14 01:59:45,307 [INFO] Epoch 123 | train=0.0000 | val=0.0000
2026-04-14 01:59:45,351 [INFO] Saved checkpoint (val=0.0000)
2026-04-14 01:59:51,991 [INFO] [Epoch 124] train_loss=0.0000
2026-04-14 01:59:52,373 [INFO] [Epoch 124] val_loss=0.0000
2026-04-14 01:59:52,377 [INFO] Epoch 124 | train=0.0000 | val=0.0000
2026-04-14 01:59:52,420 [INFO] Saved checkpoint (val=0.0000)
2026-04-14 01:59:59,098 [INFO] [Epoch 125] train_loss=0.0000
2026-04-14 01:59:59,480 [INFO] [Epoch 125] val_loss=0.0000
2026-04-14 01:59:59,484 [INFO] Epoch 125 | train=0.0000 | val=0.0000
2026-04-14 01:59:59,528 [INFO] Saved checkpoint (val=0.0000)
2026-04-14 02:00:06,193 [INFO] [Epoch 126] train_loss=0.0000
2026-04-14 02:00:06,586 [INFO] [Epoch 126] val_loss=0.0000
2026-04-14 02:00:06,591 [INFO] Epoch 126 | train=0.0000 | val=0.0000
2026-04-14 02:00:06,634 [INFO] Saved checkpoint (val=0.0000)
2026-04-14 02:00:13,687 [INFO] [Epoch 127] train_loss=0.0000
2026-04-14 02:00:14,079 [INFO] [Epoch 127] val_loss=0.0000
2026-04-14 02:00:14,083 [INFO] Epoch 127 | train=0.0000 | val=0.0000
2026-04-14 02:00:14,124 [INFO] Saved checkpoint (val=0.0000)
2026-04-14 02:00:20,739 [INFO] [Epoch 128] train_loss=0.0000
2026-04-14 02:00:21,126 [INFO] [Epoch 128] val_loss=0.0000
2026-04-14 02:00:21,131 [INFO] Epoch 128 | train=0.0000 | val=0.0000
2026-04-14 02:00:21,172 [INFO] Saved checkpoint (val=0.0000)
2026-04-14 02:00:27,907 [INFO] [Epoch 129] train_loss=0.0000
2026-04-14 02:00:28,302 [INFO] [Epoch 129] val_loss=0.0000
2026-04-14 02:00:28,307 [INFO] Epoch 129 | train=0.0000 | val=0.0000
2026-04-14 02:00:28,348 [INFO] Saved checkpoint (val=0.0000)
2026-04-14 02:00:35,085 [INFO] [Epoch 130] train_loss=0.0000
2026-04-14 02:00:35,477 [INFO] [Epoch 130] val_loss=0.0000
2026-04-14 02:00:35,482 [INFO] Epoch 130 | train=0.0000 | val=0.0000
2026-04-14 02:00:35,508 [INFO] Saved checkpoint (val=0.0000)
2026-04-14 02:00:42,124 [INFO] [Epoch 131] train_loss=0.0000
2026-04-14 02:00:42,520 [INFO] [Epoch 131] val_loss=0.0000
2026-04-14 02:00:42,525 [INFO] Epoch 131 | train=0.0000 | val=0.0000
2026-04-14 02:00:42,568 [INFO] Saved checkpoint (val=0.0000)
2026-04-14 02:00:49,292 [INFO] [Epoch 132] train_loss=0.0000
2026-04-14 02:00:49,679 [INFO] [Epoch 132] val_loss=0.0000
2026-04-14 02:00:49,683 [INFO] Epoch 132 | train=0.0000 | val=0.0000
2026-04-14 02:00:49,723 [INFO] Saved checkpoint (val=0.0000)
2026-04-14 02:00:56,703 [INFO] [Epoch 133] train_loss=0.0000
2026-04-14 02:00:57,096 [INFO] [Epoch 133] val_loss=0.0000
2026-04-14 02:00:57,100 [INFO] Epoch 133 | train=0.0000 | val=0.0000
2026-04-14 02:00:57,141 [INFO] Saved checkpoint (val=0.0000)
2026-04-14 02:01:03,929 [INFO] [Epoch 134] train_loss=0.0000
2026-04-14 02:01:04,315 [INFO] [Epoch 134] val_loss=0.0000
2026-04-14 02:01:04,320 [INFO] Epoch 134 | train=0.0000 | val=0.0000
2026-04-14 02:01:04,362 [INFO] Saved checkpoint (val=0.0000)
2026-04-14 02:01:10,997 [INFO] [Epoch 135] train_loss=0.0000
2026-04-14 02:01:11,394 [INFO] [Epoch 135] val_loss=0.0000
2026-04-14 02:01:11,399 [INFO] Epoch 135 | train=0.0000 | val=0.0000
2026-04-14 02:01:11,441 [INFO] Saved checkpoint (val=0.0000)
2026-04-14 02:01:18,118 [INFO] [Epoch 136] train_loss=0.0000
2026-04-14 02:01:18,516 [INFO] [Epoch 136] val_loss=0.0000
2026-04-14 02:01:18,521 [INFO] Epoch 136 | train=0.0000 | val=0.0000
2026-04-14 02:01:18,549 [INFO] Saved checkpoint (val=0.0000)
2026-04-14 02:01:25,203 [INFO] [Epoch 137] train_loss=0.0000
2026-04-14 02:01:25,598 [INFO] [Epoch 137] val_loss=0.0000
2026-04-14 02:01:25,603 [INFO] Epoch 137 | train=0.0000 | val=0.0000
2026-04-14 02:01:25,646 [INFO] Saved checkpoint (val=0.0000)
2026-04-14 02:01:32,253 [INFO] [Epoch 138] train_loss=0.0000
2026-04-14 02:01:32,652 [INFO] [Epoch 138] val_loss=0.0000
2026-04-14 02:01:32,656 [INFO] Epoch 138 | train=0.0000 | val=0.0000
2026-04-14 02:01:32,699 [INFO] Saved checkpoint (val=0.0000)
2026-04-14 02:01:39,556 [INFO] [Epoch 139] train_loss=0.0000
2026-04-14 02:01:39,947 [INFO] [Epoch 139] val_loss=0.0000
2026-04-14 02:01:39,952 [INFO] Epoch 139 | train=0.0000 | val=0.0000
2026-04-14 02:01:39,994 [INFO] Saved checkpoint (val=0.0000)
2026-04-14 02:01:46,669 [INFO] [Epoch 140] train_loss=0.0000
2026-04-14 02:01:47,063 [INFO] [Epoch 140] val_loss=0.0000
2026-04-14 02:01:47,068 [INFO] Epoch 140 | train=0.0000 | val=0.0000
2026-04-14 02:01:47,109 [INFO] Saved checkpoint (val=0.0000)
2026-04-14 02:01:53,755 [INFO] [Epoch 141] train_loss=0.0000
2026-04-14 02:01:54,148 [INFO] [Epoch 141] val_loss=0.0000
2026-04-14 02:01:54,152 [INFO] Epoch 141 | train=0.0000 | val=0.0000
2026-04-14 02:01:54,193 [INFO] Saved checkpoint (val=0.0000)
2026-04-14 02:02:00,858 [INFO] [Epoch 142] train_loss=0.0000
2026-04-14 02:02:01,253 [INFO] [Epoch 142] val_loss=0.0000
2026-04-14 02:02:01,258 [INFO] Epoch 142 | train=0.0000 | val=0.0000
2026-04-14 02:02:01,299 [INFO] Saved checkpoint (val=0.0000)
2026-04-14 02:02:08,003 [INFO] [Epoch 143] train_loss=0.0000
2026-04-14 02:02:08,394 [INFO] [Epoch 143] val_loss=0.0000
2026-04-14 02:02:08,399 [INFO] Epoch 143 | train=0.0000 | val=0.0000
2026-04-14 02:02:08,443 [INFO] Saved checkpoint (val=0.0000)
2026-04-14 02:02:15,086 [INFO] [Epoch 144] train_loss=0.0000
2026-04-14 02:02:15,481 [INFO] [Epoch 144] val_loss=0.0000
2026-04-14 02:02:15,486 [INFO] Epoch 144 | train=0.0000 | val=0.0000
2026-04-14 02:02:15,528 [INFO] Saved checkpoint (val=0.0000)
2026-04-14 02:02:22,487 [INFO] [Epoch 145] train_loss=0.0000
2026-04-14 02:02:22,927 [INFO] [Epoch 145] val_loss=0.0000
2026-04-14 02:02:22,931 [INFO] Epoch 145 | train=0.0000 | val=0.0000
2026-04-14 02:02:22,973 [INFO] Saved checkpoint (val=0.0000)
2026-04-14 02:02:29,587 [INFO] [Epoch 146] train_loss=0.0000
2026-04-14 02:02:29,969 [INFO] [Epoch 146] val_loss=0.0000
2026-04-14 02:02:29,973 [INFO] Epoch 146 | train=0.0000 | val=0.0000
2026-04-14 02:02:30,016 [INFO] Saved checkpoint (val=0.0000)
2026-04-14 02:02:36,688 [INFO] [Epoch 147] train_loss=0.0000
2026-04-14 02:02:37,077 [INFO] [Epoch 147] val_loss=0.0000
2026-04-14 02:02:37,081 [INFO] Epoch 147 | train=0.0000 | val=0.0000
2026-04-14 02:02:37,123 [INFO] Saved checkpoint (val=0.0000)
2026-04-14 02:02:43,807 [INFO] [Epoch 148] train_loss=0.0000
2026-04-14 02:02:44,200 [INFO] [Epoch 148] val_loss=0.0000
2026-04-14 02:02:44,206 [INFO] Epoch 148 | train=0.0000 | val=0.0000
2026-04-14 02:02:44,250 [INFO] Saved checkpoint (val=0.0000)
2026-04-14 02:02:51,023 [INFO] [Epoch 149] train_loss=0.0000
2026-04-14 02:02:51,406 [INFO] [Epoch 149] val_loss=0.0000
2026-04-14 02:02:51,410 [INFO] Epoch 149 | train=0.0000 | val=0.0000
2026-04-14 02:02:51,451 [INFO] Saved checkpoint (val=0.0000)
2026-04-14 02:02:58,102 [INFO] [Epoch 150] train_loss=0.0000
2026-04-14 02:02:58,493 [INFO] [Epoch 150] val_loss=0.0000
2026-04-14 02:02:58,498 [INFO] Epoch 150 | train=0.0000 | val=0.0000
2026-04-14 02:02:58,526 [INFO] Saved checkpoint (val=0.0000)
2026-04-14 02:03:05,124 [INFO] [Epoch 151] train_loss=0.0000
2026-04-14 02:03:05,506 [INFO] [Epoch 151] val_loss=0.0000
2026-04-14 02:03:05,510 [INFO] Epoch 151 | train=0.0000 | val=0.0000
2026-04-14 02:03:05,552 [INFO] Saved checkpoint (val=0.0000)
2026-04-14 02:03:12,166 [INFO] [Epoch 152] train_loss=0.0000
2026-04-14 02:03:12,562 [INFO] [Epoch 152] val_loss=0.0000
2026-04-14 02:03:12,567 [INFO] Epoch 152 | train=0.0000 | val=0.0000
2026-04-14 02:03:12,607 [INFO] Saved checkpoint (val=0.0000)
2026-04-14 02:03:19,321 [INFO] [Epoch 153] train_loss=0.0000
2026-04-14 02:03:19,719 [INFO] [Epoch 153] val_loss=0.0000
2026-04-14 02:03:19,725 [INFO] Epoch 153 | train=0.0000 | val=0.0000
2026-04-14 02:03:19,752 [INFO] Saved checkpoint (val=0.0000)
2026-04-14 02:03:26,405 [INFO] [Epoch 154] train_loss=0.0000
2026-04-14 02:03:26,785 [INFO] [Epoch 154] val_loss=0.0000
2026-04-14 02:03:26,790 [INFO] Epoch 154 | train=0.0000 | val=0.0000
2026-04-14 02:03:26,832 [INFO] Saved checkpoint (val=0.0000)
2026-04-14 02:03:33,492 [INFO] [Epoch 155] train_loss=0.0000
2026-04-14 02:03:33,890 [INFO] [Epoch 155] val_loss=0.0000
2026-04-14 02:03:33,895 [INFO] Epoch 155 | train=0.0000 | val=0.0000
2026-04-14 02:03:33,922 [INFO] Saved checkpoint (val=0.0000)
2026-04-14 02:03:40,557 [INFO] [Epoch 156] train_loss=0.0000
2026-04-14 02:03:40,952 [INFO] [Epoch 156] val_loss=0.0000
2026-04-14 02:03:40,957 [INFO] Epoch 156 | train=0.0000 | val=0.0000
2026-04-14 02:03:40,999 [INFO] Saved checkpoint (val=0.0000)
2026-04-14 02:03:47,636 [INFO] [Epoch 157] train_loss=0.0000
2026-04-14 02:03:48,031 [INFO] [Epoch 157] val_loss=0.0000
2026-04-14 02:03:48,035 [INFO] Epoch 157 | train=0.0000 | val=0.0000
2026-04-14 02:03:48,077 [INFO] Saved checkpoint (val=0.0000)
2026-04-14 02:03:55,226 [INFO] [Epoch 158] train_loss=0.0000
2026-04-14 02:03:55,628 [INFO] [Epoch 158] val_loss=0.0000
2026-04-14 02:03:55,633 [INFO] Epoch 158 | train=0.0000 | val=0.0000
2026-04-14 02:03:55,675 [INFO] Saved checkpoint (val=0.0000)
2026-04-14 02:04:02,259 [INFO] [Epoch 159] train_loss=0.0000
2026-04-14 02:04:02,649 [INFO] [Epoch 159] val_loss=0.0000
2026-04-14 02:04:02,653 [INFO] Epoch 159 | train=0.0000 | val=0.0000
2026-04-14 02:04:02,695 [INFO] Saved checkpoint (val=0.0000)
2026-04-14 02:04:09,381 [INFO] [Epoch 160] train_loss=0.0000
2026-04-14 02:04:09,774 [INFO] [Epoch 160] val_loss=0.0000
2026-04-14 02:04:09,778 [INFO] Epoch 160 | train=0.0000 | val=0.0000
2026-04-14 02:04:09,821 [INFO] Saved checkpoint (val=0.0000)
2026-04-14 02:04:16,450 [INFO] [Epoch 161] train_loss=0.0000
2026-04-14 02:04:16,851 [INFO] [Epoch 161] val_loss=0.0000
2026-04-14 02:04:16,856 [INFO] Epoch 161 | train=0.0000 | val=0.0000
2026-04-14 02:04:16,898 [INFO] Saved checkpoint (val=0.0000)
2026-04-14 02:04:23,646 [INFO] [Epoch 162] train_loss=0.0000
2026-04-14 02:04:24,040 [INFO] [Epoch 162] val_loss=0.0000
2026-04-14 02:04:24,045 [INFO] Epoch 162 | train=0.0000 | val=0.0000
2026-04-14 02:04:24,087 [INFO] Saved checkpoint (val=0.0000)
2026-04-14 02:04:30,769 [INFO] [Epoch 163] train_loss=0.0000
2026-04-14 02:04:31,169 [INFO] [Epoch 163] val_loss=0.0000
2026-04-14 02:04:31,173 [INFO] Epoch 163 | train=0.0000 | val=0.0000
2026-04-14 02:04:31,216 [INFO] Saved checkpoint (val=0.0000)
2026-04-14 02:04:37,877 [INFO] [Epoch 164] train_loss=0.0000
2026-04-14 02:04:38,270 [INFO] [Epoch 164] val_loss=0.0000
2026-04-14 02:04:38,275 [INFO] Epoch 164 | train=0.0000 | val=0.0000
2026-04-14 02:04:38,317 [INFO] Saved checkpoint (val=0.0000)
2026-04-14 02:04:45,011 [INFO] [Epoch 165] train_loss=0.0000
2026-04-14 02:04:45,406 [INFO] [Epoch 165] val_loss=0.0000
2026-04-14 02:04:45,411 [INFO] Epoch 165 | train=0.0000 | val=0.0000
2026-04-14 02:04:45,453 [INFO] Saved checkpoint (val=0.0000)
2026-04-14 02:04:52,160 [INFO] [Epoch 166] train_loss=0.0000
2026-04-14 02:04:52,550 [INFO] [Epoch 166] val_loss=0.0000
2026-04-14 02:04:52,555 [INFO] Epoch 166 | train=0.0000 | val=0.0000
2026-04-14 02:04:52,598 [INFO] Saved checkpoint (val=0.0000)
2026-04-14 02:04:59,261 [INFO] [Epoch 167] train_loss=0.0000
2026-04-14 02:04:59,660 [INFO] [Epoch 167] val_loss=0.0000
2026-04-14 02:04:59,666 [INFO] Epoch 167 | train=0.0000 | val=0.0000
2026-04-14 02:04:59,707 [INFO] Saved checkpoint (val=0.0000)
2026-04-14 02:05:06,365 [INFO] [Epoch 168] train_loss=0.0000
2026-04-14 02:05:06,754 [INFO] [Epoch 168] val_loss=0.0000
2026-04-14 02:05:06,760 [INFO] Epoch 168 | train=0.0000 | val=0.0000
2026-04-14 02:05:06,800 [INFO] Saved checkpoint (val=0.0000)
2026-04-14 02:05:13,449 [INFO] [Epoch 169] train_loss=0.0000
2026-04-14 02:05:13,845 [INFO] [Epoch 169] val_loss=0.0000
2026-04-14 02:05:13,850 [INFO] Epoch 169 | train=0.0000 | val=0.0000
2026-04-14 02:05:13,891 [INFO] Saved checkpoint (val=0.0000)
2026-04-14 02:05:20,735 [INFO] [Epoch 170] train_loss=0.0000
2026-04-14 02:05:21,127 [INFO] [Epoch 170] val_loss=0.0000
2026-04-14 02:05:21,132 [INFO] Epoch 170 | train=0.0000 | val=0.0000
2026-04-14 02:05:21,175 [INFO] Saved checkpoint (val=0.0000)
2026-04-14 02:05:27,805 [INFO] [Epoch 171] train_loss=0.0000
2026-04-14 02:05:28,202 [INFO] [Epoch 171] val_loss=0.0000
2026-04-14 02:05:28,207 [INFO] Epoch 171 | train=0.0000 | val=0.0000
2026-04-14 02:05:28,249 [INFO] Saved checkpoint (val=0.0000)
2026-04-14 02:05:35,078 [INFO] [Epoch 172] train_loss=0.0000
2026-04-14 02:05:35,468 [INFO] [Epoch 172] val_loss=0.0000
2026-04-14 02:05:35,472 [INFO] Epoch 172 | train=0.0000 | val=0.0000
2026-04-14 02:05:35,514 [INFO] Saved checkpoint (val=0.0000)
2026-04-14 02:05:42,366 [INFO] [Epoch 173] train_loss=0.0000
2026-04-14 02:05:42,757 [INFO] [Epoch 173] val_loss=0.0000
2026-04-14 02:05:42,762 [INFO] Epoch 173 | train=0.0000 | val=0.0000
2026-04-14 02:05:42,804 [INFO] Saved checkpoint (val=0.0000)
2026-04-14 02:05:49,506 [INFO] [Epoch 174] train_loss=0.0000
2026-04-14 02:05:49,886 [INFO] [Epoch 174] val_loss=0.0000
2026-04-14 02:05:49,891 [INFO] Epoch 174 | train=0.0000 | val=0.0000
2026-04-14 02:05:49,932 [INFO] Saved checkpoint (val=0.0000)
2026-04-14 02:05:56,709 [INFO] [Epoch 175] train_loss=0.0000
2026-04-14 02:05:57,097 [INFO] [Epoch 175] val_loss=0.0000
2026-04-14 02:05:57,102 [INFO] Epoch 175 | train=0.0000 | val=0.0000
2026-04-14 02:05:57,143 [INFO] Saved checkpoint (val=0.0000)
2026-04-14 02:06:04,032 [INFO] [Epoch 176] train_loss=0.0000
2026-04-14 02:06:04,423 [INFO] [Epoch 176] val_loss=0.0000
2026-04-14 02:06:04,428 [INFO] Epoch 176 | train=0.0000 | val=0.0000
2026-04-14 02:06:04,471 [INFO] Saved checkpoint (val=0.0000)
2026-04-14 02:06:11,126 [INFO] [Epoch 177] train_loss=0.0000
2026-04-14 02:06:11,524 [INFO] [Epoch 177] val_loss=0.0000
2026-04-14 02:06:11,529 [INFO] Epoch 177 | train=0.0000 | val=0.0000
2026-04-14 02:06:11,571 [INFO] Saved checkpoint (val=0.0000)
2026-04-14 02:06:18,209 [INFO] [Epoch 178] train_loss=0.0000
2026-04-14 02:06:18,611 [INFO] [Epoch 178] val_loss=0.0000
2026-04-14 02:06:18,616 [INFO] Epoch 178 | train=0.0000 | val=0.0000
2026-04-14 02:06:18,643 [INFO] Saved checkpoint (val=0.0000)
2026-04-14 02:06:25,297 [INFO] [Epoch 179] train_loss=0.0000
2026-04-14 02:06:25,690 [INFO] [Epoch 179] val_loss=0.0000
2026-04-14 02:06:25,692 [INFO] Epoch 179 | train=0.0000 | val=0.0000
2026-04-14 02:06:25,722 [INFO] Saved checkpoint (val=0.0000)
2026-04-14 02:06:32,350 [INFO] [Epoch 180] train_loss=0.0000
2026-04-14 02:06:32,734 [INFO] [Epoch 180] val_loss=0.0000
2026-04-14 02:06:32,739 [INFO] Epoch 180 | train=0.0000 | val=0.0000
2026-04-14 02:06:32,781 [INFO] Saved checkpoint (val=0.0000)
2026-04-14 02:06:39,438 [INFO] [Epoch 181] train_loss=0.0000
2026-04-14 02:06:39,831 [INFO] [Epoch 181] val_loss=0.0000
2026-04-14 02:06:39,836 [INFO] Epoch 181 | train=0.0000 | val=0.0000
2026-04-14 02:06:39,863 [INFO] Saved checkpoint (val=0.0000)
2026-04-14 02:06:46,739 [INFO] [Epoch 182] train_loss=0.0000
2026-04-14 02:06:47,140 [INFO] [Epoch 182] val_loss=0.0000
2026-04-14 02:06:47,144 [INFO] Epoch 182 | train=0.0000 | val=0.0000
2026-04-14 02:06:47,187 [INFO] Saved checkpoint (val=0.0000)
2026-04-14 02:06:53,814 [INFO] [Epoch 183] train_loss=0.0000
2026-04-14 02:06:54,210 [INFO] [Epoch 183] val_loss=0.0000
2026-04-14 02:06:54,215 [INFO] Epoch 183 | train=0.0000 | val=0.0000
2026-04-14 02:06:54,257 [INFO] Saved checkpoint (val=0.0000)
2026-04-14 02:07:01,021 [INFO] [Epoch 184] train_loss=0.0000
2026-04-14 02:07:01,417 [INFO] [Epoch 184] val_loss=0.0000
2026-04-14 02:07:01,422 [INFO] Epoch 184 | train=0.0000 | val=0.0000
2026-04-14 02:07:01,465 [INFO] Saved checkpoint (val=0.0000)
2026-04-14 02:07:08,386 [INFO] [Epoch 185] train_loss=0.0000
2026-04-14 02:07:08,781 [INFO] [Epoch 185] val_loss=0.0000
2026-04-14 02:07:08,785 [INFO] Epoch 185 | train=0.0000 | val=0.0000
2026-04-14 02:07:08,811 [INFO] Saved checkpoint (val=0.0000)
2026-04-14 02:07:15,422 [INFO] [Epoch 186] train_loss=0.0000
2026-04-14 02:07:15,819 [INFO] [Epoch 186] val_loss=0.0000
2026-04-14 02:07:15,824 [INFO] Epoch 186 | train=0.0000 | val=0.0000
2026-04-14 02:07:15,867 [INFO] Saved checkpoint (val=0.0000)
2026-04-14 02:07:22,616 [INFO] [Epoch 187] train_loss=0.0000
2026-04-14 02:07:23,007 [INFO] [Epoch 187] val_loss=0.0000
2026-04-14 02:07:23,012 [INFO] Epoch 187 | train=0.0000 | val=0.0000
2026-04-14 02:07:23,054 [INFO] Saved checkpoint (val=0.0000)
2026-04-14 02:07:30,064 [INFO] [Epoch 188] train_loss=0.0000
2026-04-14 02:07:30,450 [INFO] [Epoch 188] val_loss=0.0000
2026-04-14 02:07:30,455 [INFO] Epoch 188 | train=0.0000 | val=0.0000
2026-04-14 02:07:30,497 [INFO] Saved checkpoint (val=0.0000)
2026-04-14 02:07:37,141 [INFO] [Epoch 189] train_loss=0.0000
2026-04-14 02:07:37,526 [INFO] [Epoch 189] val_loss=0.0000
2026-04-14 02:07:37,531 [INFO] Epoch 189 | train=0.0000 | val=0.0000
2026-04-14 02:07:37,572 [INFO] Saved checkpoint (val=0.0000)
2026-04-14 02:07:44,298 [INFO] [Epoch 190] train_loss=0.0000
2026-04-14 02:07:44,684 [INFO] [Epoch 190] val_loss=0.0000
2026-04-14 02:07:44,688 [INFO] Epoch 190 | train=0.0000 | val=0.0000
2026-04-14 02:07:44,729 [INFO] Saved checkpoint (val=0.0000)
2026-04-14 02:07:51,341 [INFO] [Epoch 191] train_loss=0.0000
2026-04-14 02:07:51,723 [INFO] [Epoch 191] val_loss=0.0000
2026-04-14 02:07:51,728 [INFO] Epoch 191 | train=0.0000 | val=0.0000
2026-04-14 02:07:51,771 [INFO] Saved checkpoint (val=0.0000)
2026-04-14 02:07:58,549 [INFO] [Epoch 192] train_loss=0.0000
2026-04-14 02:07:58,943 [INFO] [Epoch 192] val_loss=0.0000
2026-04-14 02:07:58,948 [INFO] Epoch 192 | train=0.0000 | val=0.0000
2026-04-14 02:07:58,989 [INFO] Saved checkpoint (val=0.0000)
2026-04-14 02:08:05,616 [INFO] [Epoch 193] train_loss=0.0000
2026-04-14 02:08:06,008 [INFO] [Epoch 193] val_loss=0.0000
2026-04-14 02:08:06,013 [INFO] Epoch 193 | train=0.0000 | val=0.0000
2026-04-14 02:08:06,055 [INFO] Saved checkpoint (val=0.0000)
2026-04-14 02:08:12,722 [INFO] [Epoch 194] train_loss=0.0000
2026-04-14 02:08:13,114 [INFO] [Epoch 194] val_loss=0.0000
2026-04-14 02:08:13,119 [INFO] Epoch 194 | train=0.0000 | val=0.0000
2026-04-14 02:08:13,162 [INFO] Saved checkpoint (val=0.0000)
2026-04-14 02:08:19,765 [INFO] [Epoch 195] train_loss=0.0000
2026-04-14 02:08:20,158 [INFO] [Epoch 195] val_loss=0.0000
2026-04-14 02:08:20,164 [INFO] Epoch 195 | train=0.0000 | val=0.0000
2026-04-14 02:08:20,206 [INFO] Saved checkpoint (val=0.0000)
2026-04-14 02:08:26,849 [INFO] [Epoch 196] train_loss=0.0000
2026-04-14 02:08:27,245 [INFO] [Epoch 196] val_loss=0.0000
2026-04-14 02:08:27,250 [INFO] Epoch 196 | train=0.0000 | val=0.0000
2026-04-14 02:08:27,291 [INFO] Saved checkpoint (val=0.0000)
2026-04-14 02:08:33,901 [INFO] [Epoch 197] train_loss=0.0000
2026-04-14 02:08:34,296 [INFO] [Epoch 197] val_loss=0.0000
2026-04-14 02:08:34,302 [INFO] Epoch 197 | train=0.0000 | val=0.0000
2026-04-14 02:08:34,344 [INFO] Saved checkpoint (val=0.0000)
2026-04-14 02:08:40,959 [INFO] [Epoch 198] train_loss=0.0000
2026-04-14 02:08:41,355 [INFO] [Epoch 198] val_loss=0.0000
2026-04-14 02:08:41,360 [INFO] Epoch 198 | train=0.0000 | val=0.0000
2026-04-14 02:08:41,402 [INFO] Saved checkpoint (val=0.0000)
2026-04-14 02:08:48,424 [INFO] [Epoch 199] train_loss=0.0000
2026-04-14 02:08:48,825 [INFO] [Epoch 199] val_loss=0.0000
2026-04-14 02:08:48,830 [INFO] Epoch 199 | train=0.0000 | val=0.0000
2026-04-14 02:08:48,857 [INFO] Saved checkpoint (val=0.0000)
2026-04-14 02:08:55,535 [INFO] [Epoch 200] train_loss=0.0000
2026-04-14 02:08:55,932 [INFO] [Epoch 200] val_loss=0.0000
2026-04-14 02:08:55,937 [INFO] Epoch 200 | train=0.0000 | val=0.0000
2026-04-14 02:08:55,978 [INFO] Saved checkpoint (val=0.0000)
2026-04-14 02:09:02,635 [INFO] [Epoch 201] train_loss=0.0000
2026-04-14 02:09:03,029 [INFO] [Epoch 201] val_loss=0.0000
2026-04-14 02:09:03,034 [INFO] Epoch 201 | train=0.0000 | val=0.0000
2026-04-14 02:09:03,076 [INFO] Saved checkpoint (val=0.0000)
2026-04-14 02:09:09,666 [INFO] [Epoch 202] train_loss=0.0000
2026-04-14 02:09:10,057 [INFO] [Epoch 202] val_loss=0.0000
2026-04-14 02:09:10,063 [INFO] Epoch 202 | train=0.0000 | val=0.0000
2026-04-14 02:09:10,105 [INFO] Saved checkpoint (val=0.0000)
2026-04-14 02:09:16,763 [INFO] [Epoch 203] train_loss=0.0000
2026-04-14 02:09:17,157 [INFO] [Epoch 203] val_loss=0.0000
2026-04-14 02:09:17,162 [INFO] Epoch 203 | train=0.0000 | val=0.0000
2026-04-14 02:09:17,206 [INFO] Saved checkpoint (val=0.0000)
2026-04-14 02:09:23,938 [INFO] [Epoch 204] train_loss=0.0000
2026-04-14 02:09:24,333 [INFO] [Epoch 204] val_loss=0.0000
2026-04-14 02:09:24,337 [INFO] Epoch 204 | train=0.0000 | val=0.0000
2026-04-14 02:09:24,380 [INFO] Saved checkpoint (val=0.0000)
2026-04-14 02:09:31,568 [INFO] [Epoch 205] train_loss=0.0000
2026-04-14 02:09:31,966 [INFO] [Epoch 205] val_loss=0.0000
2026-04-14 02:09:31,971 [INFO] Epoch 205 | train=0.0000 | val=0.0000
2026-04-14 02:09:32,013 [INFO] Saved checkpoint (val=0.0000)
2026-04-14 02:09:38,683 [INFO] [Epoch 206] train_loss=0.0000
2026-04-14 02:09:39,079 [INFO] [Epoch 206] val_loss=0.0000
2026-04-14 02:09:39,083 [INFO] Epoch 206 | train=0.0000 | val=0.0000
2026-04-14 02:09:39,110 [INFO] Saved checkpoint (val=0.0000)
2026-04-14 02:09:45,705 [INFO] [Epoch 207] train_loss=0.0000
2026-04-14 02:09:46,101 [INFO] [Epoch 207] val_loss=0.0000
2026-04-14 02:09:46,106 [INFO] Epoch 207 | train=0.0000 | val=0.0000
2026-04-14 02:09:46,147 [INFO] Saved checkpoint (val=0.0000)
2026-04-14 02:09:52,776 [INFO] [Epoch 208] train_loss=0.0000
2026-04-14 02:09:53,170 [INFO] [Epoch 208] val_loss=0.0000
2026-04-14 02:09:53,175 [INFO] Epoch 208 | train=0.0000 | val=0.0000
2026-04-14 02:09:53,217 [INFO] Saved checkpoint (val=0.0000)
2026-04-14 02:09:59,856 [INFO] [Epoch 209] train_loss=0.0000
2026-04-14 02:10:00,252 [INFO] [Epoch 209] val_loss=0.0000
2026-04-14 02:10:00,256 [INFO] Epoch 209 | train=0.0000 | val=0.0000
2026-04-14 02:10:00,299 [INFO] Saved checkpoint (val=0.0000)
2026-04-14 02:10:07,038 [INFO] [Epoch 210] train_loss=0.0000
2026-04-14 02:10:07,434 [INFO] [Epoch 210] val_loss=0.0000
2026-04-14 02:10:07,439 [INFO] Epoch 210 | train=0.0000 | val=0.0000
2026-04-14 02:10:07,481 [INFO] Saved checkpoint (val=0.0000)
2026-04-14 02:10:14,369 [INFO] [Epoch 211] train_loss=0.0000
2026-04-14 02:10:14,761 [INFO] [Epoch 211] val_loss=0.0000
2026-04-14 02:10:14,766 [INFO] Epoch 211 | train=0.0000 | val=0.0000
2026-04-14 02:10:14,807 [INFO] Saved checkpoint (val=0.0000)
2026-04-14 02:10:21,442 [INFO] [Epoch 212] train_loss=0.0000
2026-04-14 02:10:21,827 [INFO] [Epoch 212] val_loss=0.0000
2026-04-14 02:10:21,832 [INFO] Epoch 212 | train=0.0000 | val=0.0000
2026-04-14 02:10:21,874 [INFO] Saved checkpoint (val=0.0000)
2026-04-14 02:10:28,522 [INFO] [Epoch 213] train_loss=0.0000
2026-04-14 02:10:28,924 [INFO] [Epoch 213] val_loss=0.0000
2026-04-14 02:10:28,929 [INFO] Epoch 213 | train=0.0000 | val=0.0000
2026-04-14 02:10:28,958 [INFO] Saved checkpoint (val=0.0000)
2026-04-14 02:10:35,661 [INFO] [Epoch 214] train_loss=0.0000
2026-04-14 02:10:36,053 [INFO] [Epoch 214] val_loss=0.0000
2026-04-14 02:10:36,057 [INFO] Epoch 214 | train=0.0000 | val=0.0000
2026-04-14 02:10:36,098 [INFO] Saved checkpoint (val=0.0000)
2026-04-14 02:10:42,798 [INFO] [Epoch 215] train_loss=0.0000
2026-04-14 02:10:43,192 [INFO] [Epoch 215] val_loss=0.0000
2026-04-14 02:10:43,197 [INFO] Epoch 215 | train=0.0000 | val=0.0000
2026-04-14 02:10:43,238 [INFO] Saved checkpoint (val=0.0000)
2026-04-14 02:10:50,157 [INFO] [Epoch 216] train_loss=0.0000
2026-04-14 02:10:50,543 [INFO] [Epoch 216] val_loss=0.0000
2026-04-14 02:10:50,548 [INFO] Epoch 216 | train=0.0000 | val=0.0000
2026-04-14 02:10:50,589 [INFO] Saved checkpoint (val=0.0000)
2026-04-14 02:10:57,574 [INFO] [Epoch 217] train_loss=0.0000
2026-04-14 02:10:57,968 [INFO] [Epoch 217] val_loss=0.0000
2026-04-14 02:10:57,972 [INFO] Epoch 217 | train=0.0000 | val=0.0000
2026-04-14 02:10:58,014 [INFO] Saved checkpoint (val=0.0000)
2026-04-14 02:11:04,720 [INFO] [Epoch 218] train_loss=0.0000
2026-04-14 02:11:05,102 [INFO] [Epoch 218] val_loss=0.0000
2026-04-14 02:11:05,107 [INFO] Epoch 218 | train=0.0000 | val=0.0000
2026-04-14 02:11:05,135 [INFO] Saved checkpoint (val=0.0000)
2026-04-14 02:11:11,725 [INFO] [Epoch 219] train_loss=0.0000
2026-04-14 02:11:12,118 [INFO] [Epoch 219] val_loss=0.0000
2026-04-14 02:11:12,123 [INFO] Epoch 219 | train=0.0000 | val=0.0000
2026-04-14 02:11:12,166 [INFO] Saved checkpoint (val=0.0000)
2026-04-14 02:11:18,775 [INFO] [Epoch 220] train_loss=0.0000
2026-04-14 02:11:19,164 [INFO] [Epoch 220] val_loss=0.0000
2026-04-14 02:11:19,168 [INFO] Epoch 220 | train=0.0000 | val=0.0000
2026-04-14 02:11:19,209 [INFO] Saved checkpoint (val=0.0000)
2026-04-14 02:11:25,848 [INFO] [Epoch 221] train_loss=0.0000
2026-04-14 02:11:26,243 [INFO] [Epoch 221] val_loss=0.0000
2026-04-14 02:11:26,249 [INFO] Epoch 221 | train=0.0000 | val=0.0000
2026-04-14 02:11:26,290 [INFO] Saved checkpoint (val=0.0000)
2026-04-14 02:11:32,934 [INFO] [Epoch 222] train_loss=0.0000
2026-04-14 02:11:33,332 [INFO] [Epoch 222] val_loss=0.0000
2026-04-14 02:11:33,338 [INFO] Epoch 222 | train=0.0000 | val=0.0000
2026-04-14 02:11:33,381 [INFO] Saved checkpoint (val=0.0000)
2026-04-14 02:11:40,191 [INFO] [Epoch 223] train_loss=0.0000
2026-04-14 02:11:40,584 [INFO] [Epoch 223] val_loss=0.0000
2026-04-14 02:11:40,589 [INFO] Epoch 223 | train=0.0000 | val=0.0000
2026-04-14 02:11:40,631 [INFO] Saved checkpoint (val=0.0000)
2026-04-14 02:11:47,271 [INFO] [Epoch 224] train_loss=0.0000
2026-04-14 02:11:47,656 [INFO] [Epoch 224] val_loss=0.0000
2026-04-14 02:11:47,662 [INFO] Epoch 224 | train=0.0000 | val=0.0000
2026-04-14 02:11:47,704 [INFO] Saved checkpoint (val=0.0000)
2026-04-14 02:11:54,487 [INFO] [Epoch 225] train_loss=0.0000
2026-04-14 02:11:54,884 [INFO] [Epoch 225] val_loss=0.0000
2026-04-14 02:11:54,888 [INFO] Epoch 225 | train=0.0000 | val=0.0000
2026-04-14 02:11:54,930 [INFO] Saved checkpoint (val=0.0000)
2026-04-14 02:12:01,583 [INFO] [Epoch 226] train_loss=0.0000
2026-04-14 02:12:01,976 [INFO] [Epoch 226] val_loss=0.0000
2026-04-14 02:12:01,980 [INFO] Epoch 226 | train=0.0000 | val=0.0000
2026-04-14 02:12:02,022 [INFO] Saved checkpoint (val=0.0000)
2026-04-14 02:12:08,746 [INFO] [Epoch 227] train_loss=0.0000
2026-04-14 02:12:09,142 [INFO] [Epoch 227] val_loss=0.0000
2026-04-14 02:12:09,144 [INFO] Epoch 227 | train=0.0000 | val=0.0000
2026-04-14 02:12:09,175 [INFO] Saved checkpoint (val=0.0000)
2026-04-14 02:12:16,064 [INFO] [Epoch 228] train_loss=0.0000
2026-04-14 02:12:16,447 [INFO] [Epoch 228] val_loss=0.0000
2026-04-14 02:12:16,449 [INFO] Epoch 228 | train=0.0000 | val=0.0000
2026-04-14 02:12:16,480 [INFO] Saved checkpoint (val=0.0000)
2026-04-14 02:12:23,120 [INFO] [Epoch 229] train_loss=0.0000
2026-04-14 02:12:23,519 [INFO] [Epoch 229] val_loss=0.0000
2026-04-14 02:12:23,523 [INFO] Epoch 229 | train=0.0000 | val=0.0000
2026-04-14 02:12:23,564 [INFO] Saved checkpoint (val=0.0000)
2026-04-14 02:12:30,183 [INFO] [Epoch 230] train_loss=0.0000
2026-04-14 02:12:30,577 [INFO] [Epoch 230] val_loss=0.0000
2026-04-14 02:12:30,583 [INFO] Epoch 230 | train=0.0000 | val=0.0000
2026-04-14 02:12:30,623 [INFO] Saved checkpoint (val=0.0000)
2026-04-14 02:12:37,338 [INFO] [Epoch 231] train_loss=0.0000
2026-04-14 02:12:37,728 [INFO] [Epoch 231] val_loss=0.0000
2026-04-14 02:12:37,733 [INFO] Epoch 231 | train=0.0000 | val=0.0000
2026-04-14 02:12:37,776 [INFO] Saved checkpoint (val=0.0000)
2026-04-14 02:12:44,641 [INFO] [Epoch 232] train_loss=0.0000
2026-04-14 02:12:45,034 [INFO] [Epoch 232] val_loss=0.0000
2026-04-14 02:12:45,039 [INFO] Epoch 232 | train=0.0000 | val=0.0000
2026-04-14 02:12:45,080 [INFO] Saved checkpoint (val=0.0000)
2026-04-14 02:12:51,839 [INFO] [Epoch 233] train_loss=0.0000
2026-04-14 02:12:52,234 [INFO] [Epoch 233] val_loss=0.0000
2026-04-14 02:12:52,238 [INFO] Epoch 233 | train=0.0000 | val=0.0000
2026-04-14 02:12:52,279 [INFO] Saved checkpoint (val=0.0000)
2026-04-14 02:12:59,025 [INFO] [Epoch 234] train_loss=0.0000
2026-04-14 02:12:59,425 [INFO] [Epoch 234] val_loss=0.0000
2026-04-14 02:12:59,430 [INFO] Epoch 234 | train=0.0000 | val=0.0000
2026-04-14 02:12:59,462 [INFO] Saved checkpoint (val=0.0000)
2026-04-14 02:13:06,109 [INFO] [Epoch 235] train_loss=0.0000
2026-04-14 02:13:06,502 [INFO] [Epoch 235] val_loss=0.0000
2026-04-14 02:13:06,507 [INFO] Epoch 235 | train=0.0000 | val=0.0000
2026-04-14 02:13:06,549 [INFO] Saved checkpoint (val=0.0000)
2026-04-14 02:13:13,156 [INFO] [Epoch 236] train_loss=0.0000
2026-04-14 02:13:13,551 [INFO] [Epoch 236] val_loss=0.0000
2026-04-14 02:13:13,556 [INFO] Epoch 236 | train=0.0000 | val=0.0000
2026-04-14 02:13:13,597 [INFO] Saved checkpoint (val=0.0000)
2026-04-14 02:13:20,257 [INFO] [Epoch 237] train_loss=0.0000
2026-04-14 02:13:20,662 [INFO] [Epoch 237] val_loss=0.0000
2026-04-14 02:13:20,666 [INFO] Epoch 237 | train=0.0000 | val=0.0000
2026-04-14 02:13:20,708 [INFO] Saved checkpoint (val=0.0000)
2026-04-14 02:13:27,621 [INFO] [Epoch 238] train_loss=0.0000
2026-04-14 02:13:28,017 [INFO] [Epoch 238] val_loss=0.0000
2026-04-14 02:13:28,021 [INFO] Epoch 238 | train=0.0000 | val=0.0000
2026-04-14 02:13:28,063 [INFO] Saved checkpoint (val=0.0000)
2026-04-14 02:13:35,096 [INFO] [Epoch 239] train_loss=0.0000
2026-04-14 02:13:35,494 [INFO] [Epoch 239] val_loss=0.0000
2026-04-14 02:13:35,499 [INFO] Epoch 239 | train=0.0000 | val=0.0000
2026-04-14 02:13:35,541 [INFO] Saved checkpoint (val=0.0000)
2026-04-14 02:13:42,583 [INFO] [Epoch 240] train_loss=0.0000
2026-04-14 02:13:42,976 [INFO] [Epoch 240] val_loss=0.0000
2026-04-14 02:13:42,981 [INFO] Epoch 240 | train=0.0000 | val=0.0000
2026-04-14 02:13:43,023 [INFO] Saved checkpoint (val=0.0000)
2026-04-14 02:13:49,774 [INFO] [Epoch 241] train_loss=0.0000
2026-04-14 02:13:50,166 [INFO] [Epoch 241] val_loss=0.0000
2026-04-14 02:13:50,172 [INFO] Epoch 241 | train=0.0000 | val=0.0000
2026-04-14 02:13:50,214 [INFO] Saved checkpoint (val=0.0000)
2026-04-14 02:13:56,882 [INFO] [Epoch 242] train_loss=0.0000
2026-04-14 02:13:57,274 [INFO] [Epoch 242] val_loss=0.0000
2026-04-14 02:13:57,278 [INFO] Epoch 242 | train=0.0000 | val=0.0000
2026-04-14 02:13:57,320 [INFO] Saved checkpoint (val=0.0000)
2026-04-14 02:14:03,971 [INFO] [Epoch 243] train_loss=0.0000
2026-04-14 02:14:04,360 [INFO] [Epoch 243] val_loss=0.0000
2026-04-14 02:14:04,365 [INFO] Epoch 243 | train=0.0000 | val=0.0000
2026-04-14 02:14:04,393 [INFO] Saved checkpoint (val=0.0000)
2026-04-14 02:14:11,031 [INFO] [Epoch 244] train_loss=0.0000
2026-04-14 02:14:11,423 [INFO] [Epoch 244] val_loss=0.0000
2026-04-14 02:14:11,429 [INFO] Epoch 244 | train=0.0000 | val=0.0000
2026-04-14 02:14:11,470 [INFO] Saved checkpoint (val=0.0000)
2026-04-14 02:14:18,090 [INFO] [Epoch 245] train_loss=0.0000
2026-04-14 02:14:18,482 [INFO] [Epoch 245] val_loss=0.0000
2026-04-14 02:14:18,485 [INFO] Epoch 245 | train=0.0000 | val=0.0000
2026-04-14 02:14:18,514 [INFO] Saved checkpoint (val=0.0000)
2026-04-14 02:14:25,169 [INFO] [Epoch 246] train_loss=0.0000
2026-04-14 02:14:25,564 [INFO] [Epoch 246] val_loss=0.0000
2026-04-14 02:14:25,568 [INFO] Epoch 246 | train=0.0000 | val=0.0000
2026-04-14 02:14:25,594 [INFO] Saved checkpoint (val=0.0000)
2026-04-14 02:14:32,287 [INFO] [Epoch 247] train_loss=0.0000
2026-04-14 02:14:32,670 [INFO] [Epoch 247] val_loss=0.0000
2026-04-14 02:14:32,675 [INFO] Epoch 247 | train=0.0000 | val=0.0000
2026-04-14 02:14:32,717 [INFO] Saved checkpoint (val=0.0000)
2026-04-14 02:14:39,328 [INFO] [Epoch 248] train_loss=0.0000
2026-04-14 02:14:39,723 [INFO] [Epoch 248] val_loss=0.0000
2026-04-14 02:14:39,727 [INFO] Epoch 248 | train=0.0000 | val=0.0000
2026-04-14 02:14:39,769 [INFO] Saved checkpoint (val=0.0000)
2026-04-14 02:14:46,445 [INFO] [Epoch 249] train_loss=0.0000
2026-04-14 02:14:46,825 [INFO] [Epoch 249] val_loss=0.0000
2026-04-14 02:14:46,830 [INFO] Epoch 249 | train=0.0000 | val=0.0000
2026-04-14 02:14:46,872 [INFO] Saved checkpoint (val=0.0000)
2026-04-14 02:14:53,541 [INFO] [Epoch 250] train_loss=0.0000
2026-04-14 02:14:53,933 [INFO] [Epoch 250] val_loss=0.0000
2026-04-14 02:14:53,938 [INFO] Epoch 250 | train=0.0000 | val=0.0000
2026-04-14 02:14:53,965 [INFO] Saved checkpoint (val=0.0000)
2026-04-14 02:15:00,659 [INFO] [Epoch 251] train_loss=0.0000
2026-04-14 02:15:01,054 [INFO] [Epoch 251] val_loss=0.0000
2026-04-14 02:15:01,059 [INFO] Epoch 251 | train=0.0000 | val=0.0000
2026-04-14 02:15:01,102 [INFO] Saved checkpoint (val=0.0000)
2026-04-14 02:15:07,936 [INFO] [Epoch 252] train_loss=0.0000
2026-04-14 02:15:08,329 [INFO] [Epoch 252] val_loss=0.0000
2026-04-14 02:15:08,334 [INFO] Epoch 252 | train=0.0000 | val=0.0000
2026-04-14 02:15:08,378 [INFO] Saved checkpoint (val=0.0000)
2026-04-14 02:15:15,103 [INFO] [Epoch 253] train_loss=0.0000
2026-04-14 02:15:15,504 [INFO] [Epoch 253] val_loss=0.0000
2026-04-14 02:15:15,508 [INFO] Epoch 253 | train=0.0000 | val=0.0000
2026-04-14 02:15:15,550 [INFO] Saved checkpoint (val=0.0000)
2026-04-14 02:15:22,221 [INFO] [Epoch 254] train_loss=0.0000
2026-04-14 02:15:22,617 [INFO] [Epoch 254] val_loss=0.0000
2026-04-14 02:15:22,620 [INFO] Epoch 254 | train=0.0000 | val=0.0000
2026-04-14 02:15:22,651 [INFO] Saved checkpoint (val=0.0000)
2026-04-14 02:15:29,328 [INFO] [Epoch 255] train_loss=0.0000
2026-04-14 02:15:29,721 [INFO] [Epoch 255] val_loss=0.0000
2026-04-14 02:15:29,726 [INFO] Epoch 255 | train=0.0000 | val=0.0000
2026-04-14 02:15:29,767 [INFO] Saved checkpoint (val=0.0000)
2026-04-14 02:15:36,500 [INFO] [Epoch 256] train_loss=0.0000
2026-04-14 02:15:36,894 [INFO] [Epoch 256] val_loss=0.0000
2026-04-14 02:15:36,900 [INFO] Epoch 256 | train=0.0000 | val=0.0000
2026-04-14 02:15:36,941 [INFO] Saved checkpoint (val=0.0000)
2026-04-14 02:15:43,551 [INFO] [Epoch 257] train_loss=0.0000
2026-04-14 02:15:43,945 [INFO] [Epoch 257] val_loss=0.0000
2026-04-14 02:15:43,949 [INFO] Epoch 257 | train=0.0000 | val=0.0000
2026-04-14 02:15:43,977 [INFO] Saved checkpoint (val=0.0000)
2026-04-14 02:15:50,567 [INFO] [Epoch 258] train_loss=0.0000
2026-04-14 02:15:50,968 [INFO] [Epoch 258] val_loss=0.0000
2026-04-14 02:15:50,973 [INFO] Epoch 258 | train=0.0000 | val=0.0000
2026-04-14 02:15:51,016 [INFO] Saved checkpoint (val=0.0000)
2026-04-14 02:15:57,637 [INFO] [Epoch 259] train_loss=0.0000
2026-04-14 02:15:58,034 [INFO] [Epoch 259] val_loss=0.0000
2026-04-14 02:15:58,039 [INFO] Epoch 259 | train=0.0000 | val=0.0000
2026-04-14 02:15:58,080 [INFO] Saved checkpoint (val=0.0000)
2026-04-14 02:16:04,697 [INFO] [Epoch 260] train_loss=0.0000
2026-04-14 02:16:05,093 [INFO] [Epoch 260] val_loss=0.0000
2026-04-14 02:16:05,098 [INFO] Epoch 260 | train=0.0000 | val=0.0000
2026-04-14 02:16:05,126 [INFO] Saved checkpoint (val=0.0000)
2026-04-14 02:16:11,721 [INFO] [Epoch 261] train_loss=0.0000
2026-04-14 02:16:12,119 [INFO] [Epoch 261] val_loss=0.0000
2026-04-14 02:16:12,124 [INFO] Epoch 261 | train=0.0000 | val=0.0000
2026-04-14 02:16:12,166 [INFO] Saved checkpoint (val=0.0000)
2026-04-14 02:16:18,863 [INFO] [Epoch 262] train_loss=0.0000
2026-04-14 02:16:19,250 [INFO] [Epoch 262] val_loss=0.0000
2026-04-14 02:16:19,255 [INFO] Epoch 262 | train=0.0000 | val=0.0000
2026-04-14 02:16:19,297 [INFO] Saved checkpoint (val=0.0000)
2026-04-14 02:16:25,923 [INFO] [Epoch 263] train_loss=0.0000
2026-04-14 02:16:26,318 [INFO] [Epoch 263] val_loss=0.0000
2026-04-14 02:16:26,323 [INFO] Epoch 263 | train=0.0000 | val=0.0000
2026-04-14 02:16:26,365 [INFO] Saved checkpoint (val=0.0000)
2026-04-14 02:16:32,980 [INFO] [Epoch 264] train_loss=0.0000
2026-04-14 02:16:33,373 [INFO] [Epoch 264] val_loss=0.0000
2026-04-14 02:16:33,378 [INFO] Epoch 264 | train=0.0000 | val=0.0000
2026-04-14 02:16:33,420 [INFO] Saved checkpoint (val=0.0000)
2026-04-14 02:16:40,049 [INFO] [Epoch 265] train_loss=0.0000
2026-04-14 02:16:40,437 [INFO] [Epoch 265] val_loss=0.0000
2026-04-14 02:16:40,442 [INFO] Epoch 265 | train=0.0000 | val=0.0000
2026-04-14 02:16:40,484 [INFO] Saved checkpoint (val=0.0000)
2026-04-14 02:16:47,099 [INFO] [Epoch 266] train_loss=0.0000
2026-04-14 02:16:47,482 [INFO] [Epoch 266] val_loss=0.0000
2026-04-14 02:16:47,487 [INFO] Epoch 266 | train=0.0000 | val=0.0000
2026-04-14 02:16:47,528 [INFO] Saved checkpoint (val=0.0000)
2026-04-14 02:16:54,148 [INFO] [Epoch 267] train_loss=0.0000
2026-04-14 02:16:54,544 [INFO] [Epoch 267] val_loss=0.0000
2026-04-14 02:16:54,549 [INFO] Epoch 267 | train=0.0000 | val=0.0000
2026-04-14 02:16:54,576 [INFO] Saved checkpoint (val=0.0000)
2026-04-14 02:17:01,209 [INFO] [Epoch 268] train_loss=0.0000
2026-04-14 02:17:01,605 [INFO] [Epoch 268] val_loss=0.0000
2026-04-14 02:17:01,610 [INFO] Epoch 268 | train=0.0000 | val=0.0000
2026-04-14 02:17:01,636 [INFO] Saved checkpoint (val=0.0000)
2026-04-14 02:17:08,283 [INFO] [Epoch 269] train_loss=0.0000
2026-04-14 02:17:08,676 [INFO] [Epoch 269] val_loss=0.0000
2026-04-14 02:17:08,681 [INFO] Epoch 269 | train=0.0000 | val=0.0000
2026-04-14 02:17:08,722 [INFO] Saved checkpoint (val=0.0000)
2026-04-14 02:17:15,341 [INFO] [Epoch 270] train_loss=0.0000
2026-04-14 02:17:15,724 [INFO] [Epoch 270] val_loss=0.0000
2026-04-14 02:17:15,729 [INFO] Epoch 270 | train=0.0000 | val=0.0000
2026-04-14 02:17:15,772 [INFO] Saved checkpoint (val=0.0000)
2026-04-14 02:17:22,880 [INFO] [Epoch 271] train_loss=0.0000
2026-04-14 02:17:23,277 [INFO] [Epoch 271] val_loss=0.0000
2026-04-14 02:17:23,282 [INFO] Epoch 271 | train=0.0000 | val=0.0000
2026-04-14 02:17:23,324 [INFO] Saved checkpoint (val=0.0000)
2026-04-14 02:17:29,995 [INFO] [Epoch 272] train_loss=0.0000
2026-04-14 02:17:30,390 [INFO] [Epoch 272] val_loss=0.0000
2026-04-14 02:17:30,395 [INFO] Epoch 272 | train=0.0000 | val=0.0000
2026-04-14 02:17:30,436 [INFO] Saved checkpoint (val=0.0000)
2026-04-14 02:17:37,063 [INFO] [Epoch 273] train_loss=0.0000
2026-04-14 02:17:37,455 [INFO] [Epoch 273] val_loss=0.0000
2026-04-14 02:17:37,459 [INFO] Epoch 273 | train=0.0000 | val=0.0000
2026-04-14 02:17:37,500 [INFO] Saved checkpoint (val=0.0000)
2026-04-14 02:17:44,127 [INFO] [Epoch 274] train_loss=0.0000
2026-04-14 02:17:44,519 [INFO] [Epoch 274] val_loss=0.0000
2026-04-14 02:17:44,524 [INFO] Epoch 274 | train=0.0000 | val=0.0000
2026-04-14 02:17:44,565 [INFO] Saved checkpoint (val=0.0000)
2026-04-14 02:17:51,447 [INFO] [Epoch 275] train_loss=0.0000
2026-04-14 02:17:51,839 [INFO] [Epoch 275] val_loss=0.0000
2026-04-14 02:17:51,843 [INFO] Epoch 275 | train=0.0000 | val=0.0000
2026-04-14 02:17:51,884 [INFO] Saved checkpoint (val=0.0000)
2026-04-14 02:17:58,578 [INFO] [Epoch 276] train_loss=0.0000
2026-04-14 02:17:58,973 [INFO] [Epoch 276] val_loss=0.0000
2026-04-14 02:17:58,978 [INFO] Epoch 276 | train=0.0000 | val=0.0000
2026-04-14 02:17:59,020 [INFO] Saved checkpoint (val=0.0000)
2026-04-14 02:18:05,872 [INFO] [Epoch 277] train_loss=0.0000
2026-04-14 02:18:06,267 [INFO] [Epoch 277] val_loss=0.0000
2026-04-14 02:18:06,271 [INFO] Epoch 277 | train=0.0000 | val=0.0000
2026-04-14 02:18:06,314 [INFO] Saved checkpoint (val=0.0000)
2026-04-14 02:18:13,004 [INFO] [Epoch 278] train_loss=0.0000
2026-04-14 02:18:13,391 [INFO] [Epoch 278] val_loss=0.0000
2026-04-14 02:18:13,396 [INFO] Epoch 278 | train=0.0000 | val=0.0000
2026-04-14 02:18:13,438 [INFO] Saved checkpoint (val=0.0000)
2026-04-14 02:18:20,319 [INFO] [Epoch 279] train_loss=0.0000
2026-04-14 02:18:20,719 [INFO] [Epoch 279] val_loss=0.0000
2026-04-14 02:18:20,724 [INFO] Epoch 279 | train=0.0000 | val=0.0000
2026-04-14 02:18:20,765 [INFO] Saved checkpoint (val=0.0000)
2026-04-14 02:18:27,358 [INFO] [Epoch 280] train_loss=0.0000
2026-04-14 02:18:27,752 [INFO] [Epoch 280] val_loss=0.0000
2026-04-14 02:18:27,757 [INFO] Epoch 280 | train=0.0000 | val=0.0000
2026-04-14 02:18:27,795 [INFO] Saved checkpoint (val=0.0000)
2026-04-14 02:18:34,506 [INFO] [Epoch 281] train_loss=0.0000
2026-04-14 02:18:34,899 [INFO] [Epoch 281] val_loss=0.0000
2026-04-14 02:18:34,904 [INFO] Epoch 281 | train=0.0000 | val=0.0000
2026-04-14 02:18:34,945 [INFO] Saved checkpoint (val=0.0000)
2026-04-14 02:18:41,634 [INFO] [Epoch 282] train_loss=0.0000
2026-04-14 02:18:42,024 [INFO] [Epoch 282] val_loss=0.0000
2026-04-14 02:18:42,029 [INFO] Epoch 282 | train=0.0000 | val=0.0000
2026-04-14 02:18:42,056 [INFO] Saved checkpoint (val=0.0000)
2026-04-14 02:18:48,839 [INFO] [Epoch 283] train_loss=0.0000
2026-04-14 02:18:49,229 [INFO] [Epoch 283] val_loss=0.0000
2026-04-14 02:18:49,234 [INFO] Epoch 283 | train=0.0000 | val=0.0000
2026-04-14 02:18:49,277 [INFO] Saved checkpoint (val=0.0000)
2026-04-14 02:18:56,045 [INFO] [Epoch 284] train_loss=0.0000
2026-04-14 02:18:56,439 [INFO] [Epoch 284] val_loss=0.0000
2026-04-14 02:18:56,445 [INFO] Epoch 284 | train=0.0000 | val=0.0000
2026-04-14 02:18:56,486 [INFO] Saved checkpoint (val=0.0000)
2026-04-14 02:19:03,331 [INFO] [Epoch 285] train_loss=0.0000
2026-04-14 02:19:03,727 [INFO] [Epoch 285] val_loss=0.0000
2026-04-14 02:19:03,733 [INFO] Epoch 285 | train=0.0000 | val=0.0000
2026-04-14 02:19:03,774 [INFO] Saved checkpoint (val=0.0000)
2026-04-14 02:19:10,451 [INFO] [Epoch 286] train_loss=0.0000
2026-04-14 02:19:10,853 [INFO] [Epoch 286] val_loss=0.0000
2026-04-14 02:19:10,857 [INFO] Epoch 286 | train=0.0000 | val=0.0000
2026-04-14 02:19:10,899 [INFO] Saved checkpoint (val=0.0000)
2026-04-14 02:19:17,905 [INFO] [Epoch 287] train_loss=0.0000
2026-04-14 02:19:18,294 [INFO] [Epoch 287] val_loss=0.0000
2026-04-14 02:19:18,299 [INFO] Epoch 287 | train=0.0000 | val=0.0000
2026-04-14 02:19:18,340 [INFO] Saved checkpoint (val=0.0000)
2026-04-14 02:19:24,976 [INFO] [Epoch 288] train_loss=0.0000
2026-04-14 02:19:25,369 [INFO] [Epoch 288] val_loss=0.0000
2026-04-14 02:19:25,374 [INFO] Epoch 288 | train=0.0000 | val=0.0000
2026-04-14 02:19:25,415 [INFO] Saved checkpoint (val=0.0000)
2026-04-14 02:19:32,018 [INFO] [Epoch 289] train_loss=0.0000
2026-04-14 02:19:32,412 [INFO] [Epoch 289] val_loss=0.0000
2026-04-14 02:19:32,417 [INFO] Epoch 289 | train=0.0000 | val=0.0000
2026-04-14 02:19:32,458 [INFO] Saved checkpoint (val=0.0000)
2026-04-14 02:19:39,131 [INFO] [Epoch 290] train_loss=0.0000
2026-04-14 02:19:39,528 [INFO] [Epoch 290] val_loss=0.0000
2026-04-14 02:19:39,533 [INFO] Epoch 290 | train=0.0000 | val=0.0000
2026-04-14 02:19:39,575 [INFO] Saved checkpoint (val=0.0000)
2026-04-14 02:19:46,194 [INFO] [Epoch 291] train_loss=0.0000
2026-04-14 02:19:46,587 [INFO] [Epoch 291] val_loss=0.0000
2026-04-14 02:19:46,592 [INFO] Epoch 291 | train=0.0000 | val=0.0000
2026-04-14 02:19:53,222 [INFO] [Epoch 292] train_loss=0.0000
2026-04-14 02:19:53,610 [INFO] [Epoch 292] val_loss=0.0000
2026-04-14 02:19:53,615 [INFO] Epoch 292 | train=0.0000 | val=0.0000
2026-04-14 02:19:53,657 [INFO] Saved checkpoint (val=0.0000)
2026-04-14 02:20:00,753 [INFO] [Epoch 293] train_loss=0.0000
2026-04-14 02:20:01,150 [INFO] [Epoch 293] val_loss=0.0000
2026-04-14 02:20:01,153 [INFO] Epoch 293 | train=0.0000 | val=0.0000
2026-04-14 02:20:01,184 [INFO] Saved checkpoint (val=0.0000)
2026-04-14 02:20:08,192 [INFO] [Epoch 294] train_loss=0.0000
2026-04-14 02:20:08,587 [INFO] [Epoch 294] val_loss=0.0000
2026-04-14 02:20:08,591 [INFO] Epoch 294 | train=0.0000 | val=0.0000
2026-04-14 02:20:15,213 [INFO] [Epoch 295] train_loss=0.0000
2026-04-14 02:20:15,603 [INFO] [Epoch 295] val_loss=0.0000
2026-04-14 02:20:15,608 [INFO] Epoch 295 | train=0.0000 | val=0.0000
2026-04-14 02:20:15,651 [INFO] Saved checkpoint (val=0.0000)
2026-04-14 02:20:22,294 [INFO] [Epoch 296] train_loss=0.0000
2026-04-14 02:20:22,672 [INFO] [Epoch 296] val_loss=0.0000
2026-04-14 02:20:22,677 [INFO] Epoch 296 | train=0.0000 | val=0.0000
2026-04-14 02:20:22,719 [INFO] Saved checkpoint (val=0.0000)
2026-04-14 02:20:29,407 [INFO] [Epoch 297] train_loss=0.0000
2026-04-14 02:20:29,803 [INFO] [Epoch 297] val_loss=0.0000
2026-04-14 02:20:29,808 [INFO] Epoch 297 | train=0.0000 | val=0.0000
2026-04-14 02:20:29,849 [INFO] Saved checkpoint (val=0.0000)
2026-04-14 02:20:36,718 [INFO] [Epoch 298] train_loss=0.0000
2026-04-14 02:20:37,103 [INFO] [Epoch 298] val_loss=0.0000
2026-04-14 02:20:37,107 [INFO] Epoch 298 | train=0.0000 | val=0.0000
2026-04-14 02:20:37,150 [INFO] Saved checkpoint (val=0.0000)
2026-04-14 02:20:44,083 [INFO] [Epoch 299] train_loss=0.0000
2026-04-14 02:20:44,473 [INFO] [Epoch 299] val_loss=0.0000
2026-04-14 02:20:44,478 [INFO] Epoch 299 | train=0.0000 | val=0.0000
2026-04-14 02:20:44,520 [INFO] Saved checkpoint (val=0.0000)
2026-04-14 02:20:51,149 [INFO] [Epoch 300] train_loss=0.0000
2026-04-14 02:20:51,544 [INFO] [Epoch 300] val_loss=0.0000
2026-04-14 02:20:51,546 [INFO] Epoch 300 | train=0.0000 | val=0.0000
2026-04-14 02:20:51,576 [INFO] Saved checkpoint (val=0.0000)
2026-04-14 02:20:58,246 [INFO] [Epoch 301] train_loss=0.0000
2026-04-14 02:20:58,639 [INFO] [Epoch 301] val_loss=0.0000
2026-04-14 02:20:58,644 [INFO] Epoch 301 | train=0.0000 | val=0.0000
2026-04-14 02:20:58,685 [INFO] Saved checkpoint (val=0.0000)
2026-04-14 02:21:05,315 [INFO] [Epoch 302] train_loss=0.0000
2026-04-14 02:21:05,708 [INFO] [Epoch 302] val_loss=0.0000
2026-04-14 02:21:05,713 [INFO] Epoch 302 | train=0.0000 | val=0.0000
2026-04-14 02:21:05,755 [INFO] Saved checkpoint (val=0.0000)
2026-04-14 02:21:12,334 [INFO] [Epoch 303] train_loss=0.0000
2026-04-14 02:21:12,720 [INFO] [Epoch 303] val_loss=0.0000
2026-04-14 02:21:12,725 [INFO] Epoch 303 | train=0.0000 | val=0.0000
2026-04-14 02:21:12,766 [INFO] Saved checkpoint (val=0.0000)
2026-04-14 02:21:19,532 [INFO] [Epoch 304] train_loss=0.0000
2026-04-14 02:21:19,925 [INFO] [Epoch 304] val_loss=0.0000
2026-04-14 02:21:19,930 [INFO] Epoch 304 | train=0.0000 | val=0.0000
2026-04-14 02:21:19,974 [INFO] Saved checkpoint (val=0.0000)
2026-04-14 02:21:26,687 [INFO] [Epoch 305] train_loss=0.0000
2026-04-14 02:21:27,083 [INFO] [Epoch 305] val_loss=0.0000
2026-04-14 02:21:27,088 [INFO] Epoch 305 | train=0.0000 | val=0.0000
2026-04-14 02:21:27,122 [INFO] Saved checkpoint (val=0.0000)
2026-04-14 02:21:33,753 [INFO] [Epoch 306] train_loss=0.0000
2026-04-14 02:21:34,147 [INFO] [Epoch 306] val_loss=0.0000
2026-04-14 02:21:34,153 [INFO] Epoch 306 | train=0.0000 | val=0.0000
2026-04-14 02:21:34,195 [INFO] Saved checkpoint (val=0.0000)
2026-04-14 02:21:40,932 [INFO] [Epoch 307] train_loss=0.0000
2026-04-14 02:21:41,329 [INFO] [Epoch 307] val_loss=0.0000
2026-04-14 02:21:41,334 [INFO] Epoch 307 | train=0.0000 | val=0.0000
2026-04-14 02:21:41,376 [INFO] Saved checkpoint (val=0.0000)
2026-04-14 02:21:47,969 [INFO] [Epoch 308] train_loss=0.0000
2026-04-14 02:21:48,356 [INFO] [Epoch 308] val_loss=0.0000
2026-04-14 02:21:48,360 [INFO] Epoch 308 | train=0.0000 | val=0.0000
2026-04-14 02:21:48,402 [INFO] Saved checkpoint (val=0.0000)
2026-04-14 02:21:54,991 [INFO] [Epoch 309] train_loss=0.0000
2026-04-14 02:21:55,392 [INFO] [Epoch 309] val_loss=0.0000
2026-04-14 02:21:55,396 [INFO] Epoch 309 | train=0.0000 | val=0.0000
2026-04-14 02:21:55,437 [INFO] Saved checkpoint (val=0.0000)
2026-04-14 02:22:02,206 [INFO] [Epoch 310] train_loss=0.0000
2026-04-14 02:22:02,596 [INFO] [Epoch 310] val_loss=0.0000
2026-04-14 02:22:02,601 [INFO] Epoch 310 | train=0.0000 | val=0.0000
2026-04-14 02:22:02,628 [INFO] Saved checkpoint (val=0.0000)
2026-04-14 02:22:09,275 [INFO] [Epoch 311] train_loss=0.0000
2026-04-14 02:22:09,670 [INFO] [Epoch 311] val_loss=0.0000
2026-04-14 02:22:09,675 [INFO] Epoch 311 | train=0.0000 | val=0.0000
2026-04-14 02:22:09,718 [INFO] Saved checkpoint (val=0.0000)
2026-04-14 02:22:16,315 [INFO] [Epoch 312] train_loss=0.0000
2026-04-14 02:22:16,708 [INFO] [Epoch 312] val_loss=0.0000
2026-04-14 02:22:16,713 [INFO] Epoch 312 | train=0.0000 | val=0.0000
2026-04-14 02:22:16,755 [INFO] Saved checkpoint (val=0.0000)
2026-04-14 02:22:23,670 [INFO] [Epoch 313] train_loss=0.0000
2026-04-14 02:22:24,069 [INFO] [Epoch 313] val_loss=0.0000
2026-04-14 02:22:24,074 [INFO] Epoch 313 | train=0.0000 | val=0.0000
2026-04-14 02:22:24,117 [INFO] Saved checkpoint (val=0.0000)
2026-04-14 02:22:30,748 [INFO] [Epoch 314] train_loss=0.0000
2026-04-14 02:22:31,145 [INFO] [Epoch 314] val_loss=0.0000
2026-04-14 02:22:31,150 [INFO] Epoch 314 | train=0.0000 | val=0.0000
2026-04-14 02:22:31,191 [INFO] Saved checkpoint (val=0.0000)
2026-04-14 02:22:37,802 [INFO] [Epoch 315] train_loss=0.0000
2026-04-14 02:22:38,205 [INFO] [Epoch 315] val_loss=0.0000
2026-04-14 02:22:38,210 [INFO] Epoch 315 | train=0.0000 | val=0.0000
2026-04-14 02:22:38,251 [INFO] Saved checkpoint (val=0.0000)
2026-04-14 02:22:44,905 [INFO] [Epoch 316] train_loss=0.0000
2026-04-14 02:22:45,300 [INFO] [Epoch 316] val_loss=0.0000
2026-04-14 02:22:45,306 [INFO] Epoch 316 | train=0.0000 | val=0.0000
2026-04-14 02:22:45,347 [INFO] Saved checkpoint (val=0.0000)
2026-04-14 02:22:52,015 [INFO] [Epoch 317] train_loss=0.0000
2026-04-14 02:22:52,414 [INFO] [Epoch 317] val_loss=0.0000
2026-04-14 02:22:52,418 [INFO] Epoch 317 | train=0.0000 | val=0.0000
2026-04-14 02:22:52,445 [INFO] Saved checkpoint (val=0.0000)
2026-04-14 02:22:59,174 [INFO] [Epoch 318] train_loss=0.0000
2026-04-14 02:22:59,575 [INFO] [Epoch 318] val_loss=0.0000
2026-04-14 02:22:59,581 [INFO] Epoch 318 | train=0.0000 | val=0.0000
2026-04-14 02:22:59,624 [INFO] Saved checkpoint (val=0.0000)
2026-04-14 02:23:06,228 [INFO] [Epoch 319] train_loss=0.0000
2026-04-14 02:23:06,613 [INFO] [Epoch 319] val_loss=0.0000
2026-04-14 02:23:06,618 [INFO] Epoch 319 | train=0.0000 | val=0.0000
2026-04-14 02:23:06,659 [INFO] Saved checkpoint (val=0.0000)
2026-04-14 02:23:13,313 [INFO] [Epoch 320] train_loss=0.0000
2026-04-14 02:23:13,699 [INFO] [Epoch 320] val_loss=0.0000
2026-04-14 02:23:13,704 [INFO] Epoch 320 | train=0.0000 | val=0.0000
2026-04-14 02:23:13,731 [INFO] Saved checkpoint (val=0.0000)
2026-04-14 02:23:20,687 [INFO] [Epoch 321] train_loss=0.0000
2026-04-14 02:23:21,080 [INFO] [Epoch 321] val_loss=0.0000
2026-04-14 02:23:21,085 [INFO] Epoch 321 | train=0.0000 | val=0.0000
2026-04-14 02:23:21,114 [INFO] Saved checkpoint (val=0.0000)
2026-04-14 02:23:27,705 [INFO] [Epoch 322] train_loss=0.0000
2026-04-14 02:23:28,102 [INFO] [Epoch 322] val_loss=0.0000
2026-04-14 02:23:28,107 [INFO] Epoch 322 | train=0.0000 | val=0.0000
2026-04-14 02:23:28,149 [INFO] Saved checkpoint (val=0.0000)
2026-04-14 02:23:34,811 [INFO] [Epoch 323] train_loss=0.0000
2026-04-14 02:23:35,197 [INFO] [Epoch 323] val_loss=0.0000
2026-04-14 02:23:35,202 [INFO] Epoch 323 | train=0.0000 | val=0.0000
2026-04-14 02:23:35,244 [INFO] Saved checkpoint (val=0.0000)
2026-04-14 02:23:42,020 [INFO] [Epoch 324] train_loss=0.0000
2026-04-14 02:23:42,412 [INFO] [Epoch 324] val_loss=0.0000
2026-04-14 02:23:42,417 [INFO] Epoch 324 | train=0.0000 | val=0.0000
2026-04-14 02:23:42,459 [INFO] Saved checkpoint (val=0.0000)
2026-04-14 02:23:49,135 [INFO] [Epoch 325] train_loss=0.0000
2026-04-14 02:23:49,526 [INFO] [Epoch 325] val_loss=0.0000
2026-04-14 02:23:49,531 [INFO] Epoch 325 | train=0.0000 | val=0.0000
2026-04-14 02:23:49,559 [INFO] Saved checkpoint (val=0.0000)
2026-04-14 02:23:56,409 [INFO] [Epoch 326] train_loss=0.0000
2026-04-14 02:23:56,793 [INFO] [Epoch 326] val_loss=0.0000
2026-04-14 02:23:56,797 [INFO] Epoch 326 | train=0.0000 | val=0.0000
2026-04-14 02:23:56,838 [INFO] Saved checkpoint (val=0.0000)
2026-04-14 02:24:03,444 [INFO] [Epoch 327] train_loss=0.0000
2026-04-14 02:24:03,840 [INFO] [Epoch 327] val_loss=0.0000
2026-04-14 02:24:03,845 [INFO] Epoch 327 | train=0.0000 | val=0.0000
2026-04-14 02:24:03,888 [INFO] Saved checkpoint (val=0.0000)
2026-04-14 02:24:10,504 [INFO] [Epoch 328] train_loss=0.0000
2026-04-14 02:24:10,898 [INFO] [Epoch 328] val_loss=0.0000
2026-04-14 02:24:10,903 [INFO] Epoch 328 | train=0.0000 | val=0.0000
2026-04-14 02:24:10,946 [INFO] Saved checkpoint (val=0.0000)
2026-04-14 02:24:18,083 [INFO] [Epoch 329] train_loss=0.0000
2026-04-14 02:24:18,478 [INFO] [Epoch 329] val_loss=0.0000
2026-04-14 02:24:18,482 [INFO] Epoch 329 | train=0.0000 | val=0.0000
2026-04-14 02:24:18,523 [INFO] Saved checkpoint (val=0.0000)
2026-04-14 02:24:25,428 [INFO] [Epoch 330] train_loss=0.0000
2026-04-14 02:24:25,822 [INFO] [Epoch 330] val_loss=0.0000
2026-04-14 02:24:25,827 [INFO] Epoch 330 | train=0.0000 | val=0.0000
2026-04-14 02:24:25,870 [INFO] Saved checkpoint (val=0.0000)
2026-04-14 02:24:32,467 [INFO] [Epoch 331] train_loss=0.0000
2026-04-14 02:24:32,862 [INFO] [Epoch 331] val_loss=0.0000
2026-04-14 02:24:32,867 [INFO] Epoch 331 | train=0.0000 | val=0.0000
2026-04-14 02:24:32,909 [INFO] Saved checkpoint (val=0.0000)
2026-04-14 02:24:39,919 [INFO] [Epoch 332] train_loss=0.0000
2026-04-14 02:24:40,314 [INFO] [Epoch 332] val_loss=0.0000
2026-04-14 02:24:40,319 [INFO] Epoch 332 | train=0.0000 | val=0.0000
2026-04-14 02:24:46,936 [INFO] [Epoch 333] train_loss=0.0000
2026-04-14 02:24:47,332 [INFO] [Epoch 333] val_loss=0.0000
2026-04-14 02:24:47,336 [INFO] Epoch 333 | train=0.0000 | val=0.0000
2026-04-14 02:24:47,363 [INFO] Saved checkpoint (val=0.0000)
2026-04-14 02:24:53,975 [INFO] [Epoch 334] train_loss=0.0000
2026-04-14 02:24:54,373 [INFO] [Epoch 334] val_loss=0.0000
2026-04-14 02:24:54,378 [INFO] Epoch 334 | train=0.0000 | val=0.0000
2026-04-14 02:24:54,420 [INFO] Saved checkpoint (val=0.0000)
2026-04-14 02:25:01,363 [INFO] [Epoch 335] train_loss=0.0000
2026-04-14 02:25:01,757 [INFO] [Epoch 335] val_loss=0.0000
2026-04-14 02:25:01,762 [INFO] Epoch 335 | train=0.0000 | val=0.0000
2026-04-14 02:25:01,805 [INFO] Saved checkpoint (val=0.0000)
2026-04-14 02:25:08,931 [INFO] [Epoch 336] train_loss=0.0000
2026-04-14 02:25:09,327 [INFO] [Epoch 336] val_loss=0.0000
2026-04-14 02:25:09,332 [INFO] Epoch 336 | train=0.0000 | val=0.0000
2026-04-14 02:25:09,375 [INFO] Saved checkpoint (val=0.0000)
2026-04-14 02:25:16,026 [INFO] [Epoch 337] train_loss=0.0000
2026-04-14 02:25:16,423 [INFO] [Epoch 337] val_loss=0.0000
2026-04-14 02:25:16,428 [INFO] Epoch 337 | train=0.0000 | val=0.0000
2026-04-14 02:25:16,473 [INFO] Saved checkpoint (val=0.0000)
2026-04-14 02:25:23,120 [INFO] [Epoch 338] train_loss=0.0000
2026-04-14 02:25:23,500 [INFO] [Epoch 338] val_loss=0.0000
2026-04-14 02:25:23,505 [INFO] Epoch 338 | train=0.0000 | val=0.0000
2026-04-14 02:25:23,547 [INFO] Saved checkpoint (val=0.0000)
2026-04-14 02:25:30,149 [INFO] [Epoch 339] train_loss=0.0000
2026-04-14 02:25:30,545 [INFO] [Epoch 339] val_loss=0.0000
2026-04-14 02:25:30,550 [INFO] Epoch 339 | train=0.0000 | val=0.0000
2026-04-14 02:25:30,591 [INFO] Saved checkpoint (val=0.0000)
2026-04-14 02:25:37,174 [INFO] [Epoch 340] train_loss=0.0000
2026-04-14 02:25:37,565 [INFO] [Epoch 340] val_loss=0.0000
2026-04-14 02:25:37,570 [INFO] Epoch 340 | train=0.0000 | val=0.0000
2026-04-14 02:25:44,229 [INFO] [Epoch 341] train_loss=0.0000
2026-04-14 02:25:44,620 [INFO] [Epoch 341] val_loss=0.0000
2026-04-14 02:25:44,624 [INFO] Epoch 341 | train=0.0000 | val=0.0000
2026-04-14 02:25:44,665 [INFO] Saved checkpoint (val=0.0000)
2026-04-14 02:25:51,227 [INFO] [Epoch 342] train_loss=0.0000
2026-04-14 02:25:51,621 [INFO] [Epoch 342] val_loss=0.0000
2026-04-14 02:25:51,625 [INFO] Epoch 342 | train=0.0000 | val=0.0000
2026-04-14 02:25:51,666 [INFO] Saved checkpoint (val=0.0000)
2026-04-14 02:25:58,319 [INFO] [Epoch 343] train_loss=0.0000
2026-04-14 02:25:58,714 [INFO] [Epoch 343] val_loss=0.0000
2026-04-14 02:25:58,719 [INFO] Epoch 343 | train=0.0000 | val=0.0000
2026-04-14 02:25:58,761 [INFO] Saved checkpoint (val=0.0000)
2026-04-14 02:26:05,434 [INFO] [Epoch 344] train_loss=0.0000
2026-04-14 02:26:05,828 [INFO] [Epoch 344] val_loss=0.0000
2026-04-14 02:26:05,833 [INFO] Epoch 344 | train=0.0000 | val=0.0000
2026-04-14 02:26:05,875 [INFO] Saved checkpoint (val=0.0000)
2026-04-14 02:26:12,511 [INFO] [Epoch 345] train_loss=0.0000
2026-04-14 02:26:12,906 [INFO] [Epoch 345] val_loss=0.0000
2026-04-14 02:26:12,910 [INFO] Epoch 345 | train=0.0000 | val=0.0000
2026-04-14 02:26:12,953 [INFO] Saved checkpoint (val=0.0000)
2026-04-14 02:26:19,547 [INFO] [Epoch 346] train_loss=0.0000
2026-04-14 02:26:19,932 [INFO] [Epoch 346] val_loss=0.0000
2026-04-14 02:26:19,937 [INFO] Epoch 346 | train=0.0000 | val=0.0000
2026-04-14 02:26:19,979 [INFO] Saved checkpoint (val=0.0000)
2026-04-14 02:26:26,600 [INFO] [Epoch 347] train_loss=0.0000
2026-04-14 02:26:26,990 [INFO] [Epoch 347] val_loss=0.0000
2026-04-14 02:26:26,995 [INFO] Epoch 347 | train=0.0000 | val=0.0000
2026-04-14 02:26:27,038 [INFO] Saved checkpoint (val=0.0000)
2026-04-14 02:26:33,648 [INFO] [Epoch 348] train_loss=0.0000
2026-04-14 02:26:34,036 [INFO] [Epoch 348] val_loss=0.0000
2026-04-14 02:26:34,041 [INFO] Epoch 348 | train=0.0000 | val=0.0000
2026-04-14 02:26:34,083 [INFO] Saved checkpoint (val=0.0000)
2026-04-14 02:26:40,738 [INFO] [Epoch 349] train_loss=0.0000
2026-04-14 02:26:41,122 [INFO] [Epoch 349] val_loss=0.0000
2026-04-14 02:26:41,127 [INFO] Epoch 349 | train=0.0000 | val=0.0000
2026-04-14 02:26:41,169 [INFO] Saved checkpoint (val=0.0000)
2026-04-14 02:26:47,886 [INFO] [Epoch 350] train_loss=0.0000
2026-04-14 02:26:48,282 [INFO] [Epoch 350] val_loss=0.0000
2026-04-14 02:26:48,286 [INFO] Epoch 350 | train=0.0000 | val=0.0000
2026-04-14 02:26:54,899 [INFO] [Epoch 351] train_loss=0.0000
2026-04-14 02:26:55,292 [INFO] [Epoch 351] val_loss=0.0000
2026-04-14 02:26:55,297 [INFO] Epoch 351 | train=0.0000 | val=0.0000
2026-04-14 02:26:55,340 [INFO] Saved checkpoint (val=0.0000)
2026-04-14 02:27:01,947 [INFO] [Epoch 352] train_loss=0.0000
2026-04-14 02:27:02,342 [INFO] [Epoch 352] val_loss=0.0000
2026-04-14 02:27:02,347 [INFO] Epoch 352 | train=0.0000 | val=0.0000
2026-04-14 02:27:02,388 [INFO] Saved checkpoint (val=0.0000)
2026-04-14 02:27:08,986 [INFO] [Epoch 353] train_loss=0.0000
2026-04-14 02:27:09,374 [INFO] [Epoch 353] val_loss=0.0000
2026-04-14 02:27:09,379 [INFO] Epoch 353 | train=0.0000 | val=0.0000
2026-04-14 02:27:09,421 [INFO] Saved checkpoint (val=0.0000)
2026-04-14 02:27:16,535 [INFO] [Epoch 354] train_loss=0.0000
2026-04-14 02:27:16,924 [INFO] [Epoch 354] val_loss=0.0000
2026-04-14 02:27:16,929 [INFO] Epoch 354 | train=0.0000 | val=0.0000
2026-04-14 02:27:16,971 [INFO] Saved checkpoint (val=0.0000)
2026-04-14 02:27:23,568 [INFO] [Epoch 355] train_loss=0.0000
2026-04-14 02:27:23,949 [INFO] [Epoch 355] val_loss=0.0000
2026-04-14 02:27:23,953 [INFO] Epoch 355 | train=0.0000 | val=0.0000
2026-04-14 02:27:23,996 [INFO] Saved checkpoint (val=0.0000)
2026-04-14 02:27:30,631 [INFO] [Epoch 356] train_loss=0.0000
2026-04-14 02:27:31,023 [INFO] [Epoch 356] val_loss=0.0000
2026-04-14 02:27:31,027 [INFO] Epoch 356 | train=0.0000 | val=0.0000
2026-04-14 02:27:31,068 [INFO] Saved checkpoint (val=0.0000)
2026-04-14 02:27:37,680 [INFO] [Epoch 357] train_loss=0.0000
2026-04-14 02:27:38,066 [INFO] [Epoch 357] val_loss=0.0000
2026-04-14 02:27:38,071 [INFO] Epoch 357 | train=0.0000 | val=0.0000
2026-04-14 02:27:38,113 [INFO] Saved checkpoint (val=0.0000)
2026-04-14 02:27:44,768 [INFO] [Epoch 358] train_loss=0.0000
2026-04-14 02:27:45,152 [INFO] [Epoch 358] val_loss=0.0000
2026-04-14 02:27:45,157 [INFO] Epoch 358 | train=0.0000 | val=0.0000
2026-04-14 02:27:45,198 [INFO] Saved checkpoint (val=0.0000)
2026-04-14 02:27:51,760 [INFO] [Epoch 359] train_loss=0.0000
2026-04-14 02:27:52,142 [INFO] [Epoch 359] val_loss=0.0000
2026-04-14 02:27:52,146 [INFO] Epoch 359 | train=0.0000 | val=0.0000
2026-04-14 02:27:52,174 [INFO] Saved checkpoint (val=0.0000)
2026-04-14 02:27:58,936 [INFO] [Epoch 360] train_loss=0.0000
2026-04-14 02:27:59,325 [INFO] [Epoch 360] val_loss=0.0000
2026-04-14 02:27:59,329 [INFO] Epoch 360 | train=0.0000 | val=0.0000
2026-04-14 02:28:05,959 [INFO] [Epoch 361] train_loss=0.0000
2026-04-14 02:28:06,349 [INFO] [Epoch 361] val_loss=0.0000
2026-04-14 02:28:06,353 [INFO] Epoch 361 | train=0.0000 | val=0.0000
2026-04-14 02:28:06,396 [INFO] Saved checkpoint (val=0.0000)
2026-04-14 02:28:13,014 [INFO] [Epoch 362] train_loss=0.0000
2026-04-14 02:28:13,399 [INFO] [Epoch 362] val_loss=0.0000
2026-04-14 02:28:13,404 [INFO] Epoch 362 | train=0.0000 | val=0.0000
2026-04-14 02:28:13,445 [INFO] Saved checkpoint (val=0.0000)
2026-04-14 02:28:20,063 [INFO] [Epoch 363] train_loss=0.0000
2026-04-14 02:28:20,456 [INFO] [Epoch 363] val_loss=0.0000
2026-04-14 02:28:20,462 [INFO] Epoch 363 | train=0.0000 | val=0.0000
2026-04-14 02:28:27,084 [INFO] [Epoch 364] train_loss=0.0000
2026-04-14 02:28:27,482 [INFO] [Epoch 364] val_loss=0.0000
2026-04-14 02:28:27,487 [INFO] Epoch 364 | train=0.0000 | val=0.0000
2026-04-14 02:28:27,529 [INFO] Saved checkpoint (val=0.0000)
2026-04-14 02:28:34,113 [INFO] [Epoch 365] train_loss=0.0000
2026-04-14 02:28:34,507 [INFO] [Epoch 365] val_loss=0.0000
2026-04-14 02:28:34,512 [INFO] Epoch 365 | train=0.0000 | val=0.0000
2026-04-14 02:28:34,554 [INFO] Saved checkpoint (val=0.0000)
2026-04-14 02:28:41,183 [INFO] [Epoch 366] train_loss=0.0000
2026-04-14 02:28:41,586 [INFO] [Epoch 366] val_loss=0.0000
2026-04-14 02:28:41,590 [INFO] Epoch 366 | train=0.0000 | val=0.0000
2026-04-14 02:28:41,632 [INFO] Saved checkpoint (val=0.0000)
2026-04-14 02:28:48,239 [INFO] [Epoch 367] train_loss=0.0000
2026-04-14 02:28:48,626 [INFO] [Epoch 367] val_loss=0.0000
2026-04-14 02:28:48,631 [INFO] Epoch 367 | train=0.0000 | val=0.0000
2026-04-14 02:28:48,673 [INFO] Saved checkpoint (val=0.0000)
2026-04-14 02:28:55,307 [INFO] [Epoch 368] train_loss=0.0000
2026-04-14 02:28:55,712 [INFO] [Epoch 368] val_loss=0.0000
2026-04-14 02:28:55,717 [INFO] Epoch 368 | train=0.0000 | val=0.0000
2026-04-14 02:28:55,759 [INFO] Saved checkpoint (val=0.0000)
2026-04-14 02:29:02,473 [INFO] [Epoch 369] train_loss=0.0000
2026-04-14 02:29:02,866 [INFO] [Epoch 369] val_loss=0.0000
2026-04-14 02:29:02,871 [INFO] Epoch 369 | train=0.0000 | val=0.0000
2026-04-14 02:29:02,898 [INFO] Saved checkpoint (val=0.0000)
2026-04-14 02:29:09,492 [INFO] [Epoch 370] train_loss=0.0000
2026-04-14 02:29:09,890 [INFO] [Epoch 370] val_loss=0.0000
2026-04-14 02:29:09,895 [INFO] Epoch 370 | train=0.0000 | val=0.0000
2026-04-14 02:29:09,936 [INFO] Saved checkpoint (val=0.0000)
2026-04-14 02:29:16,531 [INFO] [Epoch 371] train_loss=0.0000
2026-04-14 02:29:16,925 [INFO] [Epoch 371] val_loss=0.0000
2026-04-14 02:29:16,929 [INFO] Epoch 371 | train=0.0000 | val=0.0000
2026-04-14 02:29:16,965 [INFO] Saved checkpoint (val=0.0000)
2026-04-14 02:29:23,978 [INFO] [Epoch 372] train_loss=0.0000
2026-04-14 02:29:24,371 [INFO] [Epoch 372] val_loss=0.0000
2026-04-14 02:29:24,376 [INFO] Epoch 372 | train=0.0000 | val=0.0000
2026-04-14 02:29:24,418 [INFO] Saved checkpoint (val=0.0000)
2026-04-14 02:29:31,034 [INFO] [Epoch 373] train_loss=0.0000
2026-04-14 02:29:31,428 [INFO] [Epoch 373] val_loss=0.0000
2026-04-14 02:29:31,433 [INFO] Epoch 373 | train=0.0000 | val=0.0000
2026-04-14 02:29:31,474 [INFO] Saved checkpoint (val=0.0000)
2026-04-14 02:29:38,151 [INFO] [Epoch 374] train_loss=0.0000
2026-04-14 02:29:38,538 [INFO] [Epoch 374] val_loss=0.0000
2026-04-14 02:29:38,544 [INFO] Epoch 374 | train=0.0000 | val=0.0000
2026-04-14 02:29:38,587 [INFO] Saved checkpoint (val=0.0000)
2026-04-14 02:29:45,213 [INFO] [Epoch 375] train_loss=0.0000
2026-04-14 02:29:45,601 [INFO] [Epoch 375] val_loss=0.0000
2026-04-14 02:29:45,605 [INFO] Epoch 375 | train=0.0000 | val=0.0000
2026-04-14 02:29:45,646 [INFO] Saved checkpoint (val=0.0000)
2026-04-14 02:29:52,320 [INFO] [Epoch 376] train_loss=0.0000
2026-04-14 02:29:52,713 [INFO] [Epoch 376] val_loss=0.0000
2026-04-14 02:29:52,718 [INFO] Epoch 376 | train=0.0000 | val=0.0000
2026-04-14 02:29:52,759 [INFO] Saved checkpoint (val=0.0000)
2026-04-14 02:29:59,380 [INFO] [Epoch 377] train_loss=0.0000
2026-04-14 02:29:59,776 [INFO] [Epoch 377] val_loss=0.0000
2026-04-14 02:29:59,781 [INFO] Epoch 377 | train=0.0000 | val=0.0000
2026-04-14 02:29:59,824 [INFO] Saved checkpoint (val=0.0000)
2026-04-14 02:30:06,404 [INFO] [Epoch 378] train_loss=0.0000
2026-04-14 02:30:06,786 [INFO] [Epoch 378] val_loss=0.0000
2026-04-14 02:30:06,790 [INFO] Epoch 378 | train=0.0000 | val=0.0000
2026-04-14 02:30:06,831 [INFO] Saved checkpoint (val=0.0000)
2026-04-14 02:30:13,439 [INFO] [Epoch 379] train_loss=0.0000
2026-04-14 02:30:13,833 [INFO] [Epoch 379] val_loss=0.0000
2026-04-14 02:30:13,839 [INFO] Epoch 379 | train=0.0000 | val=0.0000
2026-04-14 02:30:13,882 [INFO] Saved checkpoint (val=0.0000)
2026-04-14 02:30:20,518 [INFO] [Epoch 380] train_loss=0.0000
2026-04-14 02:30:20,910 [INFO] [Epoch 380] val_loss=0.0000
2026-04-14 02:30:20,914 [INFO] Epoch 380 | train=0.0000 | val=0.0000
2026-04-14 02:30:20,955 [INFO] Saved checkpoint (val=0.0000)
2026-04-14 02:30:27,753 [INFO] [Epoch 381] train_loss=0.0000
2026-04-14 02:30:28,146 [INFO] [Epoch 381] val_loss=0.0000
2026-04-14 02:30:28,150 [INFO] Epoch 381 | train=0.0000 | val=0.0000
2026-04-14 02:30:28,191 [INFO] Saved checkpoint (val=0.0000)
2026-04-14 02:30:34,802 [INFO] [Epoch 382] train_loss=0.0000
2026-04-14 02:30:35,192 [INFO] [Epoch 382] val_loss=0.0000
2026-04-14 02:30:35,199 [INFO] Epoch 382 | train=0.0000 | val=0.0000
2026-04-14 02:30:35,225 [INFO] Saved checkpoint (val=0.0000)
2026-04-14 02:30:41,812 [INFO] [Epoch 383] train_loss=0.0000
2026-04-14 02:30:42,207 [INFO] [Epoch 383] val_loss=0.0000
2026-04-14 02:30:42,212 [INFO] Epoch 383 | train=0.0000 | val=0.0000
2026-04-14 02:30:42,252 [INFO] Saved checkpoint (val=0.0000)
2026-04-14 02:30:48,841 [INFO] [Epoch 384] train_loss=0.0000
2026-04-14 02:30:49,230 [INFO] [Epoch 384] val_loss=0.0000
2026-04-14 02:30:49,234 [INFO] Epoch 384 | train=0.0000 | val=0.0000
2026-04-14 02:30:49,276 [INFO] Saved checkpoint (val=0.0000)
2026-04-14 02:30:56,398 [INFO] [Epoch 385] train_loss=0.0000
2026-04-14 02:30:56,791 [INFO] [Epoch 385] val_loss=0.0000
2026-04-14 02:30:56,796 [INFO] Epoch 385 | train=0.0000 | val=0.0000
2026-04-14 02:30:56,837 [INFO] Saved checkpoint (val=0.0000)
2026-04-14 02:31:03,457 [INFO] [Epoch 386] train_loss=0.0000
2026-04-14 02:31:03,851 [INFO] [Epoch 386] val_loss=0.0000
2026-04-14 02:31:03,856 [INFO] Epoch 386 | train=0.0000 | val=0.0000
2026-04-14 02:31:03,897 [INFO] Saved checkpoint (val=0.0000)
2026-04-14 02:31:10,526 [INFO] [Epoch 387] train_loss=0.0000
2026-04-14 02:31:10,915 [INFO] [Epoch 387] val_loss=0.0000
2026-04-14 02:31:10,920 [INFO] Epoch 387 | train=0.0000 | val=0.0000
2026-04-14 02:31:17,531 [INFO] [Epoch 388] train_loss=0.0000
2026-04-14 02:31:17,921 [INFO] [Epoch 388] val_loss=0.0000
2026-04-14 02:31:17,926 [INFO] Epoch 388 | train=0.0000 | val=0.0000
2026-04-14 02:31:17,968 [INFO] Saved checkpoint (val=0.0000)
2026-04-14 02:31:24,570 [INFO] [Epoch 389] train_loss=0.0000
2026-04-14 02:31:24,954 [INFO] [Epoch 389] val_loss=0.0000
2026-04-14 02:31:24,959 [INFO] Epoch 389 | train=0.0000 | val=0.0000
2026-04-14 02:31:25,002 [INFO] Saved checkpoint (val=0.0000)
2026-04-14 02:31:31,661 [INFO] [Epoch 390] train_loss=0.0000
2026-04-14 02:31:32,052 [INFO] [Epoch 390] val_loss=0.0000
2026-04-14 02:31:32,058 [INFO] Epoch 390 | train=0.0000 | val=0.0000
2026-04-14 02:31:32,100 [INFO] Saved checkpoint (val=0.0000)
2026-04-14 02:31:38,703 [INFO] [Epoch 391] train_loss=0.0000
2026-04-14 02:31:39,101 [INFO] [Epoch 391] val_loss=0.0000
2026-04-14 02:31:39,106 [INFO] Epoch 391 | train=0.0000 | val=0.0000
2026-04-14 02:31:39,148 [INFO] Saved checkpoint (val=0.0000)
2026-04-14 02:31:45,751 [INFO] [Epoch 392] train_loss=0.0000
2026-04-14 02:31:46,142 [INFO] [Epoch 392] val_loss=0.0000
2026-04-14 02:31:46,147 [INFO] Epoch 392 | train=0.0000 | val=0.0000
2026-04-14 02:31:46,189 [INFO] Saved checkpoint (val=0.0000)
2026-04-14 02:31:52,956 [INFO] [Epoch 393] train_loss=0.0000
2026-04-14 02:31:53,350 [INFO] [Epoch 393] val_loss=0.0000
2026-04-14 02:31:53,355 [INFO] Epoch 393 | train=0.0000 | val=0.0000
2026-04-14 02:31:53,396 [INFO] Saved checkpoint (val=0.0000)
2026-04-14 02:32:00,049 [INFO] [Epoch 394] train_loss=0.0000
2026-04-14 02:32:00,423 [INFO] [Epoch 394] val_loss=0.0000
2026-04-14 02:32:00,428 [INFO] Epoch 394 | train=0.0000 | val=0.0000
2026-04-14 02:32:00,470 [INFO] Saved checkpoint (val=0.0000)
2026-04-14 02:32:07,404 [INFO] [Epoch 395] train_loss=0.0000
2026-04-14 02:32:07,802 [INFO] [Epoch 395] val_loss=0.0000
2026-04-14 02:32:07,808 [INFO] Epoch 395 | train=0.0000 | val=0.0000
2026-04-14 02:32:14,654 [INFO] [Epoch 396] train_loss=0.0000
2026-04-14 02:32:15,049 [INFO] [Epoch 396] val_loss=0.0000
2026-04-14 02:32:15,054 [INFO] Epoch 396 | train=0.0000 | val=0.0000
2026-04-14 02:32:15,096 [INFO] Saved checkpoint (val=0.0000)
2026-04-14 02:32:21,692 [INFO] [Epoch 397] train_loss=0.0000
2026-04-14 02:32:22,081 [INFO] [Epoch 397] val_loss=0.0000
2026-04-14 02:32:22,086 [INFO] Epoch 397 | train=0.0000 | val=0.0000
2026-04-14 02:32:22,128 [INFO] Saved checkpoint (val=0.0000)
2026-04-14 02:32:29,067 [INFO] [Epoch 398] train_loss=0.0000
2026-04-14 02:32:29,459 [INFO] [Epoch 398] val_loss=0.0000
2026-04-14 02:32:29,465 [INFO] Epoch 398 | train=0.0000 | val=0.0000
2026-04-14 02:32:36,580 [INFO] [Epoch 399] train_loss=0.0000
2026-04-14 02:32:36,969 [INFO] [Epoch 399] val_loss=0.0000
2026-04-14 02:32:36,974 [INFO] Epoch 399 | train=0.0000 | val=0.0000
2026-04-14 02:32:37,017 [INFO] Saved checkpoint (val=0.0000)
2026-04-14 02:32:43,596 [INFO] [Epoch 400] train_loss=0.0000
2026-04-14 02:32:43,997 [INFO] [Epoch 400] val_loss=0.0000
2026-04-14 02:32:44,002 [INFO] Epoch 400 | train=0.0000 | val=0.0000
2026-04-14 02:32:44,044 [INFO] Saved checkpoint (val=0.0000)
2026-04-14 02:32:51,066 [INFO] [Epoch 401] train_loss=0.0000
2026-04-14 02:32:51,454 [INFO] [Epoch 401] val_loss=0.0000
2026-04-14 02:32:51,459 [INFO] Epoch 401 | train=0.0000 | val=0.0000
2026-04-14 02:32:51,501 [INFO] Saved checkpoint (val=0.0000)
2026-04-14 02:32:58,147 [INFO] [Epoch 402] train_loss=0.0000
2026-04-14 02:32:58,539 [INFO] [Epoch 402] val_loss=0.0000
2026-04-14 02:32:58,544 [INFO] Epoch 402 | train=0.0000 | val=0.0000
2026-04-14 02:32:58,586 [INFO] Saved checkpoint (val=0.0000)
2026-04-14 02:33:05,186 [INFO] [Epoch 403] train_loss=0.0000
2026-04-14 02:33:05,567 [INFO] [Epoch 403] val_loss=0.0000
2026-04-14 02:33:05,571 [INFO] Epoch 403 | train=0.0000 | val=0.0000
2026-04-14 02:33:12,147 [INFO] [Epoch 404] train_loss=0.0000
2026-04-14 02:33:12,526 [INFO] [Epoch 404] val_loss=0.0000
2026-04-14 02:33:12,531 [INFO] Epoch 404 | train=0.0000 | val=0.0000
2026-04-14 02:33:19,167 [INFO] [Epoch 405] train_loss=0.0000
2026-04-14 02:33:19,550 [INFO] [Epoch 405] val_loss=0.0000
2026-04-14 02:33:19,555 [INFO] Epoch 405 | train=0.0000 | val=0.0000
2026-04-14 02:33:19,598 [INFO] Saved checkpoint (val=0.0000)
2026-04-14 02:33:26,221 [INFO] [Epoch 406] train_loss=0.0000
2026-04-14 02:33:26,615 [INFO] [Epoch 406] val_loss=0.0000
2026-04-14 02:33:26,620 [INFO] Epoch 406 | train=0.0000 | val=0.0000
2026-04-14 02:33:26,661 [INFO] Saved checkpoint (val=0.0000)
2026-04-14 02:33:33,276 [INFO] [Epoch 407] train_loss=0.0000
2026-04-14 02:33:33,658 [INFO] [Epoch 407] val_loss=0.0000
2026-04-14 02:33:33,663 [INFO] Epoch 407 | train=0.0000 | val=0.0000
2026-04-14 02:33:33,704 [INFO] Saved checkpoint (val=0.0000)
2026-04-14 02:33:40,274 [INFO] [Epoch 408] train_loss=0.0000
2026-04-14 02:33:40,661 [INFO] [Epoch 408] val_loss=0.0000
2026-04-14 02:33:40,666 [INFO] Epoch 408 | train=0.0000 | val=0.0000
2026-04-14 02:33:47,267 [INFO] [Epoch 409] train_loss=0.0000
2026-04-14 02:33:47,657 [INFO] [Epoch 409] val_loss=0.0000
2026-04-14 02:33:47,662 [INFO] Epoch 409 | train=0.0000 | val=0.0000
2026-04-14 02:33:47,690 [INFO] Saved checkpoint (val=0.0000)
2026-04-14 02:33:54,309 [INFO] [Epoch 410] train_loss=0.0000
2026-04-14 02:33:54,703 [INFO] [Epoch 410] val_loss=0.0000
2026-04-14 02:33:54,708 [INFO] Epoch 410 | train=0.0000 | val=0.0000
2026-04-14 02:33:54,750 [INFO] Saved checkpoint (val=0.0000)
2026-04-14 02:34:01,619 [INFO] [Epoch 411] train_loss=0.0000
2026-04-14 02:34:02,009 [INFO] [Epoch 411] val_loss=0.0000
2026-04-14 02:34:02,014 [INFO] Epoch 411 | train=0.0000 | val=0.0000
2026-04-14 02:34:02,056 [INFO] Saved checkpoint (val=0.0000)
2026-04-14 02:34:08,663 [INFO] [Epoch 412] train_loss=0.0000
2026-04-14 02:34:09,047 [INFO] [Epoch 412] val_loss=0.0000
2026-04-14 02:34:09,052 [INFO] Epoch 412 | train=0.0000 | val=0.0000
2026-04-14 02:34:15,748 [INFO] [Epoch 413] train_loss=0.0000
2026-04-14 02:34:16,140 [INFO] [Epoch 413] val_loss=0.0000
2026-04-14 02:34:16,145 [INFO] Epoch 413 | train=0.0000 | val=0.0000
2026-04-14 02:34:16,187 [INFO] Saved checkpoint (val=0.0000)
2026-04-14 02:34:22,879 [INFO] [Epoch 414] train_loss=0.0000
2026-04-14 02:34:23,270 [INFO] [Epoch 414] val_loss=0.0000
2026-04-14 02:34:23,275 [INFO] Epoch 414 | train=0.0000 | val=0.0000
2026-04-14 02:34:23,316 [INFO] Saved checkpoint (val=0.0000)
2026-04-14 02:34:29,885 [INFO] [Epoch 415] train_loss=0.0000
2026-04-14 02:34:30,267 [INFO] [Epoch 415] val_loss=0.0000
2026-04-14 02:34:30,271 [INFO] Epoch 415 | train=0.0000 | val=0.0000
2026-04-14 02:34:30,313 [INFO] Saved checkpoint (val=0.0000)
2026-04-14 02:34:36,878 [INFO] [Epoch 416] train_loss=0.0000
2026-04-14 02:34:37,266 [INFO] [Epoch 416] val_loss=0.0000
2026-04-14 02:34:37,271 [INFO] Epoch 416 | train=0.0000 | val=0.0000
2026-04-14 02:34:37,314 [INFO] Saved checkpoint (val=0.0000)
2026-04-14 02:34:43,917 [INFO] [Epoch 417] train_loss=0.0000
2026-04-14 02:34:44,306 [INFO] [Epoch 417] val_loss=0.0000
2026-04-14 02:34:44,311 [INFO] Epoch 417 | train=0.0000 | val=0.0000
2026-04-14 02:34:50,935 [INFO] [Epoch 418] train_loss=0.0000
2026-04-14 02:34:51,333 [INFO] [Epoch 418] val_loss=0.0000
2026-04-14 02:34:51,335 [INFO] Epoch 418 | train=0.0000 | val=0.0000
2026-04-14 02:34:51,368 [INFO] Saved checkpoint (val=0.0000)
2026-04-14 02:34:58,001 [INFO] [Epoch 419] train_loss=0.0000
2026-04-14 02:34:58,390 [INFO] [Epoch 419] val_loss=0.0000
2026-04-14 02:34:58,395 [INFO] Epoch 419 | train=0.0000 | val=0.0000
2026-04-14 02:34:58,434 [INFO] Saved checkpoint (val=0.0000)
2026-04-14 02:35:05,076 [INFO] [Epoch 420] train_loss=0.0000
2026-04-14 02:35:05,465 [INFO] [Epoch 420] val_loss=0.0000
2026-04-14 02:35:05,469 [INFO] Epoch 420 | train=0.0000 | val=0.0000
2026-04-14 02:35:12,106 [INFO] [Epoch 421] train_loss=0.0000
2026-04-14 02:35:12,500 [INFO] [Epoch 421] val_loss=0.0000
2026-04-14 02:35:12,504 [INFO] Epoch 421 | train=0.0000 | val=0.0000
2026-04-14 02:35:12,529 [INFO] Saved checkpoint (val=0.0000)
2026-04-14 02:35:19,165 [INFO] [Epoch 422] train_loss=0.0000
2026-04-14 02:35:19,567 [INFO] [Epoch 422] val_loss=0.0000
2026-04-14 02:35:19,572 [INFO] Epoch 422 | train=0.0000 | val=0.0000
2026-04-14 02:35:19,614 [INFO] Saved checkpoint (val=0.0000)
2026-04-14 02:35:26,200 [INFO] [Epoch 423] train_loss=0.0000
2026-04-14 02:35:26,589 [INFO] [Epoch 423] val_loss=0.0000
2026-04-14 02:35:26,594 [INFO] Epoch 423 | train=0.0000 | val=0.0000
2026-04-14 02:35:26,637 [INFO] Saved checkpoint (val=0.0000)
2026-04-14 02:35:33,249 [INFO] [Epoch 424] train_loss=0.0000
2026-04-14 02:35:33,637 [INFO] [Epoch 424] val_loss=0.0000
2026-04-14 02:35:33,642 [INFO] Epoch 424 | train=0.0000 | val=0.0000
2026-04-14 02:35:33,684 [INFO] Saved checkpoint (val=0.0000)
2026-04-14 02:35:40,314 [INFO] [Epoch 425] train_loss=0.0000
2026-04-14 02:35:40,704 [INFO] [Epoch 425] val_loss=0.0000
2026-04-14 02:35:40,709 [INFO] Epoch 425 | train=0.0000 | val=0.0000
2026-04-14 02:35:40,751 [INFO] Saved checkpoint (val=0.0000)
2026-04-14 02:35:47,379 [INFO] [Epoch 426] train_loss=0.0000
2026-04-14 02:35:47,771 [INFO] [Epoch 426] val_loss=0.0000
2026-04-14 02:35:47,776 [INFO] Epoch 426 | train=0.0000 | val=0.0000
2026-04-14 02:35:47,802 [INFO] Saved checkpoint (val=0.0000)
2026-04-14 02:35:54,380 [INFO] [Epoch 427] train_loss=0.0000
2026-04-14 02:35:54,761 [INFO] [Epoch 427] val_loss=0.0000
2026-04-14 02:35:54,765 [INFO] Epoch 427 | train=0.0000 | val=0.0000
2026-04-14 02:36:01,365 [INFO] [Epoch 428] train_loss=0.0000
2026-04-14 02:36:01,744 [INFO] [Epoch 428] val_loss=0.0000
2026-04-14 02:36:01,748 [INFO] Epoch 428 | train=0.0000 | val=0.0000
2026-04-14 02:36:01,790 [INFO] Saved checkpoint (val=0.0000)
2026-04-14 02:36:08,438 [INFO] [Epoch 429] train_loss=0.0000
2026-04-14 02:36:08,839 [INFO] [Epoch 429] val_loss=0.0000
2026-04-14 02:36:08,844 [INFO] Epoch 429 | train=0.0000 | val=0.0000
2026-04-14 02:36:15,496 [INFO] [Epoch 430] train_loss=0.0000
2026-04-14 02:36:15,889 [INFO] [Epoch 430] val_loss=0.0000
2026-04-14 02:36:15,894 [INFO] Epoch 430 | train=0.0000 | val=0.0000
2026-04-14 02:36:15,935 [INFO] Saved checkpoint (val=0.0000)
2026-04-14 02:36:22,591 [INFO] [Epoch 431] train_loss=0.0000
2026-04-14 02:36:22,987 [INFO] [Epoch 431] val_loss=0.0000
2026-04-14 02:36:22,991 [INFO] Epoch 431 | train=0.0000 | val=0.0000
2026-04-14 02:36:23,033 [INFO] Saved checkpoint (val=0.0000)
2026-04-14 02:36:29,618 [INFO] [Epoch 432] train_loss=0.0000
2026-04-14 02:36:30,019 [INFO] [Epoch 432] val_loss=0.0000
2026-04-14 02:36:30,024 [INFO] Epoch 432 | train=0.0000 | val=0.0000
2026-04-14 02:36:30,065 [INFO] Saved checkpoint (val=0.0000)
2026-04-14 02:36:36,715 [INFO] [Epoch 433] train_loss=0.0000
2026-04-14 02:36:37,109 [INFO] [Epoch 433] val_loss=0.0000
2026-04-14 02:36:37,113 [INFO] Epoch 433 | train=0.0000 | val=0.0000
2026-04-14 02:36:37,155 [INFO] Saved checkpoint (val=0.0000)
2026-04-14 02:36:43,971 [INFO] [Epoch 434] train_loss=0.0000
2026-04-14 02:36:44,363 [INFO] [Epoch 434] val_loss=0.0000
2026-04-14 02:36:44,368 [INFO] Epoch 434 | train=0.0000 | val=0.0000
2026-04-14 02:36:44,394 [INFO] Saved checkpoint (val=0.0000)
2026-04-14 02:36:51,004 [INFO] [Epoch 435] train_loss=0.0000
2026-04-14 02:36:51,399 [INFO] [Epoch 435] val_loss=0.0000
2026-04-14 02:36:51,404 [INFO] Epoch 435 | train=0.0000 | val=0.0000
2026-04-14 02:36:51,445 [INFO] Saved checkpoint (val=0.0000)
2026-04-14 02:36:58,087 [INFO] [Epoch 436] train_loss=0.0000
2026-04-14 02:36:58,472 [INFO] [Epoch 436] val_loss=0.0000
2026-04-14 02:36:58,477 [INFO] Epoch 436 | train=0.0000 | val=0.0000
2026-04-14 02:37:05,073 [INFO] [Epoch 437] train_loss=0.0000
2026-04-14 02:37:05,478 [INFO] [Epoch 437] val_loss=0.0000
2026-04-14 02:37:05,483 [INFO] Epoch 437 | train=0.0000 | val=0.0000
2026-04-14 02:37:05,525 [INFO] Saved checkpoint (val=0.0000)
2026-04-14 02:37:12,132 [INFO] [Epoch 438] train_loss=0.0000
2026-04-14 02:37:12,511 [INFO] [Epoch 438] val_loss=0.0000
2026-04-14 02:37:12,516 [INFO] Epoch 438 | train=0.0000 | val=0.0000
2026-04-14 02:37:12,558 [INFO] Saved checkpoint (val=0.0000)
2026-04-14 02:37:19,167 [INFO] [Epoch 439] train_loss=0.0000
2026-04-14 02:37:19,560 [INFO] [Epoch 439] val_loss=0.0000
2026-04-14 02:37:19,565 [INFO] Epoch 439 | train=0.0000 | val=0.0000
2026-04-14 02:37:26,186 [INFO] [Epoch 440] train_loss=0.0000
2026-04-14 02:37:26,577 [INFO] [Epoch 440] val_loss=0.0000
2026-04-14 02:37:26,581 [INFO] Epoch 440 | train=0.0000 | val=0.0000
2026-04-14 02:37:26,623 [INFO] Saved checkpoint (val=0.0000)
2026-04-14 02:37:33,222 [INFO] [Epoch 441] train_loss=0.0000
2026-04-14 02:37:33,615 [INFO] [Epoch 441] val_loss=0.0000
2026-04-14 02:37:33,620 [INFO] Epoch 441 | train=0.0000 | val=0.0000
2026-04-14 02:37:33,662 [INFO] Saved checkpoint (val=0.0000)
2026-04-14 02:37:40,230 [INFO] [Epoch 442] train_loss=0.0000
2026-04-14 02:37:40,617 [INFO] [Epoch 442] val_loss=0.0000
2026-04-14 02:37:40,622 [INFO] Epoch 442 | train=0.0000 | val=0.0000
2026-04-14 02:37:47,216 [INFO] [Epoch 443] train_loss=0.0000
2026-04-14 02:37:47,612 [INFO] [Epoch 443] val_loss=0.0000
2026-04-14 02:37:47,618 [INFO] Epoch 443 | train=0.0000 | val=0.0000
2026-04-14 02:37:47,646 [INFO] Saved checkpoint (val=0.0000)
2026-04-14 02:37:54,259 [INFO] [Epoch 444] train_loss=0.0000
2026-04-14 02:37:54,648 [INFO] [Epoch 444] val_loss=0.0000
2026-04-14 02:37:54,653 [INFO] Epoch 444 | train=0.0000 | val=0.0000
2026-04-14 02:38:01,438 [INFO] [Epoch 445] train_loss=0.0000
2026-04-14 02:38:01,825 [INFO] [Epoch 445] val_loss=0.0000
2026-04-14 02:38:01,830 [INFO] Epoch 445 | train=0.0000 | val=0.0000
2026-04-14 02:38:01,871 [INFO] Saved checkpoint (val=0.0000)
2026-04-14 02:38:08,544 [INFO] [Epoch 446] train_loss=0.0000
2026-04-14 02:38:08,936 [INFO] [Epoch 446] val_loss=0.0000
2026-04-14 02:38:08,941 [INFO] Epoch 446 | train=0.0000 | val=0.0000
2026-04-14 02:38:08,970 [INFO] Saved checkpoint (val=0.0000)
2026-04-14 02:38:15,574 [INFO] [Epoch 447] train_loss=0.0000
2026-04-14 02:38:15,988 [INFO] [Epoch 447] val_loss=0.0000
2026-04-14 02:38:15,992 [INFO] Epoch 447 | train=0.0000 | val=0.0000
2026-04-14 02:38:16,035 [INFO] Saved checkpoint (val=0.0000)
2026-04-14 02:38:22,724 [INFO] [Epoch 448] train_loss=0.0000
2026-04-14 02:38:23,120 [INFO] [Epoch 448] val_loss=0.0000
2026-04-14 02:38:23,125 [INFO] Epoch 448 | train=0.0000 | val=0.0000
2026-04-14 02:38:23,154 [INFO] Saved checkpoint (val=0.0000)
2026-04-14 02:38:29,822 [INFO] [Epoch 449] train_loss=0.0000
2026-04-14 02:38:30,211 [INFO] [Epoch 449] val_loss=0.0000
2026-04-14 02:38:30,217 [INFO] Epoch 449 | train=0.0000 | val=0.0000
2026-04-14 02:38:30,260 [INFO] Saved checkpoint (val=0.0000)
2026-04-14 02:38:36,886 [INFO] [Epoch 450] train_loss=0.0000
2026-04-14 02:38:37,276 [INFO] [Epoch 450] val_loss=0.0000
2026-04-14 02:38:37,280 [INFO] Epoch 450 | train=0.0000 | val=0.0000
2026-04-14 02:38:37,322 [INFO] Saved checkpoint (val=0.0000)
2026-04-14 02:38:44,092 [INFO] [Epoch 451] train_loss=0.0000
2026-04-14 02:38:44,486 [INFO] [Epoch 451] val_loss=0.0000
2026-04-14 02:38:44,491 [INFO] Epoch 451 | train=0.0000 | val=0.0000
2026-04-14 02:38:44,533 [INFO] Saved checkpoint (val=0.0000)
2026-04-14 02:38:51,151 [INFO] [Epoch 452] train_loss=0.0000
2026-04-14 02:38:51,545 [INFO] [Epoch 452] val_loss=0.0000
2026-04-14 02:38:51,550 [INFO] Epoch 452 | train=0.0000 | val=0.0000
2026-04-14 02:38:51,592 [INFO] Saved checkpoint (val=0.0000)
2026-04-14 02:38:58,204 [INFO] [Epoch 453] train_loss=0.0000
2026-04-14 02:38:58,598 [INFO] [Epoch 453] val_loss=0.0000
2026-04-14 02:38:58,603 [INFO] Epoch 453 | train=0.0000 | val=0.0000
2026-04-14 02:39:05,193 [INFO] [Epoch 454] train_loss=0.0000
2026-04-14 02:39:05,584 [INFO] [Epoch 454] val_loss=0.0000
2026-04-14 02:39:05,589 [INFO] Epoch 454 | train=0.0000 | val=0.0000
2026-04-14 02:39:12,210 [INFO] [Epoch 455] train_loss=0.0000
2026-04-14 02:39:12,598 [INFO] [Epoch 455] val_loss=0.0000
2026-04-14 02:39:12,603 [INFO] Epoch 455 | train=0.0000 | val=0.0000
2026-04-14 02:39:12,645 [INFO] Saved checkpoint (val=0.0000)
2026-04-14 02:39:19,253 [INFO] [Epoch 456] train_loss=0.0000
2026-04-14 02:39:19,639 [INFO] [Epoch 456] val_loss=0.0000
2026-04-14 02:39:19,644 [INFO] Epoch 456 | train=0.0000 | val=0.0000
2026-04-14 02:39:19,687 [INFO] Saved checkpoint (val=0.0000)
2026-04-14 02:39:26,278 [INFO] [Epoch 457] train_loss=0.0000
2026-04-14 02:39:26,670 [INFO] [Epoch 457] val_loss=0.0000
2026-04-14 02:39:26,674 [INFO] Epoch 457 | train=0.0000 | val=0.0000
2026-04-14 02:39:26,716 [INFO] Saved checkpoint (val=0.0000)
2026-04-14 02:39:33,377 [INFO] [Epoch 458] train_loss=0.0000
2026-04-14 02:39:33,771 [INFO] [Epoch 458] val_loss=0.0000
2026-04-14 02:39:33,776 [INFO] Epoch 458 | train=0.0000 | val=0.0000
2026-04-14 02:39:33,817 [INFO] Saved checkpoint (val=0.0000)
2026-04-14 02:39:40,446 [INFO] [Epoch 459] train_loss=0.0000
2026-04-14 02:39:40,838 [INFO] [Epoch 459] val_loss=0.0000
2026-04-14 02:39:40,843 [INFO] Epoch 459 | train=0.0000 | val=0.0000
2026-04-14 02:39:40,884 [INFO] Saved checkpoint (val=0.0000)
2026-04-14 02:39:47,703 [INFO] [Epoch 460] train_loss=0.0000
2026-04-14 02:39:48,102 [INFO] [Epoch 460] val_loss=0.0000
2026-04-14 02:39:48,107 [INFO] Epoch 460 | train=0.0000 | val=0.0000
2026-04-14 02:39:48,134 [INFO] Saved checkpoint (val=0.0000)
2026-04-14 02:39:54,736 [INFO] [Epoch 461] train_loss=0.0000
2026-04-14 02:39:55,139 [INFO] [Epoch 461] val_loss=0.0000
2026-04-14 02:39:55,144 [INFO] Epoch 461 | train=0.0000 | val=0.0000
2026-04-14 02:39:55,186 [INFO] Saved checkpoint (val=0.0000)
2026-04-14 02:40:01,847 [INFO] [Epoch 462] train_loss=0.0000
2026-04-14 02:40:02,237 [INFO] [Epoch 462] val_loss=0.0000
2026-04-14 02:40:02,243 [INFO] Epoch 462 | train=0.0000 | val=0.0000
2026-04-14 02:40:02,286 [INFO] Saved checkpoint (val=0.0000)
2026-04-14 02:40:08,909 [INFO] [Epoch 463] train_loss=0.0000
2026-04-14 02:40:09,304 [INFO] [Epoch 463] val_loss=0.0000
2026-04-14 02:40:09,309 [INFO] Epoch 463 | train=0.0000 | val=0.0000
2026-04-14 02:40:09,352 [INFO] Saved checkpoint (val=0.0000)
2026-04-14 02:40:16,509 [INFO] [Epoch 464] train_loss=0.0000
2026-04-14 02:40:16,896 [INFO] [Epoch 464] val_loss=0.0000
2026-04-14 02:40:16,901 [INFO] Epoch 464 | train=0.0000 | val=0.0000
2026-04-14 02:40:16,927 [INFO] Saved checkpoint (val=0.0000)
2026-04-14 02:40:24,075 [INFO] [Epoch 465] train_loss=0.0000
2026-04-14 02:40:24,468 [INFO] [Epoch 465] val_loss=0.0000
2026-04-14 02:40:24,473 [INFO] Epoch 465 | train=0.0000 | val=0.0000
2026-04-14 02:40:24,515 [INFO] Saved checkpoint (val=0.0000)
2026-04-14 02:40:31,230 [INFO] [Epoch 466] train_loss=0.0000
2026-04-14 02:40:31,632 [INFO] [Epoch 466] val_loss=0.0000
2026-04-14 02:40:31,637 [INFO] Epoch 466 | train=0.0000 | val=0.0000
2026-04-14 02:40:38,494 [INFO] [Epoch 467] train_loss=0.0000
2026-04-14 02:40:38,888 [INFO] [Epoch 467] val_loss=0.0000
2026-04-14 02:40:38,893 [INFO] Epoch 467 | train=0.0000 | val=0.0000
2026-04-14 02:40:38,919 [INFO] Saved checkpoint (val=0.0000)
2026-04-14 02:40:45,483 [INFO] [Epoch 468] train_loss=0.0000
2026-04-14 02:40:45,869 [INFO] [Epoch 468] val_loss=0.0000
2026-04-14 02:40:45,873 [INFO] Epoch 468 | train=0.0000 | val=0.0000
2026-04-14 02:40:45,915 [INFO] Saved checkpoint (val=0.0000)
2026-04-14 02:40:52,789 [INFO] [Epoch 469] train_loss=0.0000
2026-04-14 02:40:53,176 [INFO] [Epoch 469] val_loss=0.0000
2026-04-14 02:40:53,180 [INFO] Epoch 469 | train=0.0000 | val=0.0000
2026-04-14 02:40:53,222 [INFO] Saved checkpoint (val=0.0000)
2026-04-14 02:41:00,051 [INFO] [Epoch 470] train_loss=0.0000
2026-04-14 02:41:00,445 [INFO] [Epoch 470] val_loss=0.0000
2026-04-14 02:41:00,450 [INFO] Epoch 470 | train=0.0000 | val=0.0000
2026-04-14 02:41:00,492 [INFO] Saved checkpoint (val=0.0000)
2026-04-14 02:41:07,136 [INFO] [Epoch 471] train_loss=0.0000
2026-04-14 02:41:07,530 [INFO] [Epoch 471] val_loss=0.0000
2026-04-14 02:41:07,535 [INFO] Epoch 471 | train=0.0000 | val=0.0000
2026-04-14 02:41:14,189 [INFO] [Epoch 472] train_loss=0.0000
2026-04-14 02:41:14,580 [INFO] [Epoch 472] val_loss=0.0000
2026-04-14 02:41:14,585 [INFO] Epoch 472 | train=0.0000 | val=0.0000
2026-04-14 02:41:21,324 [INFO] [Epoch 473] train_loss=0.0000
2026-04-14 02:41:21,716 [INFO] [Epoch 473] val_loss=0.0000
2026-04-14 02:41:21,721 [INFO] Epoch 473 | train=0.0000 | val=0.0000
2026-04-14 02:41:21,764 [INFO] Saved checkpoint (val=0.0000)
2026-04-14 02:41:28,399 [INFO] [Epoch 474] train_loss=0.0000
2026-04-14 02:41:28,791 [INFO] [Epoch 474] val_loss=0.0000
2026-04-14 02:41:28,796 [INFO] Epoch 474 | train=0.0000 | val=0.0000
2026-04-14 02:41:35,404 [INFO] [Epoch 475] train_loss=0.0000
2026-04-14 02:41:35,796 [INFO] [Epoch 475] val_loss=0.0000
2026-04-14 02:41:35,801 [INFO] Epoch 475 | train=0.0000 | val=0.0000
2026-04-14 02:41:35,841 [INFO] Saved checkpoint (val=0.0000)
2026-04-14 02:41:42,470 [INFO] [Epoch 476] train_loss=0.0000
2026-04-14 02:41:42,850 [INFO] [Epoch 476] val_loss=0.0000
2026-04-14 02:41:42,855 [INFO] Epoch 476 | train=0.0000 | val=0.0000
2026-04-14 02:41:42,881 [INFO] Saved checkpoint (val=0.0000)
2026-04-14 02:41:49,497 [INFO] [Epoch 477] train_loss=0.0000
2026-04-14 02:41:49,891 [INFO] [Epoch 477] val_loss=0.0000
2026-04-14 02:41:49,896 [INFO] Epoch 477 | train=0.0000 | val=0.0000
2026-04-14 02:41:56,512 [INFO] [Epoch 478] train_loss=0.0000
2026-04-14 02:41:56,903 [INFO] [Epoch 478] val_loss=0.0000
2026-04-14 02:41:56,908 [INFO] Epoch 478 | train=0.0000 | val=0.0000
2026-04-14 02:41:56,951 [INFO] Saved checkpoint (val=0.0000)
2026-04-14 02:42:03,710 [INFO] [Epoch 479] train_loss=0.0000
2026-04-14 02:42:04,096 [INFO] [Epoch 479] val_loss=0.0000
2026-04-14 02:42:04,100 [INFO] Epoch 479 | train=0.0000 | val=0.0000
2026-04-14 02:42:10,713 [INFO] [Epoch 480] train_loss=0.0000
2026-04-14 02:42:11,110 [INFO] [Epoch 480] val_loss=0.0000
2026-04-14 02:42:11,115 [INFO] Epoch 480 | train=0.0000 | val=0.0000
2026-04-14 02:42:11,158 [INFO] Saved checkpoint (val=0.0000)
2026-04-14 02:42:17,779 [INFO] [Epoch 481] train_loss=0.0000
2026-04-14 02:42:18,176 [INFO] [Epoch 481] val_loss=0.0000
2026-04-14 02:42:18,180 [INFO] Epoch 481 | train=0.0000 | val=0.0000
2026-04-14 02:42:18,221 [INFO] Saved checkpoint (val=0.0000)
2026-04-14 02:42:24,833 [INFO] [Epoch 482] train_loss=0.0000
2026-04-14 02:42:25,215 [INFO] [Epoch 482] val_loss=0.0000
2026-04-14 02:42:25,220 [INFO] Epoch 482 | train=0.0000 | val=0.0000
2026-04-14 02:42:32,321 [INFO] [Epoch 483] train_loss=0.0000
2026-04-14 02:42:32,712 [INFO] [Epoch 483] val_loss=0.0000
2026-04-14 02:42:32,717 [INFO] Epoch 483 | train=0.0000 | val=0.0000
2026-04-14 02:42:32,760 [INFO] Saved checkpoint (val=0.0000)
2026-04-14 02:42:39,371 [INFO] [Epoch 484] train_loss=0.0000
2026-04-14 02:42:39,764 [INFO] [Epoch 484] val_loss=0.0000
2026-04-14 02:42:39,768 [INFO] Epoch 484 | train=0.0000 | val=0.0000
2026-04-14 02:42:46,846 [INFO] [Epoch 485] train_loss=0.0000
2026-04-14 02:42:47,243 [INFO] [Epoch 485] val_loss=0.0000
2026-04-14 02:42:47,248 [INFO] Epoch 485 | train=0.0000 | val=0.0000
2026-04-14 02:42:47,290 [INFO] Saved checkpoint (val=0.0000)
2026-04-14 02:42:53,967 [INFO] [Epoch 486] train_loss=0.0000
2026-04-14 02:42:54,348 [INFO] [Epoch 486] val_loss=0.0000
2026-04-14 02:42:54,353 [INFO] Epoch 486 | train=0.0000 | val=0.0000
2026-04-14 02:43:00,992 [INFO] [Epoch 487] train_loss=0.0000
2026-04-14 02:43:01,390 [INFO] [Epoch 487] val_loss=0.0000
2026-04-14 02:43:01,395 [INFO] Epoch 487 | train=0.0000 | val=0.0000
2026-04-14 02:43:01,438 [INFO] Saved checkpoint (val=0.0000)
2026-04-14 02:43:08,274 [INFO] [Epoch 488] train_loss=0.0000
2026-04-14 02:43:08,668 [INFO] [Epoch 488] val_loss=0.0000
2026-04-14 02:43:08,672 [INFO] Epoch 488 | train=0.0000 | val=0.0000
2026-04-14 02:43:08,714 [INFO] Saved checkpoint (val=0.0000)
2026-04-14 02:43:15,293 [INFO] [Epoch 489] train_loss=0.0000
2026-04-14 02:43:15,682 [INFO] [Epoch 489] val_loss=0.0000
2026-04-14 02:43:15,686 [INFO] Epoch 489 | train=0.0000 | val=0.0000
2026-04-14 02:43:15,727 [INFO] Saved checkpoint (val=0.0000)
2026-04-14 02:43:22,481 [INFO] [Epoch 490] train_loss=0.0000
2026-04-14 02:43:22,878 [INFO] [Epoch 490] val_loss=0.0000
2026-04-14 02:43:22,882 [INFO] Epoch 490 | train=0.0000 | val=0.0000
2026-04-14 02:43:22,925 [INFO] Saved checkpoint (val=0.0000)
2026-04-14 02:43:29,504 [INFO] [Epoch 491] train_loss=0.0000
2026-04-14 02:43:29,894 [INFO] [Epoch 491] val_loss=0.0000
2026-04-14 02:43:29,899 [INFO] Epoch 491 | train=0.0000 | val=0.0000
2026-04-14 02:43:29,941 [INFO] Saved checkpoint (val=0.0000)
2026-04-14 02:43:36,764 [INFO] [Epoch 492] train_loss=0.0000
2026-04-14 02:43:37,155 [INFO] [Epoch 492] val_loss=0.0000
2026-04-14 02:43:37,160 [INFO] Epoch 492 | train=0.0000 | val=0.0000
2026-04-14 02:43:43,762 [INFO] [Epoch 493] train_loss=0.0000
2026-04-14 02:43:44,147 [INFO] [Epoch 493] val_loss=0.0000
2026-04-14 02:43:44,150 [INFO] Epoch 493 | train=0.0000 | val=0.0000
2026-04-14 02:43:44,180 [INFO] Saved checkpoint (val=0.0000)
2026-04-14 02:43:50,971 [INFO] [Epoch 494] train_loss=0.0000
2026-04-14 02:43:51,363 [INFO] [Epoch 494] val_loss=0.0000
2026-04-14 02:43:51,368 [INFO] Epoch 494 | train=0.0000 | val=0.0000
2026-04-14 02:43:58,070 [INFO] [Epoch 495] train_loss=0.0000
2026-04-14 02:43:58,464 [INFO] [Epoch 495] val_loss=0.0000
2026-04-14 02:43:58,469 [INFO] Epoch 495 | train=0.0000 | val=0.0000
2026-04-14 02:44:05,103 [INFO] [Epoch 496] train_loss=0.0000
2026-04-14 02:44:05,496 [INFO] [Epoch 496] val_loss=0.0000
2026-04-14 02:44:05,501 [INFO] Epoch 496 | train=0.0000 | val=0.0000
2026-04-14 02:44:05,545 [INFO] Saved checkpoint (val=0.0000)
2026-04-14 02:44:12,443 [INFO] [Epoch 497] train_loss=0.0000
2026-04-14 02:44:12,838 [INFO] [Epoch 497] val_loss=0.0000
2026-04-14 02:44:12,843 [INFO] Epoch 497 | train=0.0000 | val=0.0000
2026-04-14 02:44:12,885 [INFO] Saved checkpoint (val=0.0000)
2026-04-14 02:44:19,462 [INFO] [Epoch 498] train_loss=0.0000
2026-04-14 02:44:19,856 [INFO] [Epoch 498] val_loss=0.0000
2026-04-14 02:44:19,862 [INFO] Epoch 498 | train=0.0000 | val=0.0000
2026-04-14 02:44:26,487 [INFO] [Epoch 499] train_loss=0.0000
2026-04-14 02:44:26,878 [INFO] [Epoch 499] val_loss=0.0000
2026-04-14 02:44:26,883 [INFO] Epoch 499 | train=0.0000 | val=0.0000
2026-04-14 04:24:31,814 [INFO] Logging to logs/open_clip__txt-open_clip__loc-satclip__tproj-mlp__lproj-linear__loss-mse.log
2026-04-14 04:24:31,814 [INFO] Checkpoints directory: /home/libe2152/outputs/explainable-earth-embeddings/open_clip/txt-open_clip__loc-satclip__tproj-mlp__lproj-linear__loss-mse
2026-04-14 04:24:42,293 [INFO] Loaded dataset from /home/libe2152/data/skyscript/satclip/open_clip/
2026-04-14 04:24:42,293 [INFO] Train size=341661, Val size=715
2026-04-14 04:24:42,305 [INFO] Using text encoder=open_clip, location encoder=satclip
2026-04-14 04:24:42,890 [INFO] Loss: mse
2026-04-14 04:24:42,890 [INFO] LR=0.0001, weight_decay=0.01
2026-04-14 04:24:57,508 [INFO] [Epoch 0] train_loss=0.0027
2026-04-14 04:24:58,336 [INFO] [Epoch 0] val_loss=0.0011
2026-04-14 04:24:58,339 [INFO] Epoch 0 | train=0.0027 | val=0.0011
2026-04-14 04:24:58,398 [INFO] Saved checkpoint (val=0.0011)
2026-04-14 04:25:11,959 [INFO] [Epoch 1] train_loss=0.0009
2026-04-14 04:25:12,826 [INFO] [Epoch 1] val_loss=0.0005
2026-04-14 04:25:12,830 [INFO] Epoch 1 | train=0.0009 | val=0.0005
2026-04-14 04:25:12,864 [INFO] Saved checkpoint (val=0.0005)
2026-04-14 04:25:27,173 [INFO] [Epoch 2] train_loss=0.0005
2026-04-14 04:25:28,005 [INFO] [Epoch 2] val_loss=0.0003
2026-04-14 04:25:28,012 [INFO] Epoch 2 | train=0.0005 | val=0.0003
2026-04-14 04:25:28,047 [INFO] Saved checkpoint (val=0.0003)
2026-04-14 04:25:37,181 [INFO] [Epoch 3] train_loss=0.0003
2026-04-14 04:25:37,589 [INFO] [Epoch 3] val_loss=0.0002
2026-04-14 04:25:37,594 [INFO] Epoch 3 | train=0.0003 | val=0.0002
2026-04-14 04:25:37,622 [INFO] Saved checkpoint (val=0.0002)
2026-04-14 04:25:44,720 [INFO] [Epoch 4] train_loss=0.0002
2026-04-14 04:25:45,123 [INFO] [Epoch 4] val_loss=0.0002
2026-04-14 04:25:45,127 [INFO] Epoch 4 | train=0.0002 | val=0.0002
2026-04-14 04:25:45,154 [INFO] Saved checkpoint (val=0.0002)
2026-04-14 04:25:52,142 [INFO] [Epoch 5] train_loss=0.0002
2026-04-14 04:25:52,548 [INFO] [Epoch 5] val_loss=0.0001
2026-04-14 04:25:52,553 [INFO] Epoch 5 | train=0.0002 | val=0.0001
2026-04-14 04:25:52,595 [INFO] Saved checkpoint (val=0.0001)
2026-04-14 04:25:59,687 [INFO] [Epoch 6] train_loss=0.0002
2026-04-14 04:26:00,091 [INFO] [Epoch 6] val_loss=0.0001
2026-04-14 04:26:00,096 [INFO] Epoch 6 | train=0.0002 | val=0.0001
2026-04-14 04:26:00,138 [INFO] Saved checkpoint (val=0.0001)
2026-04-14 04:26:07,079 [INFO] [Epoch 7] train_loss=0.0001
2026-04-14 04:26:07,466 [INFO] [Epoch 7] val_loss=0.0001
2026-04-14 04:26:07,470 [INFO] Epoch 7 | train=0.0001 | val=0.0001
2026-04-14 04:26:07,512 [INFO] Saved checkpoint (val=0.0001)
2026-04-14 04:26:15,115 [INFO] [Epoch 8] train_loss=0.0001
2026-04-14 04:26:15,975 [INFO] [Epoch 8] val_loss=0.0001
2026-04-14 04:26:15,977 [INFO] Epoch 8 | train=0.0001 | val=0.0001
2026-04-14 04:26:16,011 [INFO] Saved checkpoint (val=0.0001)
2026-04-14 04:26:28,923 [INFO] [Epoch 9] train_loss=0.0001
2026-04-14 04:26:29,792 [INFO] [Epoch 9] val_loss=0.0001
2026-04-14 04:26:29,799 [INFO] Epoch 9 | train=0.0001 | val=0.0001
2026-04-14 04:26:29,833 [INFO] Saved checkpoint (val=0.0001)
2026-04-14 04:26:43,016 [INFO] [Epoch 10] train_loss=0.0001
2026-04-14 04:26:43,957 [INFO] [Epoch 10] val_loss=0.0001
2026-04-14 04:26:43,963 [INFO] Epoch 10 | train=0.0001 | val=0.0001
2026-04-14 04:26:43,999 [INFO] Saved checkpoint (val=0.0001)
2026-04-14 04:26:57,228 [INFO] [Epoch 11] train_loss=0.0001
2026-04-14 04:26:58,065 [INFO] [Epoch 11] val_loss=0.0001
2026-04-14 04:26:58,071 [INFO] Epoch 11 | train=0.0001 | val=0.0001
2026-04-14 04:26:58,107 [INFO] Saved checkpoint (val=0.0001)
2026-04-14 04:27:12,628 [INFO] [Epoch 12] train_loss=0.0001
2026-04-14 04:27:13,507 [INFO] [Epoch 12] val_loss=0.0001
2026-04-14 04:27:13,509 [INFO] Epoch 12 | train=0.0001 | val=0.0001
2026-04-14 04:27:13,554 [INFO] Saved checkpoint (val=0.0001)
2026-04-14 04:27:27,480 [INFO] [Epoch 13] train_loss=0.0001
2026-04-14 04:27:28,348 [INFO] [Epoch 13] val_loss=0.0000
2026-04-14 04:27:28,351 [INFO] Epoch 13 | train=0.0001 | val=0.0000
2026-04-14 04:27:28,384 [INFO] Saved checkpoint (val=0.0000)
2026-04-14 04:27:40,795 [INFO] [Epoch 14] train_loss=0.0001
2026-04-14 04:27:41,186 [INFO] [Epoch 14] val_loss=0.0000
2026-04-14 04:27:41,191 [INFO] Epoch 14 | train=0.0001 | val=0.0000
2026-04-14 04:27:41,218 [INFO] Saved checkpoint (val=0.0000)
2026-04-14 04:27:48,414 [INFO] [Epoch 15] train_loss=0.0001
2026-04-14 04:27:48,823 [INFO] [Epoch 15] val_loss=0.0000
2026-04-14 04:27:48,828 [INFO] Epoch 15 | train=0.0001 | val=0.0000
2026-04-14 04:27:48,857 [INFO] Saved checkpoint (val=0.0000)
2026-04-14 04:27:56,002 [INFO] [Epoch 16] train_loss=0.0000
2026-04-14 04:27:56,437 [INFO] [Epoch 16] val_loss=0.0000
2026-04-14 04:27:56,441 [INFO] Epoch 16 | train=0.0000 | val=0.0000
2026-04-14 04:27:56,481 [INFO] Saved checkpoint (val=0.0000)
2026-04-14 04:28:04,198 [INFO] [Epoch 17] train_loss=0.0000
2026-04-14 04:28:04,606 [INFO] [Epoch 17] val_loss=0.0000
2026-04-14 04:28:04,610 [INFO] Epoch 17 | train=0.0000 | val=0.0000
2026-04-14 04:28:04,652 [INFO] Saved checkpoint (val=0.0000)
2026-04-14 04:28:11,951 [INFO] [Epoch 18] train_loss=0.0000
2026-04-14 04:28:12,364 [INFO] [Epoch 18] val_loss=0.0000
2026-04-14 04:28:12,369 [INFO] Epoch 18 | train=0.0000 | val=0.0000
2026-04-14 04:28:12,402 [INFO] Saved checkpoint (val=0.0000)
2026-04-14 04:28:19,300 [INFO] [Epoch 19] train_loss=0.0000
2026-04-14 04:28:19,703 [INFO] [Epoch 19] val_loss=0.0000
2026-04-14 04:28:19,708 [INFO] Epoch 19 | train=0.0000 | val=0.0000
2026-04-14 04:28:19,750 [INFO] Saved checkpoint (val=0.0000)
2026-04-14 04:28:26,610 [INFO] [Epoch 20] train_loss=0.0000
2026-04-14 04:28:27,017 [INFO] [Epoch 20] val_loss=0.0000
2026-04-14 04:28:27,021 [INFO] Epoch 20 | train=0.0000 | val=0.0000
2026-04-14 04:28:27,062 [INFO] Saved checkpoint (val=0.0000)
2026-04-14 04:28:33,925 [INFO] [Epoch 21] train_loss=0.0000
2026-04-14 04:28:34,327 [INFO] [Epoch 21] val_loss=0.0000
2026-04-14 04:28:34,332 [INFO] Epoch 21 | train=0.0000 | val=0.0000
2026-04-14 04:28:34,373 [INFO] Saved checkpoint (val=0.0000)
2026-04-14 04:28:41,802 [INFO] [Epoch 22] train_loss=0.0000
2026-04-14 04:28:42,199 [INFO] [Epoch 22] val_loss=0.0000
2026-04-14 04:28:42,204 [INFO] Epoch 22 | train=0.0000 | val=0.0000
2026-04-14 04:28:42,246 [INFO] Saved checkpoint (val=0.0000)
2026-04-14 04:28:49,203 [INFO] [Epoch 23] train_loss=0.0000
2026-04-14 04:28:49,607 [INFO] [Epoch 23] val_loss=0.0000
2026-04-14 04:28:49,612 [INFO] Epoch 23 | train=0.0000 | val=0.0000
2026-04-14 04:28:49,653 [INFO] Saved checkpoint (val=0.0000)
2026-04-14 04:28:56,521 [INFO] [Epoch 24] train_loss=0.0000
2026-04-14 04:28:56,916 [INFO] [Epoch 24] val_loss=0.0000
2026-04-14 04:28:56,918 [INFO] Epoch 24 | train=0.0000 | val=0.0000
2026-04-14 04:28:56,948 [INFO] Saved checkpoint (val=0.0000)
2026-04-14 04:29:04,003 [INFO] [Epoch 25] train_loss=0.0000
2026-04-14 04:29:04,407 [INFO] [Epoch 25] val_loss=0.0000
2026-04-14 04:29:04,411 [INFO] Epoch 25 | train=0.0000 | val=0.0000
2026-04-14 04:29:04,454 [INFO] Saved checkpoint (val=0.0000)
2026-04-14 04:29:11,307 [INFO] [Epoch 26] train_loss=0.0000
2026-04-14 04:29:11,708 [INFO] [Epoch 26] val_loss=0.0000
2026-04-14 04:29:11,712 [INFO] Epoch 26 | train=0.0000 | val=0.0000
2026-04-14 04:29:11,738 [INFO] Saved checkpoint (val=0.0000)
2026-04-14 04:29:18,787 [INFO] [Epoch 27] train_loss=0.0000
2026-04-14 04:29:19,192 [INFO] [Epoch 27] val_loss=0.0000
2026-04-14 04:29:19,197 [INFO] Epoch 27 | train=0.0000 | val=0.0000
2026-04-14 04:29:19,240 [INFO] Saved checkpoint (val=0.0000)
2026-04-14 04:29:26,502 [INFO] [Epoch 28] train_loss=0.0000
2026-04-14 04:29:26,909 [INFO] [Epoch 28] val_loss=0.0000
2026-04-14 04:29:26,912 [INFO] Epoch 28 | train=0.0000 | val=0.0000
2026-04-14 04:29:26,942 [INFO] Saved checkpoint (val=0.0000)
2026-04-14 04:29:33,916 [INFO] [Epoch 29] train_loss=0.0000
2026-04-14 04:29:34,312 [INFO] [Epoch 29] val_loss=0.0000
2026-04-14 04:29:34,317 [INFO] Epoch 29 | train=0.0000 | val=0.0000
2026-04-14 04:29:34,359 [INFO] Saved checkpoint (val=0.0000)
2026-04-14 04:29:41,213 [INFO] [Epoch 30] train_loss=0.0000
2026-04-14 04:29:41,616 [INFO] [Epoch 30] val_loss=0.0000
2026-04-14 04:29:41,619 [INFO] Epoch 30 | train=0.0000 | val=0.0000
2026-04-14 04:29:41,648 [INFO] Saved checkpoint (val=0.0000)
2026-04-14 04:29:48,526 [INFO] [Epoch 31] train_loss=0.0000
2026-04-14 04:29:48,934 [INFO] [Epoch 31] val_loss=0.0000
2026-04-14 04:29:48,938 [INFO] Epoch 31 | train=0.0000 | val=0.0000
2026-04-14 04:29:48,965 [INFO] Saved checkpoint (val=0.0000)
2026-04-14 04:29:55,833 [INFO] [Epoch 32] train_loss=0.0000
2026-04-14 04:29:56,238 [INFO] [Epoch 32] val_loss=0.0000
2026-04-14 04:29:56,243 [INFO] Epoch 32 | train=0.0000 | val=0.0000
2026-04-14 04:29:56,285 [INFO] Saved checkpoint (val=0.0000)
2026-04-14 04:30:03,344 [INFO] [Epoch 33] train_loss=0.0000
2026-04-14 04:30:03,759 [INFO] [Epoch 33] val_loss=0.0000
2026-04-14 04:30:03,764 [INFO] Epoch 33 | train=0.0000 | val=0.0000
2026-04-14 04:30:03,806 [INFO] Saved checkpoint (val=0.0000)
2026-04-14 04:30:10,920 [INFO] [Epoch 34] train_loss=0.0000
2026-04-14 04:30:11,324 [INFO] [Epoch 34] val_loss=0.0000
2026-04-14 04:30:11,328 [INFO] Epoch 34 | train=0.0000 | val=0.0000
2026-04-14 04:30:11,370 [INFO] Saved checkpoint (val=0.0000)
2026-04-14 04:30:18,182 [INFO] [Epoch 35] train_loss=0.0000
2026-04-14 04:30:18,586 [INFO] [Epoch 35] val_loss=0.0000
2026-04-14 04:30:18,591 [INFO] Epoch 35 | train=0.0000 | val=0.0000
2026-04-14 04:30:18,634 [INFO] Saved checkpoint (val=0.0000)
2026-04-14 04:30:25,519 [INFO] [Epoch 36] train_loss=0.0000
2026-04-14 04:30:25,926 [INFO] [Epoch 36] val_loss=0.0000
2026-04-14 04:30:25,931 [INFO] Epoch 36 | train=0.0000 | val=0.0000
2026-04-14 04:30:25,971 [INFO] Saved checkpoint (val=0.0000)
2026-04-14 04:30:32,912 [INFO] [Epoch 37] train_loss=0.0000
2026-04-14 04:30:33,312 [INFO] [Epoch 37] val_loss=0.0000
2026-04-14 04:30:33,317 [INFO] Epoch 37 | train=0.0000 | val=0.0000
2026-04-14 04:30:33,359 [INFO] Saved checkpoint (val=0.0000)
2026-04-14 04:30:40,288 [INFO] [Epoch 38] train_loss=0.0000
2026-04-14 04:30:40,696 [INFO] [Epoch 38] val_loss=0.0000
2026-04-14 04:30:40,701 [INFO] Epoch 38 | train=0.0000 | val=0.0000
2026-04-14 04:30:40,743 [INFO] Saved checkpoint (val=0.0000)
2026-04-14 04:30:47,780 [INFO] [Epoch 39] train_loss=0.0000
2026-04-14 04:30:48,187 [INFO] [Epoch 39] val_loss=0.0000
2026-04-14 04:30:48,190 [INFO] Epoch 39 | train=0.0000 | val=0.0000
2026-04-14 04:30:48,206 [INFO] Saved checkpoint (val=0.0000)
2026-04-14 04:30:55,060 [INFO] [Epoch 40] train_loss=0.0000
2026-04-14 04:30:55,462 [INFO] [Epoch 40] val_loss=0.0000
2026-04-14 04:30:55,468 [INFO] Epoch 40 | train=0.0000 | val=0.0000
2026-04-14 04:30:55,507 [INFO] Saved checkpoint (val=0.0000)
2026-04-14 04:31:02,371 [INFO] [Epoch 41] train_loss=0.0000
2026-04-14 04:31:02,783 [INFO] [Epoch 41] val_loss=0.0000
2026-04-14 04:31:02,788 [INFO] Epoch 41 | train=0.0000 | val=0.0000
2026-04-14 04:31:02,832 [INFO] Saved checkpoint (val=0.0000)
2026-04-14 04:31:09,716 [INFO] [Epoch 42] train_loss=0.0000
2026-04-14 04:31:10,120 [INFO] [Epoch 42] val_loss=0.0000
2026-04-14 04:31:10,125 [INFO] Epoch 42 | train=0.0000 | val=0.0000
2026-04-14 04:31:10,168 [INFO] Saved checkpoint (val=0.0000)
2026-04-14 04:31:17,097 [INFO] [Epoch 43] train_loss=0.0000
2026-04-14 04:31:17,503 [INFO] [Epoch 43] val_loss=0.0000
2026-04-14 04:31:17,508 [INFO] Epoch 43 | train=0.0000 | val=0.0000
2026-04-14 04:31:17,547 [INFO] Saved checkpoint (val=0.0000)
2026-04-14 04:31:24,760 [INFO] [Epoch 44] train_loss=0.0000
2026-04-14 04:31:25,157 [INFO] [Epoch 44] val_loss=0.0000
2026-04-14 04:31:25,163 [INFO] Epoch 44 | train=0.0000 | val=0.0000
2026-04-14 04:31:25,204 [INFO] Saved checkpoint (val=0.0000)
2026-04-14 04:31:32,087 [INFO] [Epoch 45] train_loss=0.0000
2026-04-14 04:31:32,495 [INFO] [Epoch 45] val_loss=0.0000
2026-04-14 04:31:32,500 [INFO] Epoch 45 | train=0.0000 | val=0.0000
2026-04-14 04:31:32,540 [INFO] Saved checkpoint (val=0.0000)
2026-04-14 04:31:39,535 [INFO] [Epoch 46] train_loss=0.0000
2026-04-14 04:31:39,939 [INFO] [Epoch 46] val_loss=0.0000
2026-04-14 04:31:39,944 [INFO] Epoch 46 | train=0.0000 | val=0.0000
2026-04-14 04:31:39,985 [INFO] Saved checkpoint (val=0.0000)
2026-04-14 04:31:46,884 [INFO] [Epoch 47] train_loss=0.0000
2026-04-14 04:31:47,293 [INFO] [Epoch 47] val_loss=0.0000
2026-04-14 04:31:47,298 [INFO] Epoch 47 | train=0.0000 | val=0.0000
2026-04-14 04:31:47,325 [INFO] Saved checkpoint (val=0.0000)
2026-04-14 04:31:54,342 [INFO] [Epoch 48] train_loss=0.0000
2026-04-14 04:31:54,747 [INFO] [Epoch 48] val_loss=0.0000
2026-04-14 04:31:54,751 [INFO] Epoch 48 | train=0.0000 | val=0.0000
2026-04-14 04:31:54,792 [INFO] Saved checkpoint (val=0.0000)
2026-04-14 04:32:01,801 [INFO] [Epoch 49] train_loss=0.0000
2026-04-14 04:32:02,210 [INFO] [Epoch 49] val_loss=0.0000
2026-04-14 04:32:02,215 [INFO] Epoch 49 | train=0.0000 | val=0.0000
2026-04-14 04:32:02,242 [INFO] Saved checkpoint (val=0.0000)
2026-04-14 04:32:09,458 [INFO] [Epoch 50] train_loss=0.0000
2026-04-14 04:32:09,869 [INFO] [Epoch 50] val_loss=0.0000
2026-04-14 04:32:09,875 [INFO] Epoch 50 | train=0.0000 | val=0.0000
2026-04-14 04:32:09,917 [INFO] Saved checkpoint (val=0.0000)
2026-04-14 04:32:17,312 [INFO] [Epoch 51] train_loss=0.0000
2026-04-14 04:32:17,722 [INFO] [Epoch 51] val_loss=0.0000
2026-04-14 04:32:17,727 [INFO] Epoch 51 | train=0.0000 | val=0.0000
2026-04-14 04:32:17,768 [INFO] Saved checkpoint (val=0.0000)
2026-04-14 04:32:25,102 [INFO] [Epoch 52] train_loss=0.0000
2026-04-14 04:32:25,511 [INFO] [Epoch 52] val_loss=0.0000
2026-04-14 04:32:25,516 [INFO] Epoch 52 | train=0.0000 | val=0.0000
2026-04-14 04:32:25,557 [INFO] Saved checkpoint (val=0.0000)
2026-04-14 04:32:32,483 [INFO] [Epoch 53] train_loss=0.0000
2026-04-14 04:32:32,886 [INFO] [Epoch 53] val_loss=0.0000
2026-04-14 04:32:32,892 [INFO] Epoch 53 | train=0.0000 | val=0.0000
2026-04-14 04:32:32,933 [INFO] Saved checkpoint (val=0.0000)
2026-04-14 04:32:39,882 [INFO] [Epoch 54] train_loss=0.0000
2026-04-14 04:32:40,292 [INFO] [Epoch 54] val_loss=0.0000
2026-04-14 04:32:40,298 [INFO] Epoch 54 | train=0.0000 | val=0.0000
2026-04-14 04:32:40,339 [INFO] Saved checkpoint (val=0.0000)
2026-04-14 04:32:47,195 [INFO] [Epoch 55] train_loss=0.0000
2026-04-14 04:32:47,628 [INFO] [Epoch 55] val_loss=0.0000
2026-04-14 04:32:47,636 [INFO] Epoch 55 | train=0.0000 | val=0.0000
2026-04-14 04:32:47,670 [INFO] Saved checkpoint (val=0.0000)
2026-04-14 04:32:54,521 [INFO] [Epoch 56] train_loss=0.0000
2026-04-14 04:32:54,928 [INFO] [Epoch 56] val_loss=0.0000
2026-04-14 04:32:54,933 [INFO] Epoch 56 | train=0.0000 | val=0.0000
2026-04-14 04:32:54,974 [INFO] Saved checkpoint (val=0.0000)
2026-04-14 04:33:02,045 [INFO] [Epoch 57] train_loss=0.0000
2026-04-14 04:33:02,444 [INFO] [Epoch 57] val_loss=0.0000
2026-04-14 04:33:02,449 [INFO] Epoch 57 | train=0.0000 | val=0.0000
2026-04-14 04:33:02,490 [INFO] Saved checkpoint (val=0.0000)
2026-04-14 04:33:09,288 [INFO] [Epoch 58] train_loss=0.0000
2026-04-14 04:33:09,687 [INFO] [Epoch 58] val_loss=0.0000
2026-04-14 04:33:09,692 [INFO] Epoch 58 | train=0.0000 | val=0.0000
2026-04-14 04:33:09,733 [INFO] Saved checkpoint (val=0.0000)
2026-04-14 04:33:16,825 [INFO] [Epoch 59] train_loss=0.0000
2026-04-14 04:33:17,224 [INFO] [Epoch 59] val_loss=0.0000
2026-04-14 04:33:17,228 [INFO] Epoch 59 | train=0.0000 | val=0.0000
2026-04-14 04:33:17,269 [INFO] Saved checkpoint (val=0.0000)
2026-04-14 04:33:24,256 [INFO] [Epoch 60] train_loss=0.0000
2026-04-14 04:33:24,652 [INFO] [Epoch 60] val_loss=0.0000
2026-04-14 04:33:24,656 [INFO] Epoch 60 | train=0.0000 | val=0.0000
2026-04-14 04:33:24,683 [INFO] Saved checkpoint (val=0.0000)
2026-04-14 04:33:31,747 [INFO] [Epoch 61] train_loss=0.0000
2026-04-14 04:33:32,151 [INFO] [Epoch 61] val_loss=0.0000
2026-04-14 04:33:32,154 [INFO] Epoch 61 | train=0.0000 | val=0.0000
2026-04-14 04:33:32,182 [INFO] Saved checkpoint (val=0.0000)
2026-04-14 04:33:39,624 [INFO] [Epoch 62] train_loss=0.0000
2026-04-14 04:33:40,029 [INFO] [Epoch 62] val_loss=0.0000
2026-04-14 04:33:40,034 [INFO] Epoch 62 | train=0.0000 | val=0.0000
2026-04-14 04:33:40,074 [INFO] Saved checkpoint (val=0.0000)
2026-04-14 04:33:46,971 [INFO] [Epoch 63] train_loss=0.0000
2026-04-14 04:33:47,371 [INFO] [Epoch 63] val_loss=0.0000
2026-04-14 04:33:47,377 [INFO] Epoch 63 | train=0.0000 | val=0.0000
2026-04-14 04:33:47,418 [INFO] Saved checkpoint (val=0.0000)
2026-04-14 04:33:54,470 [INFO] [Epoch 64] train_loss=0.0000
2026-04-14 04:33:54,873 [INFO] [Epoch 64] val_loss=0.0000
2026-04-14 04:33:54,878 [INFO] Epoch 64 | train=0.0000 | val=0.0000
2026-04-14 04:33:54,906 [INFO] Saved checkpoint (val=0.0000)
2026-04-14 04:34:01,911 [INFO] [Epoch 65] train_loss=0.0000
2026-04-14 04:34:02,353 [INFO] [Epoch 65] val_loss=0.0000
2026-04-14 04:34:02,358 [INFO] Epoch 65 | train=0.0000 | val=0.0000
2026-04-14 04:34:02,399 [INFO] Saved checkpoint (val=0.0000)
2026-04-14 04:34:09,416 [INFO] [Epoch 66] train_loss=0.0000
2026-04-14 04:34:09,827 [INFO] [Epoch 66] val_loss=0.0000
2026-04-14 04:34:09,833 [INFO] Epoch 66 | train=0.0000 | val=0.0000
2026-04-14 04:34:09,874 [INFO] Saved checkpoint (val=0.0000)
2026-04-14 04:34:16,830 [INFO] [Epoch 67] train_loss=0.0000
2026-04-14 04:34:17,236 [INFO] [Epoch 67] val_loss=0.0000
2026-04-14 04:34:17,241 [INFO] Epoch 67 | train=0.0000 | val=0.0000
2026-04-14 04:34:17,282 [INFO] Saved checkpoint (val=0.0000)
2026-04-14 04:34:24,195 [INFO] [Epoch 68] train_loss=0.0000
2026-04-14 04:34:24,601 [INFO] [Epoch 68] val_loss=0.0000
2026-04-14 04:34:24,605 [INFO] Epoch 68 | train=0.0000 | val=0.0000
2026-04-14 04:34:24,647 [INFO] Saved checkpoint (val=0.0000)
2026-04-14 04:34:31,449 [INFO] [Epoch 69] train_loss=0.0000
2026-04-14 04:34:31,846 [INFO] [Epoch 69] val_loss=0.0000
2026-04-14 04:34:31,851 [INFO] Epoch 69 | train=0.0000 | val=0.0000
2026-04-14 04:34:31,892 [INFO] Saved checkpoint (val=0.0000)
2026-04-14 04:34:38,778 [INFO] [Epoch 70] train_loss=0.0000
2026-04-14 04:34:39,181 [INFO] [Epoch 70] val_loss=0.0000
2026-04-14 04:34:39,186 [INFO] Epoch 70 | train=0.0000 | val=0.0000
2026-04-14 04:34:39,227 [INFO] Saved checkpoint (val=0.0000)
2026-04-14 04:34:47,291 [INFO] [Epoch 71] train_loss=0.0000
2026-04-14 04:34:47,693 [INFO] [Epoch 71] val_loss=0.0000
2026-04-14 04:34:47,698 [INFO] Epoch 71 | train=0.0000 | val=0.0000
2026-04-14 04:34:47,741 [INFO] Saved checkpoint (val=0.0000)
2026-04-14 04:34:54,643 [INFO] [Epoch 72] train_loss=0.0000
2026-04-14 04:34:55,043 [INFO] [Epoch 72] val_loss=0.0000
2026-04-14 04:34:55,048 [INFO] Epoch 72 | train=0.0000 | val=0.0000
2026-04-14 04:34:55,088 [INFO] Saved checkpoint (val=0.0000)
2026-04-14 04:35:01,977 [INFO] [Epoch 73] train_loss=0.0000
2026-04-14 04:35:02,374 [INFO] [Epoch 73] val_loss=0.0000
2026-04-14 04:35:02,377 [INFO] Epoch 73 | train=0.0000 | val=0.0000
2026-04-14 04:35:02,406 [INFO] Saved checkpoint (val=0.0000)
2026-04-14 04:35:09,284 [INFO] [Epoch 74] train_loss=0.0000
2026-04-14 04:35:10,080 [INFO] [Epoch 74] val_loss=0.0000
2026-04-14 04:35:10,088 [INFO] Epoch 74 | train=0.0000 | val=0.0000
2026-04-14 04:35:10,110 [INFO] Saved checkpoint (val=0.0000)
2026-04-14 04:35:23,421 [INFO] [Epoch 75] train_loss=0.0000
2026-04-14 04:35:24,225 [INFO] [Epoch 75] val_loss=0.0000
2026-04-14 04:35:24,227 [INFO] Epoch 75 | train=0.0000 | val=0.0000
2026-04-14 04:35:24,260 [INFO] Saved checkpoint (val=0.0000)
2026-04-14 04:35:38,467 [INFO] [Epoch 76] train_loss=0.0000
2026-04-14 04:35:39,477 [INFO] [Epoch 76] val_loss=0.0000
2026-04-14 04:35:39,480 [INFO] Epoch 76 | train=0.0000 | val=0.0000
2026-04-14 04:35:39,522 [INFO] Saved checkpoint (val=0.0000)
2026-04-14 04:35:52,864 [INFO] [Epoch 77] train_loss=0.0000
2026-04-14 04:35:53,923 [INFO] [Epoch 77] val_loss=0.0000
2026-04-14 04:35:53,930 [INFO] Epoch 77 | train=0.0000 | val=0.0000
2026-04-14 04:35:53,967 [INFO] Saved checkpoint (val=0.0000)
2026-04-14 04:36:08,173 [INFO] [Epoch 78] train_loss=0.0000
2026-04-14 04:36:09,030 [INFO] [Epoch 78] val_loss=0.0000
2026-04-14 04:36:09,032 [INFO] Epoch 78 | train=0.0000 | val=0.0000
2026-04-14 04:36:09,070 [INFO] Saved checkpoint (val=0.0000)
2026-04-14 04:36:23,252 [INFO] [Epoch 79] train_loss=0.0000
2026-04-14 04:36:24,004 [INFO] [Epoch 79] val_loss=0.0000
2026-04-14 04:36:24,011 [INFO] Epoch 79 | train=0.0000 | val=0.0000
2026-04-14 04:36:24,042 [INFO] Saved checkpoint (val=0.0000)
2026-04-14 04:36:35,835 [INFO] [Epoch 80] train_loss=0.0000
2026-04-14 04:36:36,239 [INFO] [Epoch 80] val_loss=0.0000
2026-04-14 04:36:36,244 [INFO] Epoch 80 | train=0.0000 | val=0.0000
2026-04-14 04:36:36,286 [INFO] Saved checkpoint (val=0.0000)
2026-04-14 04:36:43,657 [INFO] [Epoch 81] train_loss=0.0000
2026-04-14 04:36:44,068 [INFO] [Epoch 81] val_loss=0.0000
2026-04-14 04:36:44,073 [INFO] Epoch 81 | train=0.0000 | val=0.0000
2026-04-14 04:36:44,115 [INFO] Saved checkpoint (val=0.0000)
2026-04-14 04:36:51,072 [INFO] [Epoch 82] train_loss=0.0000
2026-04-14 04:36:51,478 [INFO] [Epoch 82] val_loss=0.0000
2026-04-14 04:36:51,483 [INFO] Epoch 82 | train=0.0000 | val=0.0000
2026-04-14 04:36:51,524 [INFO] Saved checkpoint (val=0.0000)
2026-04-14 04:36:58,447 [INFO] [Epoch 83] train_loss=0.0000
2026-04-14 04:36:58,845 [INFO] [Epoch 83] val_loss=0.0000
2026-04-14 04:36:58,850 [INFO] Epoch 83 | train=0.0000 | val=0.0000
2026-04-14 04:36:58,905 [INFO] Saved checkpoint (val=0.0000)
2026-04-14 04:37:06,284 [INFO] [Epoch 84] train_loss=0.0000
2026-04-14 04:37:06,685 [INFO] [Epoch 84] val_loss=0.0000
2026-04-14 04:37:06,690 [INFO] Epoch 84 | train=0.0000 | val=0.0000
2026-04-14 04:37:06,718 [INFO] Saved checkpoint (val=0.0000)
2026-04-14 04:37:21,019 [INFO] [Epoch 85] train_loss=0.0000
2026-04-14 04:37:21,866 [INFO] [Epoch 85] val_loss=0.0000
2026-04-14 04:37:21,869 [INFO] Epoch 85 | train=0.0000 | val=0.0000
2026-04-14 04:37:21,905 [INFO] Saved checkpoint (val=0.0000)
2026-04-14 04:37:35,296 [INFO] [Epoch 86] train_loss=0.0000
2026-04-14 04:37:36,076 [INFO] [Epoch 86] val_loss=0.0000
2026-04-14 04:37:36,079 [INFO] Epoch 86 | train=0.0000 | val=0.0000
2026-04-14 04:37:36,129 [INFO] Saved checkpoint (val=0.0000)
2026-04-14 04:37:50,233 [INFO] [Epoch 87] train_loss=0.0000
2026-04-14 04:37:51,038 [INFO] [Epoch 87] val_loss=0.0000
2026-04-14 04:37:51,047 [INFO] Epoch 87 | train=0.0000 | val=0.0000
2026-04-14 04:37:51,083 [INFO] Saved checkpoint (val=0.0000)
2026-04-14 04:38:05,672 [INFO] [Epoch 88] train_loss=0.0000
2026-04-14 04:38:06,465 [INFO] [Epoch 88] val_loss=0.0000
2026-04-14 04:38:06,472 [INFO] Epoch 88 | train=0.0000 | val=0.0000
2026-04-14 04:38:06,508 [INFO] Saved checkpoint (val=0.0000)
2026-04-14 04:38:18,094 [INFO] [Epoch 89] train_loss=0.0000
2026-04-14 04:38:18,499 [INFO] [Epoch 89] val_loss=0.0000
2026-04-14 04:38:18,504 [INFO] Epoch 89 | train=0.0000 | val=0.0000
2026-04-14 04:38:18,546 [INFO] Saved checkpoint (val=0.0000)
2026-04-14 04:38:25,420 [INFO] [Epoch 90] train_loss=0.0000
2026-04-14 04:38:25,822 [INFO] [Epoch 90] val_loss=0.0000
2026-04-14 04:38:25,826 [INFO] Epoch 90 | train=0.0000 | val=0.0000
2026-04-14 04:38:25,868 [INFO] Saved checkpoint (val=0.0000)
2026-04-14 04:38:32,641 [INFO] [Epoch 91] train_loss=0.0000
2026-04-14 04:38:33,036 [INFO] [Epoch 91] val_loss=0.0000
2026-04-14 04:38:33,041 [INFO] Epoch 91 | train=0.0000 | val=0.0000
2026-04-14 04:38:33,080 [INFO] Saved checkpoint (val=0.0000)
2026-04-14 04:38:40,049 [INFO] [Epoch 92] train_loss=0.0000
2026-04-14 04:38:40,452 [INFO] [Epoch 92] val_loss=0.0000
2026-04-14 04:38:40,457 [INFO] Epoch 92 | train=0.0000 | val=0.0000
2026-04-14 04:38:40,499 [INFO] Saved checkpoint (val=0.0000)
2026-04-14 04:38:47,608 [INFO] [Epoch 93] train_loss=0.0000
2026-04-14 04:38:48,011 [INFO] [Epoch 93] val_loss=0.0000
2026-04-14 04:38:48,016 [INFO] Epoch 93 | train=0.0000 | val=0.0000
2026-04-14 04:38:48,043 [INFO] Saved checkpoint (val=0.0000)
2026-04-14 04:38:54,923 [INFO] [Epoch 94] train_loss=0.0000
2026-04-14 04:38:55,327 [INFO] [Epoch 94] val_loss=0.0000
2026-04-14 04:38:55,332 [INFO] Epoch 94 | train=0.0000 | val=0.0000
2026-04-14 04:38:55,372 [INFO] Saved checkpoint (val=0.0000)
2026-04-14 04:39:02,138 [INFO] [Epoch 95] train_loss=0.0000
2026-04-14 04:39:02,538 [INFO] [Epoch 95] val_loss=0.0000
2026-04-14 04:39:02,543 [INFO] Epoch 95 | train=0.0000 | val=0.0000
2026-04-14 04:39:02,584 [INFO] Saved checkpoint (val=0.0000)
2026-04-14 04:39:09,376 [INFO] [Epoch 96] train_loss=0.0000
2026-04-14 04:39:09,773 [INFO] [Epoch 96] val_loss=0.0000
2026-04-14 04:39:09,776 [INFO] Epoch 96 | train=0.0000 | val=0.0000
2026-04-14 04:39:09,805 [INFO] Saved checkpoint (val=0.0000)
2026-04-14 04:39:16,752 [INFO] [Epoch 97] train_loss=0.0000
2026-04-14 04:39:17,155 [INFO] [Epoch 97] val_loss=0.0000
2026-04-14 04:39:17,161 [INFO] Epoch 97 | train=0.0000 | val=0.0000
2026-04-14 04:39:17,187 [INFO] Saved checkpoint (val=0.0000)
2026-04-14 04:39:23,917 [INFO] [Epoch 98] train_loss=0.0000
2026-04-14 04:39:24,304 [INFO] [Epoch 98] val_loss=0.0000
2026-04-14 04:39:24,309 [INFO] Epoch 98 | train=0.0000 | val=0.0000
2026-04-14 04:39:24,351 [INFO] Saved checkpoint (val=0.0000)
2026-04-14 04:39:31,194 [INFO] [Epoch 99] train_loss=0.0000
2026-04-14 04:39:31,592 [INFO] [Epoch 99] val_loss=0.0000
2026-04-14 04:39:31,599 [INFO] Epoch 99 | train=0.0000 | val=0.0000
2026-04-14 04:39:31,639 [INFO] Saved checkpoint (val=0.0000)
2026-04-14 04:39:38,434 [INFO] [Epoch 100] train_loss=0.0000
2026-04-14 04:39:38,835 [INFO] [Epoch 100] val_loss=0.0000
2026-04-14 04:39:38,839 [INFO] Epoch 100 | train=0.0000 | val=0.0000
2026-04-14 04:39:38,865 [INFO] Saved checkpoint (val=0.0000)
2026-04-14 04:39:45,901 [INFO] [Epoch 101] train_loss=0.0000
2026-04-14 04:39:46,307 [INFO] [Epoch 101] val_loss=0.0000
2026-04-14 04:39:46,312 [INFO] Epoch 101 | train=0.0000 | val=0.0000
2026-04-14 04:39:46,353 [INFO] Saved checkpoint (val=0.0000)
2026-04-14 04:39:53,114 [INFO] [Epoch 102] train_loss=0.0000
2026-04-14 04:39:53,518 [INFO] [Epoch 102] val_loss=0.0000
2026-04-14 04:39:53,523 [INFO] Epoch 102 | train=0.0000 | val=0.0000
2026-04-14 04:39:53,564 [INFO] Saved checkpoint (val=0.0000)
2026-04-14 04:40:00,415 [INFO] [Epoch 103] train_loss=0.0000
2026-04-14 04:40:00,814 [INFO] [Epoch 103] val_loss=0.0000
2026-04-14 04:40:00,819 [INFO] Epoch 103 | train=0.0000 | val=0.0000
2026-04-14 04:40:00,862 [INFO] Saved checkpoint (val=0.0000)
2026-04-14 04:40:07,731 [INFO] [Epoch 104] train_loss=0.0000
2026-04-14 04:40:08,132 [INFO] [Epoch 104] val_loss=0.0000
2026-04-14 04:40:08,137 [INFO] Epoch 104 | train=0.0000 | val=0.0000
2026-04-14 04:40:08,177 [INFO] Saved checkpoint (val=0.0000)
2026-04-14 04:40:14,921 [INFO] [Epoch 105] train_loss=0.0000
2026-04-14 04:40:15,315 [INFO] [Epoch 105] val_loss=0.0000
2026-04-14 04:40:15,319 [INFO] Epoch 105 | train=0.0000 | val=0.0000
2026-04-14 04:40:15,360 [INFO] Saved checkpoint (val=0.0000)
2026-04-14 04:40:22,132 [INFO] [Epoch 106] train_loss=0.0000
2026-04-14 04:40:22,525 [INFO] [Epoch 106] val_loss=0.0000
2026-04-14 04:40:22,529 [INFO] Epoch 106 | train=0.0000 | val=0.0000
2026-04-14 04:40:22,566 [INFO] Saved checkpoint (val=0.0000)
2026-04-14 04:40:29,417 [INFO] [Epoch 107] train_loss=0.0000
2026-04-14 04:40:29,815 [INFO] [Epoch 107] val_loss=0.0000
2026-04-14 04:40:29,819 [INFO] Epoch 107 | train=0.0000 | val=0.0000
2026-04-14 04:40:29,861 [INFO] Saved checkpoint (val=0.0000)
2026-04-14 04:40:36,766 [INFO] [Epoch 108] train_loss=0.0000
2026-04-14 04:40:37,166 [INFO] [Epoch 108] val_loss=0.0000
2026-04-14 04:40:37,171 [INFO] Epoch 108 | train=0.0000 | val=0.0000
2026-04-14 04:40:37,198 [INFO] Saved checkpoint (val=0.0000)
2026-04-14 04:40:44,071 [INFO] [Epoch 109] train_loss=0.0000
2026-04-14 04:40:44,477 [INFO] [Epoch 109] val_loss=0.0000
2026-04-14 04:40:44,483 [INFO] Epoch 109 | train=0.0000 | val=0.0000
2026-04-14 04:40:44,522 [INFO] Saved checkpoint (val=0.0000)
2026-04-14 04:40:51,425 [INFO] [Epoch 110] train_loss=0.0000
2026-04-14 04:40:51,816 [INFO] [Epoch 110] val_loss=0.0000
2026-04-14 04:40:51,821 [INFO] Epoch 110 | train=0.0000 | val=0.0000
2026-04-14 04:40:51,862 [INFO] Saved checkpoint (val=0.0000)
2026-04-14 04:40:58,650 [INFO] [Epoch 111] train_loss=0.0000
2026-04-14 04:40:59,055 [INFO] [Epoch 111] val_loss=0.0000
2026-04-14 04:40:59,059 [INFO] Epoch 111 | train=0.0000 | val=0.0000
2026-04-14 04:40:59,100 [INFO] Saved checkpoint (val=0.0000)
2026-04-14 04:41:05,941 [INFO] [Epoch 112] train_loss=0.0000
2026-04-14 04:41:06,336 [INFO] [Epoch 112] val_loss=0.0000
2026-04-14 04:41:06,341 [INFO] Epoch 112 | train=0.0000 | val=0.0000
2026-04-14 04:41:06,381 [INFO] Saved checkpoint (val=0.0000)
2026-04-14 04:41:13,220 [INFO] [Epoch 113] train_loss=0.0000
2026-04-14 04:41:13,606 [INFO] [Epoch 113] val_loss=0.0000
2026-04-14 04:41:13,610 [INFO] Epoch 113 | train=0.0000 | val=0.0000
2026-04-14 04:41:13,652 [INFO] Saved checkpoint (val=0.0000)
2026-04-14 04:41:20,683 [INFO] [Epoch 114] train_loss=0.0000
2026-04-14 04:41:21,087 [INFO] [Epoch 114] val_loss=0.0000
2026-04-14 04:41:21,092 [INFO] Epoch 114 | train=0.0000 | val=0.0000
2026-04-14 04:41:21,133 [INFO] Saved checkpoint (val=0.0000)
2026-04-14 04:41:27,923 [INFO] [Epoch 115] train_loss=0.0000
2026-04-14 04:41:28,327 [INFO] [Epoch 115] val_loss=0.0000
2026-04-14 04:41:28,332 [INFO] Epoch 115 | train=0.0000 | val=0.0000
2026-04-14 04:41:28,374 [INFO] Saved checkpoint (val=0.0000)
2026-04-14 04:41:35,352 [INFO] [Epoch 116] train_loss=0.0000
2026-04-14 04:41:35,753 [INFO] [Epoch 116] val_loss=0.0000
2026-04-14 04:41:35,758 [INFO] Epoch 116 | train=0.0000 | val=0.0000
2026-04-14 04:41:35,800 [INFO] Saved checkpoint (val=0.0000)
2026-04-14 04:41:43,029 [INFO] [Epoch 117] train_loss=0.0000
2026-04-14 04:41:43,436 [INFO] [Epoch 117] val_loss=0.0000
2026-04-14 04:41:43,442 [INFO] Epoch 117 | train=0.0000 | val=0.0000
2026-04-14 04:41:43,485 [INFO] Saved checkpoint (val=0.0000)
2026-04-14 04:41:50,286 [INFO] [Epoch 118] train_loss=0.0000
2026-04-14 04:41:50,685 [INFO] [Epoch 118] val_loss=0.0000
2026-04-14 04:41:50,690 [INFO] Epoch 118 | train=0.0000 | val=0.0000
2026-04-14 04:41:50,732 [INFO] Saved checkpoint (val=0.0000)
2026-04-14 04:41:57,552 [INFO] [Epoch 119] train_loss=0.0000
2026-04-14 04:41:57,957 [INFO] [Epoch 119] val_loss=0.0000
2026-04-14 04:41:57,962 [INFO] Epoch 119 | train=0.0000 | val=0.0000
2026-04-14 04:41:58,004 [INFO] Saved checkpoint (val=0.0000)
2026-04-14 04:42:05,147 [INFO] [Epoch 120] train_loss=0.0000
2026-04-14 04:42:05,549 [INFO] [Epoch 120] val_loss=0.0000
2026-04-14 04:42:05,554 [INFO] Epoch 120 | train=0.0000 | val=0.0000
2026-04-14 04:42:05,595 [INFO] Saved checkpoint (val=0.0000)
2026-04-14 04:42:12,407 [INFO] [Epoch 121] train_loss=0.0000
2026-04-14 04:42:12,807 [INFO] [Epoch 121] val_loss=0.0000
2026-04-14 04:42:12,812 [INFO] Epoch 121 | train=0.0000 | val=0.0000
2026-04-14 04:42:12,838 [INFO] Saved checkpoint (val=0.0000)
2026-04-14 04:42:19,683 [INFO] [Epoch 122] train_loss=0.0000
2026-04-14 04:42:20,082 [INFO] [Epoch 122] val_loss=0.0000
2026-04-14 04:42:20,087 [INFO] Epoch 122 | train=0.0000 | val=0.0000
2026-04-14 04:42:20,129 [INFO] Saved checkpoint (val=0.0000)
2026-04-14 04:42:26,938 [INFO] [Epoch 123] train_loss=0.0000
2026-04-14 04:42:27,341 [INFO] [Epoch 123] val_loss=0.0000
2026-04-14 04:42:27,346 [INFO] Epoch 123 | train=0.0000 | val=0.0000
2026-04-14 04:42:27,388 [INFO] Saved checkpoint (val=0.0000)
2026-04-14 04:42:34,226 [INFO] [Epoch 124] train_loss=0.0000
2026-04-14 04:42:34,631 [INFO] [Epoch 124] val_loss=0.0000
2026-04-14 04:42:34,633 [INFO] Epoch 124 | train=0.0000 | val=0.0000
2026-04-14 04:42:34,662 [INFO] Saved checkpoint (val=0.0000)
2026-04-14 04:42:41,546 [INFO] [Epoch 125] train_loss=0.0000
2026-04-14 04:42:41,944 [INFO] [Epoch 125] val_loss=0.0000
2026-04-14 04:42:41,950 [INFO] Epoch 125 | train=0.0000 | val=0.0000
2026-04-14 04:42:41,990 [INFO] Saved checkpoint (val=0.0000)
2026-04-14 04:42:48,881 [INFO] [Epoch 126] train_loss=0.0000
2026-04-14 04:42:49,283 [INFO] [Epoch 126] val_loss=0.0000
2026-04-14 04:42:49,289 [INFO] Epoch 126 | train=0.0000 | val=0.0000
2026-04-14 04:42:49,330 [INFO] Saved checkpoint (val=0.0000)
2026-04-14 04:42:56,131 [INFO] [Epoch 127] train_loss=0.0000
2026-04-14 04:42:56,522 [INFO] [Epoch 127] val_loss=0.0000
2026-04-14 04:42:56,527 [INFO] Epoch 127 | train=0.0000 | val=0.0000
2026-04-14 04:42:56,569 [INFO] Saved checkpoint (val=0.0000)
2026-04-14 04:43:03,472 [INFO] [Epoch 128] train_loss=0.0000
2026-04-14 04:43:03,859 [INFO] [Epoch 128] val_loss=0.0000
2026-04-14 04:43:03,864 [INFO] Epoch 128 | train=0.0000 | val=0.0000
2026-04-14 04:43:03,907 [INFO] Saved checkpoint (val=0.0000)
2026-04-14 04:43:10,707 [INFO] [Epoch 129] train_loss=0.0000
2026-04-14 04:43:11,100 [INFO] [Epoch 129] val_loss=0.0000
2026-04-14 04:43:11,104 [INFO] Epoch 129 | train=0.0000 | val=0.0000
2026-04-14 04:43:11,146 [INFO] Saved checkpoint (val=0.0000)
2026-04-14 04:43:17,938 [INFO] [Epoch 130] train_loss=0.0000
2026-04-14 04:43:18,339 [INFO] [Epoch 130] val_loss=0.0000
2026-04-14 04:43:18,344 [INFO] Epoch 130 | train=0.0000 | val=0.0000
2026-04-14 04:43:18,385 [INFO] Saved checkpoint (val=0.0000)
2026-04-14 04:43:25,376 [INFO] [Epoch 131] train_loss=0.0000
2026-04-14 04:43:25,779 [INFO] [Epoch 131] val_loss=0.0000
2026-04-14 04:43:25,784 [INFO] Epoch 131 | train=0.0000 | val=0.0000
2026-04-14 04:43:25,824 [INFO] Saved checkpoint (val=0.0000)
2026-04-14 04:43:32,633 [INFO] [Epoch 132] train_loss=0.0000
2026-04-14 04:43:33,038 [INFO] [Epoch 132] val_loss=0.0000
2026-04-14 04:43:33,043 [INFO] Epoch 132 | train=0.0000 | val=0.0000
2026-04-14 04:43:33,084 [INFO] Saved checkpoint (val=0.0000)
2026-04-14 04:43:39,914 [INFO] [Epoch 133] train_loss=0.0000
2026-04-14 04:43:40,312 [INFO] [Epoch 133] val_loss=0.0000
2026-04-14 04:43:40,317 [INFO] Epoch 133 | train=0.0000 | val=0.0000
2026-04-14 04:43:40,359 [INFO] Saved checkpoint (val=0.0000)
2026-04-14 04:43:47,271 [INFO] [Epoch 134] train_loss=0.0000
2026-04-14 04:43:47,662 [INFO] [Epoch 134] val_loss=0.0000
2026-04-14 04:43:47,667 [INFO] Epoch 134 | train=0.0000 | val=0.0000
2026-04-14 04:43:47,706 [INFO] Saved checkpoint (val=0.0000)
2026-04-14 04:43:54,580 [INFO] [Epoch 135] train_loss=0.0000
2026-04-14 04:43:54,984 [INFO] [Epoch 135] val_loss=0.0000
2026-04-14 04:43:54,990 [INFO] Epoch 135 | train=0.0000 | val=0.0000
2026-04-14 04:43:55,017 [INFO] Saved checkpoint (val=0.0000)
2026-04-14 04:44:01,785 [INFO] [Epoch 136] train_loss=0.0000
2026-04-14 04:44:02,189 [INFO] [Epoch 136] val_loss=0.0000
2026-04-14 04:44:02,194 [INFO] Epoch 136 | train=0.0000 | val=0.0000
2026-04-14 04:44:02,221 [INFO] Saved checkpoint (val=0.0000)
2026-04-14 04:44:09,028 [INFO] [Epoch 137] train_loss=0.0000
2026-04-14 04:44:09,429 [INFO] [Epoch 137] val_loss=0.0000
2026-04-14 04:44:09,433 [INFO] Epoch 137 | train=0.0000 | val=0.0000
2026-04-14 04:44:09,475 [INFO] Saved checkpoint (val=0.0000)
2026-04-14 04:44:16,310 [INFO] [Epoch 138] train_loss=0.0000
2026-04-14 04:44:16,715 [INFO] [Epoch 138] val_loss=0.0000
2026-04-14 04:44:16,720 [INFO] Epoch 138 | train=0.0000 | val=0.0000
2026-04-14 04:44:16,763 [INFO] Saved checkpoint (val=0.0000)
2026-04-14 04:44:23,557 [INFO] [Epoch 139] train_loss=0.0000
2026-04-14 04:44:23,956 [INFO] [Epoch 139] val_loss=0.0000
2026-04-14 04:44:23,960 [INFO] Epoch 139 | train=0.0000 | val=0.0000
2026-04-14 04:44:24,003 [INFO] Saved checkpoint (val=0.0000)
2026-04-14 04:44:30,777 [INFO] [Epoch 140] train_loss=0.0000
2026-04-14 04:44:31,178 [INFO] [Epoch 140] val_loss=0.0000
2026-04-14 04:44:31,183 [INFO] Epoch 140 | train=0.0000 | val=0.0000
2026-04-14 04:44:31,224 [INFO] Saved checkpoint (val=0.0000)
2026-04-14 04:44:38,478 [INFO] [Epoch 141] train_loss=0.0000
2026-04-14 04:44:38,883 [INFO] [Epoch 141] val_loss=0.0000
2026-04-14 04:44:38,887 [INFO] Epoch 141 | train=0.0000 | val=0.0000
2026-04-14 04:44:38,928 [INFO] Saved checkpoint (val=0.0000)
2026-04-14 04:44:45,689 [INFO] [Epoch 142] train_loss=0.0000
2026-04-14 04:44:46,080 [INFO] [Epoch 142] val_loss=0.0000
2026-04-14 04:44:46,085 [INFO] Epoch 142 | train=0.0000 | val=0.0000
2026-04-14 04:44:46,111 [INFO] Saved checkpoint (val=0.0000)
2026-04-14 04:44:53,353 [INFO] [Epoch 143] train_loss=0.0000
2026-04-14 04:44:53,739 [INFO] [Epoch 143] val_loss=0.0000
2026-04-14 04:44:53,744 [INFO] Epoch 143 | train=0.0000 | val=0.0000
2026-04-14 04:44:53,785 [INFO] Saved checkpoint (val=0.0000)
2026-04-14 04:45:00,576 [INFO] [Epoch 144] train_loss=0.0000
2026-04-14 04:45:00,978 [INFO] [Epoch 144] val_loss=0.0000
2026-04-14 04:45:00,983 [INFO] Epoch 144 | train=0.0000 | val=0.0000
2026-04-14 04:45:01,025 [INFO] Saved checkpoint (val=0.0000)
2026-04-14 04:45:07,877 [INFO] [Epoch 145] train_loss=0.0000
2026-04-14 04:45:08,276 [INFO] [Epoch 145] val_loss=0.0000
2026-04-14 04:45:08,281 [INFO] Epoch 145 | train=0.0000 | val=0.0000
2026-04-14 04:45:08,323 [INFO] Saved checkpoint (val=0.0000)
2026-04-14 04:45:15,128 [INFO] [Epoch 146] train_loss=0.0000
2026-04-14 04:45:15,522 [INFO] [Epoch 146] val_loss=0.0000
2026-04-14 04:45:15,527 [INFO] Epoch 146 | train=0.0000 | val=0.0000
2026-04-14 04:45:15,568 [INFO] Saved checkpoint (val=0.0000)
2026-04-14 04:45:22,544 [INFO] [Epoch 147] train_loss=0.0000
2026-04-14 04:45:22,944 [INFO] [Epoch 147] val_loss=0.0000
2026-04-14 04:45:22,949 [INFO] Epoch 147 | train=0.0000 | val=0.0000
2026-04-14 04:45:22,991 [INFO] Saved checkpoint (val=0.0000)
2026-04-14 04:45:29,835 [INFO] [Epoch 148] train_loss=0.0000
2026-04-14 04:45:30,239 [INFO] [Epoch 148] val_loss=0.0000
2026-04-14 04:45:30,245 [INFO] Epoch 148 | train=0.0000 | val=0.0000
2026-04-14 04:45:30,286 [INFO] Saved checkpoint (val=0.0000)
2026-04-14 04:45:37,252 [INFO] [Epoch 149] train_loss=0.0000
2026-04-14 04:45:37,655 [INFO] [Epoch 149] val_loss=0.0000
2026-04-14 04:45:37,660 [INFO] Epoch 149 | train=0.0000 | val=0.0000
2026-04-14 04:45:37,702 [INFO] Saved checkpoint (val=0.0000)
2026-04-14 04:45:44,837 [INFO] [Epoch 150] train_loss=0.0000
2026-04-14 04:45:45,235 [INFO] [Epoch 150] val_loss=0.0000
2026-04-14 04:45:45,239 [INFO] Epoch 150 | train=0.0000 | val=0.0000
2026-04-14 04:45:45,280 [INFO] Saved checkpoint (val=0.0000)
2026-04-14 04:45:52,209 [INFO] [Epoch 151] train_loss=0.0000
2026-04-14 04:45:52,630 [INFO] [Epoch 151] val_loss=0.0000
2026-04-14 04:45:52,636 [INFO] Epoch 151 | train=0.0000 | val=0.0000
2026-04-14 04:45:52,678 [INFO] Saved checkpoint (val=0.0000)
2026-04-14 04:45:59,792 [INFO] [Epoch 152] train_loss=0.0000
2026-04-14 04:46:00,191 [INFO] [Epoch 152] val_loss=0.0000
2026-04-14 04:46:00,195 [INFO] Epoch 152 | train=0.0000 | val=0.0000
2026-04-14 04:46:00,236 [INFO] Saved checkpoint (val=0.0000)
2026-04-14 04:46:07,158 [INFO] [Epoch 153] train_loss=0.0000
2026-04-14 04:46:07,560 [INFO] [Epoch 153] val_loss=0.0000
2026-04-14 04:46:07,565 [INFO] Epoch 153 | train=0.0000 | val=0.0000
2026-04-14 04:46:07,606 [INFO] Saved checkpoint (val=0.0000)
2026-04-14 04:46:14,797 [INFO] [Epoch 154] train_loss=0.0000
2026-04-14 04:46:15,198 [INFO] [Epoch 154] val_loss=0.0000
2026-04-14 04:46:15,203 [INFO] Epoch 154 | train=0.0000 | val=0.0000
2026-04-14 04:46:15,246 [INFO] Saved checkpoint (val=0.0000)
2026-04-14 04:46:22,031 [INFO] [Epoch 155] train_loss=0.0000
2026-04-14 04:46:22,433 [INFO] [Epoch 155] val_loss=0.0000
2026-04-14 04:46:22,437 [INFO] Epoch 155 | train=0.0000 | val=0.0000
2026-04-14 04:46:22,480 [INFO] Saved checkpoint (val=0.0000)
2026-04-14 04:46:29,318 [INFO] [Epoch 156] train_loss=0.0000
2026-04-14 04:46:29,720 [INFO] [Epoch 156] val_loss=0.0000
2026-04-14 04:46:29,726 [INFO] Epoch 156 | train=0.0000 | val=0.0000
2026-04-14 04:46:29,768 [INFO] Saved checkpoint (val=0.0000)
2026-04-14 04:46:36,686 [INFO] [Epoch 157] train_loss=0.0000
2026-04-14 04:46:37,090 [INFO] [Epoch 157] val_loss=0.0000
2026-04-14 04:46:37,095 [INFO] Epoch 157 | train=0.0000 | val=0.0000
2026-04-14 04:46:37,136 [INFO] Saved checkpoint (val=0.0000)
2026-04-14 04:46:43,934 [INFO] [Epoch 158] train_loss=0.0000
2026-04-14 04:46:44,340 [INFO] [Epoch 158] val_loss=0.0000
2026-04-14 04:46:44,345 [INFO] Epoch 158 | train=0.0000 | val=0.0000
2026-04-14 04:46:44,387 [INFO] Saved checkpoint (val=0.0000)
2026-04-14 04:46:51,392 [INFO] [Epoch 159] train_loss=0.0000
2026-04-14 04:46:51,787 [INFO] [Epoch 159] val_loss=0.0000
2026-04-14 04:46:51,792 [INFO] Epoch 159 | train=0.0000 | val=0.0000
2026-04-14 04:46:51,835 [INFO] Saved checkpoint (val=0.0000)
2026-04-14 04:46:58,878 [INFO] [Epoch 160] train_loss=0.0000
2026-04-14 04:46:59,281 [INFO] [Epoch 160] val_loss=0.0000
2026-04-14 04:46:59,286 [INFO] Epoch 160 | train=0.0000 | val=0.0000
2026-04-14 04:46:59,313 [INFO] Saved checkpoint (val=0.0000)
2026-04-14 04:47:06,177 [INFO] [Epoch 161] train_loss=0.0000
2026-04-14 04:47:06,580 [INFO] [Epoch 161] val_loss=0.0000
2026-04-14 04:47:06,585 [INFO] Epoch 161 | train=0.0000 | val=0.0000
2026-04-14 04:47:06,616 [INFO] Saved checkpoint (val=0.0000)
2026-04-14 04:47:13,473 [INFO] [Epoch 162] train_loss=0.0000
2026-04-14 04:47:13,872 [INFO] [Epoch 162] val_loss=0.0000
2026-04-14 04:47:13,876 [INFO] Epoch 162 | train=0.0000 | val=0.0000
2026-04-14 04:47:13,918 [INFO] Saved checkpoint (val=0.0000)
2026-04-14 04:47:20,742 [INFO] [Epoch 163] train_loss=0.0000
2026-04-14 04:47:21,138 [INFO] [Epoch 163] val_loss=0.0000
2026-04-14 04:47:21,143 [INFO] Epoch 163 | train=0.0000 | val=0.0000
2026-04-14 04:47:21,184 [INFO] Saved checkpoint (val=0.0000)
2026-04-14 04:47:28,000 [INFO] [Epoch 164] train_loss=0.0000
2026-04-14 04:47:28,395 [INFO] [Epoch 164] val_loss=0.0000
2026-04-14 04:47:28,400 [INFO] Epoch 164 | train=0.0000 | val=0.0000
2026-04-14 04:47:28,442 [INFO] Saved checkpoint (val=0.0000)
2026-04-14 04:47:35,357 [INFO] [Epoch 165] train_loss=0.0000
2026-04-14 04:47:35,760 [INFO] [Epoch 165] val_loss=0.0000
2026-04-14 04:47:35,765 [INFO] Epoch 165 | train=0.0000 | val=0.0000
2026-04-14 04:47:35,792 [INFO] Saved checkpoint (val=0.0000)
2026-04-14 04:47:42,713 [INFO] [Epoch 166] train_loss=0.0000
2026-04-14 04:47:43,089 [INFO] [Epoch 166] val_loss=0.0000
2026-04-14 04:47:43,094 [INFO] Epoch 166 | train=0.0000 | val=0.0000
2026-04-14 04:47:43,136 [INFO] Saved checkpoint (val=0.0000)
2026-04-14 04:47:50,065 [INFO] [Epoch 167] train_loss=0.0000
2026-04-14 04:47:50,470 [INFO] [Epoch 167] val_loss=0.0000
2026-04-14 04:47:50,475 [INFO] Epoch 167 | train=0.0000 | val=0.0000
2026-04-14 04:47:50,516 [INFO] Saved checkpoint (val=0.0000)
2026-04-14 04:47:57,566 [INFO] [Epoch 168] train_loss=0.0000
2026-04-14 04:47:57,968 [INFO] [Epoch 168] val_loss=0.0000
2026-04-14 04:47:57,972 [INFO] Epoch 168 | train=0.0000 | val=0.0000
2026-04-14 04:47:58,013 [INFO] Saved checkpoint (val=0.0000)
2026-04-14 04:48:05,113 [INFO] [Epoch 169] train_loss=0.0000
2026-04-14 04:48:05,522 [INFO] [Epoch 169] val_loss=0.0000
2026-04-14 04:48:05,527 [INFO] Epoch 169 | train=0.0000 | val=0.0000
2026-04-14 04:48:05,569 [INFO] Saved checkpoint (val=0.0000)
2026-04-14 04:48:12,391 [INFO] [Epoch 170] train_loss=0.0000
2026-04-14 04:48:12,790 [INFO] [Epoch 170] val_loss=0.0000
2026-04-14 04:48:12,795 [INFO] Epoch 170 | train=0.0000 | val=0.0000
2026-04-14 04:48:12,837 [INFO] Saved checkpoint (val=0.0000)
2026-04-14 04:48:19,869 [INFO] [Epoch 171] train_loss=0.0000
2026-04-14 04:48:20,282 [INFO] [Epoch 171] val_loss=0.0000
2026-04-14 04:48:20,287 [INFO] Epoch 171 | train=0.0000 | val=0.0000
2026-04-14 04:48:20,329 [INFO] Saved checkpoint (val=0.0000)
2026-04-14 04:48:28,151 [INFO] [Epoch 172] train_loss=0.0000
2026-04-14 04:48:28,556 [INFO] [Epoch 172] val_loss=0.0000
2026-04-14 04:48:28,561 [INFO] Epoch 172 | train=0.0000 | val=0.0000
2026-04-14 04:48:28,602 [INFO] Saved checkpoint (val=0.0000)
2026-04-14 04:48:35,433 [INFO] [Epoch 173] train_loss=0.0000
2026-04-14 04:48:35,827 [INFO] [Epoch 173] val_loss=0.0000
2026-04-14 04:48:35,831 [INFO] Epoch 173 | train=0.0000 | val=0.0000
2026-04-14 04:48:35,872 [INFO] Saved checkpoint (val=0.0000)
2026-04-14 04:48:42,761 [INFO] [Epoch 174] train_loss=0.0000
2026-04-14 04:48:43,161 [INFO] [Epoch 174] val_loss=0.0000
2026-04-14 04:48:43,166 [INFO] Epoch 174 | train=0.0000 | val=0.0000
2026-04-14 04:48:43,208 [INFO] Saved checkpoint (val=0.0000)
2026-04-14 04:48:52,240 [INFO] [Epoch 175] train_loss=0.0000
2026-04-14 04:48:53,020 [INFO] [Epoch 175] val_loss=0.0000
2026-04-14 04:48:53,023 [INFO] Epoch 175 | train=0.0000 | val=0.0000
2026-04-14 04:48:53,072 [INFO] Saved checkpoint (val=0.0000)
2026-04-14 04:49:07,820 [INFO] [Epoch 176] train_loss=0.0000
2026-04-14 04:49:08,738 [INFO] [Epoch 176] val_loss=0.0000
2026-04-14 04:49:08,741 [INFO] Epoch 176 | train=0.0000 | val=0.0000
2026-04-14 04:49:08,774 [INFO] Saved checkpoint (val=0.0000)
2026-04-14 04:49:22,844 [INFO] [Epoch 177] train_loss=0.0000
2026-04-14 04:49:23,795 [INFO] [Epoch 177] val_loss=0.0000
2026-04-14 04:49:23,798 [INFO] Epoch 177 | train=0.0000 | val=0.0000
2026-04-14 04:49:23,841 [INFO] Saved checkpoint (val=0.0000)
2026-04-14 04:49:38,522 [INFO] [Epoch 178] train_loss=0.0000
2026-04-14 04:49:39,473 [INFO] [Epoch 178] val_loss=0.0000
2026-04-14 04:49:39,476 [INFO] Epoch 178 | train=0.0000 | val=0.0000
2026-04-14 04:49:39,511 [INFO] Saved checkpoint (val=0.0000)
2026-04-14 04:49:54,460 [INFO] [Epoch 179] train_loss=0.0000
2026-04-14 04:49:55,254 [INFO] [Epoch 179] val_loss=0.0000
2026-04-14 04:49:55,256 [INFO] Epoch 179 | train=0.0000 | val=0.0000
2026-04-14 04:49:55,291 [INFO] Saved checkpoint (val=0.0000)
2026-04-14 04:50:08,639 [INFO] [Epoch 180] train_loss=0.0000
2026-04-14 04:50:09,520 [INFO] [Epoch 180] val_loss=0.0000
2026-04-14 04:50:09,523 [INFO] Epoch 180 | train=0.0000 | val=0.0000
2026-04-14 04:50:09,556 [INFO] Saved checkpoint (val=0.0000)
2026-04-14 04:50:19,414 [INFO] [Epoch 181] train_loss=0.0000
2026-04-14 04:50:19,816 [INFO] [Epoch 181] val_loss=0.0000
2026-04-14 04:50:19,821 [INFO] Epoch 181 | train=0.0000 | val=0.0000
2026-04-14 04:50:19,862 [INFO] Saved checkpoint (val=0.0000)
2026-04-14 04:50:26,688 [INFO] [Epoch 182] train_loss=0.0000
2026-04-14 04:50:27,094 [INFO] [Epoch 182] val_loss=0.0000
2026-04-14 04:50:27,099 [INFO] Epoch 182 | train=0.0000 | val=0.0000
2026-04-14 04:50:27,126 [INFO] Saved checkpoint (val=0.0000)
2026-04-14 04:50:34,154 [INFO] [Epoch 183] train_loss=0.0000
2026-04-14 04:50:34,680 [INFO] [Epoch 183] val_loss=0.0000
2026-04-14 04:50:34,684 [INFO] Epoch 183 | train=0.0000 | val=0.0000
2026-04-14 04:50:34,723 [INFO] Saved checkpoint (val=0.0000)
2026-04-14 04:50:42,850 [INFO] [Epoch 184] train_loss=0.0000
2026-04-14 04:50:43,657 [INFO] [Epoch 184] val_loss=0.0000
2026-04-14 04:50:43,661 [INFO] Epoch 184 | train=0.0000 | val=0.0000
2026-04-14 04:50:43,695 [INFO] Saved checkpoint (val=0.0000)
2026-04-14 04:50:57,249 [INFO] [Epoch 185] train_loss=0.0000
2026-04-14 04:50:58,024 [INFO] [Epoch 185] val_loss=0.0000
2026-04-14 04:50:58,034 [INFO] Epoch 185 | train=0.0000 | val=0.0000
2026-04-14 04:50:58,069 [INFO] Saved checkpoint (val=0.0000)
2026-04-14 04:51:12,363 [INFO] [Epoch 186] train_loss=0.0000
2026-04-14 04:51:13,227 [INFO] [Epoch 186] val_loss=0.0000
2026-04-14 04:51:13,231 [INFO] Epoch 186 | train=0.0000 | val=0.0000
2026-04-14 04:51:13,280 [INFO] Saved checkpoint (val=0.0000)
2026-04-14 04:51:26,947 [INFO] [Epoch 187] train_loss=0.0000
2026-04-14 04:51:27,753 [INFO] [Epoch 187] val_loss=0.0000
2026-04-14 04:51:27,755 [INFO] Epoch 187 | train=0.0000 | val=0.0000
2026-04-14 04:51:27,805 [INFO] Saved checkpoint (val=0.0000)
2026-04-14 04:51:40,487 [INFO] [Epoch 188] train_loss=0.0000
2026-04-14 04:51:41,312 [INFO] [Epoch 188] val_loss=0.0000
2026-04-14 04:51:41,316 [INFO] Epoch 188 | train=0.0000 | val=0.0000
2026-04-14 04:51:41,365 [INFO] Saved checkpoint (val=0.0000)
2026-04-14 04:51:54,264 [INFO] [Epoch 189] train_loss=0.0000
2026-04-14 04:51:54,654 [INFO] [Epoch 189] val_loss=0.0000
2026-04-14 04:51:54,659 [INFO] Epoch 189 | train=0.0000 | val=0.0000
2026-04-14 04:51:54,700 [INFO] Saved checkpoint (val=0.0000)
2026-04-14 04:52:01,577 [INFO] [Epoch 190] train_loss=0.0000
2026-04-14 04:52:01,990 [INFO] [Epoch 190] val_loss=0.0000
2026-04-14 04:52:01,995 [INFO] Epoch 190 | train=0.0000 | val=0.0000
2026-04-14 04:52:02,037 [INFO] Saved checkpoint (val=0.0000)
2026-04-14 04:52:08,943 [INFO] [Epoch 191] train_loss=0.0000
2026-04-14 04:52:09,324 [INFO] [Epoch 191] val_loss=0.0000
2026-04-14 04:52:09,329 [INFO] Epoch 191 | train=0.0000 | val=0.0000
2026-04-14 04:52:09,371 [INFO] Saved checkpoint (val=0.0000)
2026-04-14 04:52:16,534 [INFO] [Epoch 192] train_loss=0.0000
2026-04-14 04:52:16,924 [INFO] [Epoch 192] val_loss=0.0000
2026-04-14 04:52:16,930 [INFO] Epoch 192 | train=0.0000 | val=0.0000
2026-04-14 04:52:16,956 [INFO] Saved checkpoint (val=0.0000)
2026-04-14 04:52:23,731 [INFO] [Epoch 193] train_loss=0.0000
2026-04-14 04:52:24,135 [INFO] [Epoch 193] val_loss=0.0000
2026-04-14 04:52:24,139 [INFO] Epoch 193 | train=0.0000 | val=0.0000
2026-04-14 04:52:24,181 [INFO] Saved checkpoint (val=0.0000)
2026-04-14 04:52:31,236 [INFO] [Epoch 194] train_loss=0.0000
2026-04-14 04:52:31,635 [INFO] [Epoch 194] val_loss=0.0000
2026-04-14 04:52:31,640 [INFO] Epoch 194 | train=0.0000 | val=0.0000
2026-04-14 04:52:31,672 [INFO] Saved checkpoint (val=0.0000)
2026-04-14 04:52:38,768 [INFO] [Epoch 195] train_loss=0.0000
2026-04-14 04:52:39,162 [INFO] [Epoch 195] val_loss=0.0000
2026-04-14 04:52:39,166 [INFO] Epoch 195 | train=0.0000 | val=0.0000
2026-04-14 04:52:39,195 [INFO] Saved checkpoint (val=0.0000)
2026-04-14 04:52:46,560 [INFO] [Epoch 196] train_loss=0.0000
2026-04-14 04:52:46,975 [INFO] [Epoch 196] val_loss=0.0000
2026-04-14 04:52:46,980 [INFO] Epoch 196 | train=0.0000 | val=0.0000
2026-04-14 04:52:47,007 [INFO] Saved checkpoint (val=0.0000)
2026-04-14 04:52:53,926 [INFO] [Epoch 197] train_loss=0.0000
2026-04-14 04:52:54,314 [INFO] [Epoch 197] val_loss=0.0000
2026-04-14 04:52:54,319 [INFO] Epoch 197 | train=0.0000 | val=0.0000
2026-04-14 04:52:54,361 [INFO] Saved checkpoint (val=0.0000)
2026-04-14 04:53:01,203 [INFO] [Epoch 198] train_loss=0.0000
2026-04-14 04:53:01,588 [INFO] [Epoch 198] val_loss=0.0000
2026-04-14 04:53:01,593 [INFO] Epoch 198 | train=0.0000 | val=0.0000
2026-04-14 04:53:01,620 [INFO] Saved checkpoint (val=0.0000)
2026-04-14 04:53:08,227 [INFO] [Epoch 199] train_loss=0.0000
2026-04-14 04:53:08,615 [INFO] [Epoch 199] val_loss=0.0000
2026-04-14 04:53:08,620 [INFO] Epoch 199 | train=0.0000 | val=0.0000
2026-04-14 04:53:08,662 [INFO] Saved checkpoint (val=0.0000)
2026-04-14 04:53:15,421 [INFO] [Epoch 200] train_loss=0.0000
2026-04-14 04:53:15,812 [INFO] [Epoch 200] val_loss=0.0000
2026-04-14 04:53:15,818 [INFO] Epoch 200 | train=0.0000 | val=0.0000
2026-04-14 04:53:15,859 [INFO] Saved checkpoint (val=0.0000)
2026-04-14 04:53:22,810 [INFO] [Epoch 201] train_loss=0.0000
2026-04-14 04:53:23,189 [INFO] [Epoch 201] val_loss=0.0000
2026-04-14 04:53:23,194 [INFO] Epoch 201 | train=0.0000 | val=0.0000
2026-04-14 04:53:23,234 [INFO] Saved checkpoint (val=0.0000)
2026-04-14 04:53:29,877 [INFO] [Epoch 202] train_loss=0.0000
2026-04-14 04:53:30,270 [INFO] [Epoch 202] val_loss=0.0000
2026-04-14 04:53:30,275 [INFO] Epoch 202 | train=0.0000 | val=0.0000
2026-04-14 04:53:30,318 [INFO] Saved checkpoint (val=0.0000)
2026-04-14 04:53:37,000 [INFO] [Epoch 203] train_loss=0.0000
2026-04-14 04:53:37,409 [INFO] [Epoch 203] val_loss=0.0000
2026-04-14 04:53:37,414 [INFO] Epoch 203 | train=0.0000 | val=0.0000
2026-04-14 04:53:37,442 [INFO] Saved checkpoint (val=0.0000)
2026-04-14 04:53:44,109 [INFO] [Epoch 204] train_loss=0.0000
2026-04-14 04:53:44,491 [INFO] [Epoch 204] val_loss=0.0000
2026-04-14 04:53:44,496 [INFO] Epoch 204 | train=0.0000 | val=0.0000
2026-04-14 04:53:44,538 [INFO] Saved checkpoint (val=0.0000)
2026-04-14 04:53:51,212 [INFO] [Epoch 205] train_loss=0.0000
2026-04-14 04:53:51,602 [INFO] [Epoch 205] val_loss=0.0000
2026-04-14 04:53:51,605 [INFO] Epoch 205 | train=0.0000 | val=0.0000
2026-04-14 04:53:51,635 [INFO] Saved checkpoint (val=0.0000)
2026-04-14 04:53:58,292 [INFO] [Epoch 206] train_loss=0.0000
2026-04-14 04:53:58,676 [INFO] [Epoch 206] val_loss=0.0000
2026-04-14 04:53:58,680 [INFO] Epoch 206 | train=0.0000 | val=0.0000
2026-04-14 04:53:58,709 [INFO] Saved checkpoint (val=0.0000)
2026-04-14 04:54:05,808 [INFO] [Epoch 207] train_loss=0.0000
2026-04-14 04:54:06,198 [INFO] [Epoch 207] val_loss=0.0000
2026-04-14 04:54:06,203 [INFO] Epoch 207 | train=0.0000 | val=0.0000
2026-04-14 04:54:06,245 [INFO] Saved checkpoint (val=0.0000)
2026-04-14 04:54:13,367 [INFO] [Epoch 208] train_loss=0.0000
2026-04-14 04:54:13,767 [INFO] [Epoch 208] val_loss=0.0000
2026-04-14 04:54:13,772 [INFO] Epoch 208 | train=0.0000 | val=0.0000
2026-04-14 04:54:13,815 [INFO] Saved checkpoint (val=0.0000)
2026-04-14 04:54:20,549 [INFO] [Epoch 209] train_loss=0.0000
2026-04-14 04:54:20,933 [INFO] [Epoch 209] val_loss=0.0000
2026-04-14 04:54:20,939 [INFO] Epoch 209 | train=0.0000 | val=0.0000
2026-04-14 04:54:20,966 [INFO] Saved checkpoint (val=0.0000)
2026-04-14 04:54:27,636 [INFO] [Epoch 210] train_loss=0.0000
2026-04-14 04:54:28,039 [INFO] [Epoch 210] val_loss=0.0000
2026-04-14 04:54:28,043 [INFO] Epoch 210 | train=0.0000 | val=0.0000
2026-04-14 04:54:28,085 [INFO] Saved checkpoint (val=0.0000)
2026-04-14 04:54:34,713 [INFO] [Epoch 211] train_loss=0.0000
2026-04-14 04:54:35,104 [INFO] [Epoch 211] val_loss=0.0000
2026-04-14 04:54:35,109 [INFO] Epoch 211 | train=0.0000 | val=0.0000
2026-04-14 04:54:35,150 [INFO] Saved checkpoint (val=0.0000)
2026-04-14 04:54:41,774 [INFO] [Epoch 212] train_loss=0.0000
2026-04-14 04:54:42,165 [INFO] [Epoch 212] val_loss=0.0000
2026-04-14 04:54:42,170 [INFO] Epoch 212 | train=0.0000 | val=0.0000
2026-04-14 04:54:42,212 [INFO] Saved checkpoint (val=0.0000)
2026-04-14 04:54:48,906 [INFO] [Epoch 213] train_loss=0.0000
2026-04-14 04:54:49,299 [INFO] [Epoch 213] val_loss=0.0000
2026-04-14 04:54:49,304 [INFO] Epoch 213 | train=0.0000 | val=0.0000
2026-04-14 04:54:49,345 [INFO] Saved checkpoint (val=0.0000)
2026-04-14 04:54:55,999 [INFO] [Epoch 214] train_loss=0.0000
2026-04-14 04:54:56,390 [INFO] [Epoch 214] val_loss=0.0000
2026-04-14 04:54:56,394 [INFO] Epoch 214 | train=0.0000 | val=0.0000
2026-04-14 04:54:56,436 [INFO] Saved checkpoint (val=0.0000)
2026-04-14 04:55:03,102 [INFO] [Epoch 215] train_loss=0.0000
2026-04-14 04:55:03,493 [INFO] [Epoch 215] val_loss=0.0000
2026-04-14 04:55:03,498 [INFO] Epoch 215 | train=0.0000 | val=0.0000
2026-04-14 04:55:03,540 [INFO] Saved checkpoint (val=0.0000)
2026-04-14 04:55:10,091 [INFO] [Epoch 216] train_loss=0.0000
2026-04-14 04:55:10,473 [INFO] [Epoch 216] val_loss=0.0000
2026-04-14 04:55:10,479 [INFO] Epoch 216 | train=0.0000 | val=0.0000
2026-04-14 04:55:10,521 [INFO] Saved checkpoint (val=0.0000)
2026-04-14 04:55:17,216 [INFO] [Epoch 217] train_loss=0.0000
2026-04-14 04:55:17,611 [INFO] [Epoch 217] val_loss=0.0000
2026-04-14 04:55:17,616 [INFO] Epoch 217 | train=0.0000 | val=0.0000
2026-04-14 04:55:17,658 [INFO] Saved checkpoint (val=0.0000)
2026-04-14 04:55:24,287 [INFO] [Epoch 218] train_loss=0.0000
2026-04-14 04:55:24,679 [INFO] [Epoch 218] val_loss=0.0000
2026-04-14 04:55:24,684 [INFO] Epoch 218 | train=0.0000 | val=0.0000
2026-04-14 04:55:24,725 [INFO] Saved checkpoint (val=0.0000)
2026-04-14 04:55:31,341 [INFO] [Epoch 219] train_loss=0.0000
2026-04-14 04:55:31,735 [INFO] [Epoch 219] val_loss=0.0000
2026-04-14 04:55:31,740 [INFO] Epoch 219 | train=0.0000 | val=0.0000
2026-04-14 04:55:31,783 [INFO] Saved checkpoint (val=0.0000)
2026-04-14 04:55:38,429 [INFO] [Epoch 220] train_loss=0.0000
2026-04-14 04:55:38,801 [INFO] [Epoch 220] val_loss=0.0000
2026-04-14 04:55:38,806 [INFO] Epoch 220 | train=0.0000 | val=0.0000
2026-04-14 04:55:38,832 [INFO] Saved checkpoint (val=0.0000)
2026-04-14 04:55:45,773 [INFO] [Epoch 221] train_loss=0.0000
2026-04-14 04:55:46,173 [INFO] [Epoch 221] val_loss=0.0000
2026-04-14 04:55:46,178 [INFO] Epoch 221 | train=0.0000 | val=0.0000
2026-04-14 04:55:46,221 [INFO] Saved checkpoint (val=0.0000)
2026-04-14 04:55:52,859 [INFO] [Epoch 222] train_loss=0.0000
2026-04-14 04:55:53,254 [INFO] [Epoch 222] val_loss=0.0000
2026-04-14 04:55:53,259 [INFO] Epoch 222 | train=0.0000 | val=0.0000
2026-04-14 04:55:53,300 [INFO] Saved checkpoint (val=0.0000)
2026-04-14 04:55:59,928 [INFO] [Epoch 223] train_loss=0.0000
2026-04-14 04:56:00,319 [INFO] [Epoch 223] val_loss=0.0000
2026-04-14 04:56:00,324 [INFO] Epoch 223 | train=0.0000 | val=0.0000
2026-04-14 04:56:00,366 [INFO] Saved checkpoint (val=0.0000)
2026-04-14 04:56:07,185 [INFO] [Epoch 224] train_loss=0.0000
2026-04-14 04:56:07,568 [INFO] [Epoch 224] val_loss=0.0000
2026-04-14 04:56:07,573 [INFO] Epoch 224 | train=0.0000 | val=0.0000
2026-04-14 04:56:07,616 [INFO] Saved checkpoint (val=0.0000)
2026-04-14 04:56:14,276 [INFO] [Epoch 225] train_loss=0.0000
2026-04-14 04:56:14,670 [INFO] [Epoch 225] val_loss=0.0000
2026-04-14 04:56:14,675 [INFO] Epoch 225 | train=0.0000 | val=0.0000
2026-04-14 04:56:14,716 [INFO] Saved checkpoint (val=0.0000)
2026-04-14 04:56:21,358 [INFO] [Epoch 226] train_loss=0.0000
2026-04-14 04:56:21,750 [INFO] [Epoch 226] val_loss=0.0000
2026-04-14 04:56:21,755 [INFO] Epoch 226 | train=0.0000 | val=0.0000
2026-04-14 04:56:21,798 [INFO] Saved checkpoint (val=0.0000)
2026-04-14 04:56:28,468 [INFO] [Epoch 227] train_loss=0.0000
2026-04-14 04:56:28,863 [INFO] [Epoch 227] val_loss=0.0000
2026-04-14 04:56:28,868 [INFO] Epoch 227 | train=0.0000 | val=0.0000
2026-04-14 04:56:28,893 [INFO] Saved checkpoint (val=0.0000)
2026-04-14 04:56:35,642 [INFO] [Epoch 228] train_loss=0.0000
2026-04-14 04:56:36,037 [INFO] [Epoch 228] val_loss=0.0000
2026-04-14 04:56:36,042 [INFO] Epoch 228 | train=0.0000 | val=0.0000
2026-04-14 04:56:36,084 [INFO] Saved checkpoint (val=0.0000)
2026-04-14 04:56:42,740 [INFO] [Epoch 229] train_loss=0.0000
2026-04-14 04:56:43,134 [INFO] [Epoch 229] val_loss=0.0000
2026-04-14 04:56:43,139 [INFO] Epoch 229 | train=0.0000 | val=0.0000
2026-04-14 04:56:43,178 [INFO] Saved checkpoint (val=0.0000)
2026-04-14 04:56:49,836 [INFO] [Epoch 230] train_loss=0.0000
2026-04-14 04:56:50,230 [INFO] [Epoch 230] val_loss=0.0000
2026-04-14 04:56:50,234 [INFO] Epoch 230 | train=0.0000 | val=0.0000
2026-04-14 04:56:50,270 [INFO] Saved checkpoint (val=0.0000)
2026-04-14 04:56:56,933 [INFO] [Epoch 231] train_loss=0.0000
2026-04-14 04:56:57,327 [INFO] [Epoch 231] val_loss=0.0000
2026-04-14 04:56:57,332 [INFO] Epoch 231 | train=0.0000 | val=0.0000
2026-04-14 04:56:57,374 [INFO] Saved checkpoint (val=0.0000)
2026-04-14 04:57:04,004 [INFO] [Epoch 232] train_loss=0.0000
2026-04-14 04:57:04,383 [INFO] [Epoch 232] val_loss=0.0000
2026-04-14 04:57:04,388 [INFO] Epoch 232 | train=0.0000 | val=0.0000
2026-04-14 04:57:04,429 [INFO] Saved checkpoint (val=0.0000)
2026-04-14 04:57:11,097 [INFO] [Epoch 233] train_loss=0.0000
2026-04-14 04:57:11,478 [INFO] [Epoch 233] val_loss=0.0000
2026-04-14 04:57:11,483 [INFO] Epoch 233 | train=0.0000 | val=0.0000
2026-04-14 04:57:11,526 [INFO] Saved checkpoint (val=0.0000)
2026-04-14 04:57:18,190 [INFO] [Epoch 234] train_loss=0.0000
2026-04-14 04:57:18,587 [INFO] [Epoch 234] val_loss=0.0000
2026-04-14 04:57:18,592 [INFO] Epoch 234 | train=0.0000 | val=0.0000
2026-04-14 04:57:18,635 [INFO] Saved checkpoint (val=0.0000)
2026-04-14 04:57:25,348 [INFO] [Epoch 235] train_loss=0.0000
2026-04-14 04:57:25,743 [INFO] [Epoch 235] val_loss=0.0000
2026-04-14 04:57:25,749 [INFO] Epoch 235 | train=0.0000 | val=0.0000
2026-04-14 04:57:25,790 [INFO] Saved checkpoint (val=0.0000)
2026-04-14 04:57:32,748 [INFO] [Epoch 236] train_loss=0.0000
2026-04-14 04:57:33,145 [INFO] [Epoch 236] val_loss=0.0000
2026-04-14 04:57:33,150 [INFO] Epoch 236 | train=0.0000 | val=0.0000
2026-04-14 04:57:33,177 [INFO] Saved checkpoint (val=0.0000)
2026-04-14 04:57:39,944 [INFO] [Epoch 237] train_loss=0.0000
2026-04-14 04:57:40,336 [INFO] [Epoch 237] val_loss=0.0000
2026-04-14 04:57:40,341 [INFO] Epoch 237 | train=0.0000 | val=0.0000
2026-04-14 04:57:40,383 [INFO] Saved checkpoint (val=0.0000)
2026-04-14 04:57:47,049 [INFO] [Epoch 238] train_loss=0.0000
2026-04-14 04:57:47,449 [INFO] [Epoch 238] val_loss=0.0000
2026-04-14 04:57:47,454 [INFO] Epoch 238 | train=0.0000 | val=0.0000
2026-04-14 04:57:47,497 [INFO] Saved checkpoint (val=0.0000)
2026-04-14 04:57:54,213 [INFO] [Epoch 239] train_loss=0.0000
2026-04-14 04:57:54,601 [INFO] [Epoch 239] val_loss=0.0000
2026-04-14 04:57:54,606 [INFO] Epoch 239 | train=0.0000 | val=0.0000
2026-04-14 04:57:54,634 [INFO] Saved checkpoint (val=0.0000)
2026-04-14 04:58:01,294 [INFO] [Epoch 240] train_loss=0.0000
2026-04-14 04:58:01,678 [INFO] [Epoch 240] val_loss=0.0000
2026-04-14 04:58:01,683 [INFO] Epoch 240 | train=0.0000 | val=0.0000
2026-04-14 04:58:01,725 [INFO] Saved checkpoint (val=0.0000)
2026-04-14 04:58:08,446 [INFO] [Epoch 241] train_loss=0.0000
2026-04-14 04:58:08,838 [INFO] [Epoch 241] val_loss=0.0000
2026-04-14 04:58:08,841 [INFO] Epoch 241 | train=0.0000 | val=0.0000
2026-04-14 04:58:08,870 [INFO] Saved checkpoint (val=0.0000)
2026-04-14 04:58:15,846 [INFO] [Epoch 242] train_loss=0.0000
2026-04-14 04:58:16,241 [INFO] [Epoch 242] val_loss=0.0000
2026-04-14 04:58:16,246 [INFO] Epoch 242 | train=0.0000 | val=0.0000
2026-04-14 04:58:16,288 [INFO] Saved checkpoint (val=0.0000)
2026-04-14 04:58:23,123 [INFO] [Epoch 243] train_loss=0.0000
2026-04-14 04:58:23,515 [INFO] [Epoch 243] val_loss=0.0000
2026-04-14 04:58:23,520 [INFO] Epoch 243 | train=0.0000 | val=0.0000
2026-04-14 04:58:23,562 [INFO] Saved checkpoint (val=0.0000)
2026-04-14 04:58:30,438 [INFO] [Epoch 244] train_loss=0.0000
2026-04-14 04:58:30,828 [INFO] [Epoch 244] val_loss=0.0000
2026-04-14 04:58:30,833 [INFO] Epoch 244 | train=0.0000 | val=0.0000
2026-04-14 04:58:30,861 [INFO] Saved checkpoint (val=0.0000)
2026-04-14 04:58:38,007 [INFO] [Epoch 245] train_loss=0.0000
2026-04-14 04:58:38,415 [INFO] [Epoch 245] val_loss=0.0000
2026-04-14 04:58:38,419 [INFO] Epoch 245 | train=0.0000 | val=0.0000
2026-04-14 04:58:38,446 [INFO] Saved checkpoint (val=0.0000)
2026-04-14 04:58:45,552 [INFO] [Epoch 246] train_loss=0.0000
2026-04-14 04:58:45,944 [INFO] [Epoch 246] val_loss=0.0000
2026-04-14 04:58:45,949 [INFO] Epoch 246 | train=0.0000 | val=0.0000
2026-04-14 04:58:45,976 [INFO] Saved checkpoint (val=0.0000)
2026-04-14 04:58:53,085 [INFO] [Epoch 247] train_loss=0.0000
2026-04-14 04:58:53,472 [INFO] [Epoch 247] val_loss=0.0000
2026-04-14 04:58:53,476 [INFO] Epoch 247 | train=0.0000 | val=0.0000
2026-04-14 04:58:53,519 [INFO] Saved checkpoint (val=0.0000)
2026-04-14 04:59:00,222 [INFO] [Epoch 248] train_loss=0.0000
2026-04-14 04:59:00,609 [INFO] [Epoch 248] val_loss=0.0000
2026-04-14 04:59:00,614 [INFO] Epoch 248 | train=0.0000 | val=0.0000
2026-04-14 04:59:00,656 [INFO] Saved checkpoint (val=0.0000)
2026-04-14 04:59:07,400 [INFO] [Epoch 249] train_loss=0.0000
2026-04-14 04:59:07,813 [INFO] [Epoch 249] val_loss=0.0000
2026-04-14 04:59:07,818 [INFO] Epoch 249 | train=0.0000 | val=0.0000
2026-04-14 04:59:07,845 [INFO] Saved checkpoint (val=0.0000)
