2026-04-14 00:37:52,821 [INFO] Logging to logs/open_clip__txt-open_clip__loc-satclip__tproj-linear__lproj-linear__loss-mse.log
2026-04-14 00:37:52,822 [INFO] Checkpoints directory: /home/libe2152/outputs/explainable-earth-embeddings/open_clip/txt-open_clip__loc-satclip__tproj-linear__lproj-linear__loss-mse
2026-04-14 00:37:58,125 [INFO] Loaded dataset from /home/libe2152/data/skyscript/satclip/open_clip/
2026-04-14 00:37:58,125 [INFO] Train size=341661, Val size=715
2026-04-14 00:37:58,135 [INFO] Using text encoder=open_clip, location encoder=satclip
2026-04-14 00:37:58,623 [INFO] Loss: mse
2026-04-14 00:37:58,624 [INFO] LR=0.001, weight_decay=0.01
2026-04-14 00:38:05,342 [INFO] [Epoch 0] train_loss=0.0007
2026-04-14 00:38:05,722 [INFO] [Epoch 0] val_loss=0.0001
2026-04-14 00:38:05,725 [INFO] Epoch 0 | train=0.0007 | val=0.0001
2026-04-14 00:38:05,734 [INFO] Saved checkpoint (val=0.0001)
2026-04-14 00:38:12,338 [INFO] [Epoch 1] train_loss=0.0001
2026-04-14 00:38:12,726 [INFO] [Epoch 1] val_loss=0.0001
2026-04-14 00:38:12,731 [INFO] Epoch 1 | train=0.0001 | val=0.0001
2026-04-14 00:38:12,762 [INFO] Saved checkpoint (val=0.0001)
2026-04-14 00:38:19,462 [INFO] [Epoch 2] train_loss=0.0001
2026-04-14 00:38:19,843 [INFO] [Epoch 2] val_loss=0.0000
2026-04-14 00:38:19,848 [INFO] Epoch 2 | train=0.0001 | val=0.0000
2026-04-14 00:38:19,880 [INFO] Saved checkpoint (val=0.0000)
2026-04-14 00:38:26,585 [INFO] [Epoch 3] train_loss=0.0000
2026-04-14 00:38:26,971 [INFO] [Epoch 3] val_loss=0.0000
2026-04-14 00:38:26,976 [INFO] Epoch 3 | train=0.0000 | val=0.0000
2026-04-14 00:38:27,008 [INFO] Saved checkpoint (val=0.0000)
2026-04-14 00:38:33,658 [INFO] [Epoch 4] train_loss=0.0000
2026-04-14 00:38:34,041 [INFO] [Epoch 4] val_loss=0.0000
2026-04-14 00:38:34,046 [INFO] Epoch 4 | train=0.0000 | val=0.0000
2026-04-14 00:38:34,064 [INFO] Saved checkpoint (val=0.0000)
2026-04-14 00:38:40,720 [INFO] [Epoch 5] train_loss=0.0000
2026-04-14 00:38:41,096 [INFO] [Epoch 5] val_loss=0.0000
2026-04-14 00:38:41,101 [INFO] Epoch 5 | train=0.0000 | val=0.0000
2026-04-14 00:38:41,120 [INFO] Saved checkpoint (val=0.0000)
2026-04-14 00:38:47,780 [INFO] [Epoch 6] train_loss=0.0000
2026-04-14 00:38:48,166 [INFO] [Epoch 6] val_loss=0.0000
2026-04-14 00:38:48,171 [INFO] Epoch 6 | train=0.0000 | val=0.0000
2026-04-14 00:38:48,203 [INFO] Saved checkpoint (val=0.0000)
2026-04-14 00:38:54,856 [INFO] [Epoch 7] train_loss=0.0000
2026-04-14 00:38:55,249 [INFO] [Epoch 7] val_loss=0.0000
2026-04-14 00:38:55,253 [INFO] Epoch 7 | train=0.0000 | val=0.0000
2026-04-14 00:38:55,285 [INFO] Saved checkpoint (val=0.0000)
2026-04-14 00:39:02,058 [INFO] [Epoch 8] train_loss=0.0000
2026-04-14 00:39:02,447 [INFO] [Epoch 8] val_loss=0.0000
2026-04-14 00:39:02,453 [INFO] Epoch 8 | train=0.0000 | val=0.0000
2026-04-14 00:39:02,470 [INFO] Saved checkpoint (val=0.0000)
2026-04-14 00:39:09,147 [INFO] [Epoch 9] train_loss=0.0000
2026-04-14 00:39:09,539 [INFO] [Epoch 9] val_loss=0.0000
2026-04-14 00:39:09,544 [INFO] Epoch 9 | train=0.0000 | val=0.0000
2026-04-14 00:39:09,577 [INFO] Saved checkpoint (val=0.0000)
2026-04-14 00:39:16,222 [INFO] [Epoch 10] train_loss=0.0000
2026-04-14 00:39:16,609 [INFO] [Epoch 10] val_loss=0.0000
2026-04-14 00:39:16,613 [INFO] Epoch 10 | train=0.0000 | val=0.0000
2026-04-14 00:39:16,644 [INFO] Saved checkpoint (val=0.0000)
2026-04-14 00:39:23,284 [INFO] [Epoch 11] train_loss=0.0000
2026-04-14 00:39:23,672 [INFO] [Epoch 11] val_loss=0.0000
2026-04-14 00:39:23,677 [INFO] Epoch 11 | train=0.0000 | val=0.0000
2026-04-14 00:39:23,693 [INFO] Saved checkpoint (val=0.0000)
2026-04-14 00:39:30,348 [INFO] [Epoch 12] train_loss=0.0000
2026-04-14 00:39:30,727 [INFO] [Epoch 12] val_loss=0.0000
2026-04-14 00:39:30,730 [INFO] Epoch 12 | train=0.0000 | val=0.0000
2026-04-14 00:39:30,752 [INFO] Saved checkpoint (val=0.0000)
2026-04-14 00:39:37,468 [INFO] [Epoch 13] train_loss=0.0000
2026-04-14 00:39:37,859 [INFO] [Epoch 13] val_loss=0.0000
2026-04-14 00:39:37,864 [INFO] Epoch 13 | train=0.0000 | val=0.0000
2026-04-14 00:39:37,894 [INFO] Saved checkpoint (val=0.0000)
2026-04-14 00:39:44,522 [INFO] [Epoch 14] train_loss=0.0000
2026-04-14 00:39:44,899 [INFO] [Epoch 14] val_loss=0.0000
2026-04-14 00:39:44,904 [INFO] Epoch 14 | train=0.0000 | val=0.0000
2026-04-14 00:39:44,921 [INFO] Saved checkpoint (val=0.0000)
2026-04-14 00:39:51,506 [INFO] [Epoch 15] train_loss=0.0000
2026-04-14 00:39:51,883 [INFO] [Epoch 15] val_loss=0.0000
2026-04-14 00:39:51,888 [INFO] Epoch 15 | train=0.0000 | val=0.0000
2026-04-14 00:39:51,905 [INFO] Saved checkpoint (val=0.0000)
2026-04-14 00:39:58,561 [INFO] [Epoch 16] train_loss=0.0000
2026-04-14 00:39:58,934 [INFO] [Epoch 16] val_loss=0.0000
2026-04-14 00:39:58,939 [INFO] Epoch 16 | train=0.0000 | val=0.0000
2026-04-14 00:39:58,971 [INFO] Saved checkpoint (val=0.0000)
2026-04-14 00:40:05,690 [INFO] [Epoch 17] train_loss=0.0000
2026-04-14 00:40:06,051 [INFO] [Epoch 17] val_loss=0.0000
2026-04-14 00:40:06,054 [INFO] Epoch 17 | train=0.0000 | val=0.0000
2026-04-14 00:40:06,062 [INFO] Saved checkpoint (val=0.0000)
2026-04-14 00:40:12,689 [INFO] [Epoch 18] train_loss=0.0000
2026-04-14 00:40:13,079 [INFO] [Epoch 18] val_loss=0.0000
2026-04-14 00:40:13,085 [INFO] Epoch 18 | train=0.0000 | val=0.0000
2026-04-14 00:40:13,117 [INFO] Saved checkpoint (val=0.0000)
2026-04-14 00:40:19,949 [INFO] [Epoch 19] train_loss=0.0000
2026-04-14 00:40:20,320 [INFO] [Epoch 19] val_loss=0.0000
2026-04-14 00:40:20,324 [INFO] Epoch 19 | train=0.0000 | val=0.0000
2026-04-14 00:40:20,356 [INFO] Saved checkpoint (val=0.0000)
2026-04-14 00:40:27,063 [INFO] [Epoch 20] train_loss=0.0000
2026-04-14 00:40:27,450 [INFO] [Epoch 20] val_loss=0.0000
2026-04-14 00:40:27,455 [INFO] Epoch 20 | train=0.0000 | val=0.0000
2026-04-14 00:40:27,487 [INFO] Saved checkpoint (val=0.0000)
2026-04-14 00:40:34,211 [INFO] [Epoch 21] train_loss=0.0000
2026-04-14 00:40:34,596 [INFO] [Epoch 21] val_loss=0.0000
2026-04-14 00:40:34,601 [INFO] Epoch 21 | train=0.0000 | val=0.0000
2026-04-14 00:40:34,632 [INFO] Saved checkpoint (val=0.0000)
2026-04-14 00:40:41,296 [INFO] [Epoch 22] train_loss=0.0000
2026-04-14 00:40:41,683 [INFO] [Epoch 22] val_loss=0.0000
2026-04-14 00:40:41,688 [INFO] Epoch 22 | train=0.0000 | val=0.0000
2026-04-14 00:40:41,719 [INFO] Saved checkpoint (val=0.0000)
2026-04-14 00:40:48,741 [INFO] [Epoch 23] train_loss=0.0000
2026-04-14 00:40:49,139 [INFO] [Epoch 23] val_loss=0.0000
2026-04-14 00:40:49,144 [INFO] Epoch 23 | train=0.0000 | val=0.0000
2026-04-14 00:40:49,176 [INFO] Saved checkpoint (val=0.0000)
2026-04-14 00:40:56,201 [INFO] [Epoch 24] train_loss=0.0000
2026-04-14 00:40:56,591 [INFO] [Epoch 24] val_loss=0.0000
2026-04-14 00:40:56,595 [INFO] Epoch 24 | train=0.0000 | val=0.0000
2026-04-14 00:40:56,613 [INFO] Saved checkpoint (val=0.0000)
2026-04-14 00:41:03,302 [INFO] [Epoch 25] train_loss=0.0000
2026-04-14 00:41:03,689 [INFO] [Epoch 25] val_loss=0.0000
2026-04-14 00:41:03,693 [INFO] Epoch 25 | train=0.0000 | val=0.0000
2026-04-14 00:41:03,711 [INFO] Saved checkpoint (val=0.0000)
2026-04-14 00:41:10,630 [INFO] [Epoch 26] train_loss=0.0000
2026-04-14 00:41:11,011 [INFO] [Epoch 26] val_loss=0.0000
2026-04-14 00:41:11,016 [INFO] Epoch 26 | train=0.0000 | val=0.0000
2026-04-14 00:41:11,047 [INFO] Saved checkpoint (val=0.0000)
2026-04-14 00:41:17,699 [INFO] [Epoch 27] train_loss=0.0000
2026-04-14 00:41:18,088 [INFO] [Epoch 27] val_loss=0.0000
2026-04-14 00:41:18,093 [INFO] Epoch 27 | train=0.0000 | val=0.0000
2026-04-14 00:41:18,125 [INFO] Saved checkpoint (val=0.0000)
2026-04-14 00:41:24,801 [INFO] [Epoch 28] train_loss=0.0000
2026-04-14 00:41:25,189 [INFO] [Epoch 28] val_loss=0.0000
2026-04-14 00:41:25,194 [INFO] Epoch 28 | train=0.0000 | val=0.0000
2026-04-14 00:41:25,226 [INFO] Saved checkpoint (val=0.0000)
2026-04-14 00:41:31,910 [INFO] [Epoch 29] train_loss=0.0000
2026-04-14 00:41:32,299 [INFO] [Epoch 29] val_loss=0.0000
2026-04-14 00:41:32,304 [INFO] Epoch 29 | train=0.0000 | val=0.0000
2026-04-14 00:41:32,323 [INFO] Saved checkpoint (val=0.0000)
2026-04-14 00:41:39,046 [INFO] [Epoch 30] train_loss=0.0000
2026-04-14 00:41:39,432 [INFO] [Epoch 30] val_loss=0.0000
2026-04-14 00:41:39,436 [INFO] Epoch 30 | train=0.0000 | val=0.0000
2026-04-14 00:41:39,456 [INFO] Saved checkpoint (val=0.0000)
2026-04-14 00:41:46,274 [INFO] [Epoch 31] train_loss=0.0000
2026-04-14 00:41:46,658 [INFO] [Epoch 31] val_loss=0.0000
2026-04-14 00:41:46,661 [INFO] Epoch 31 | train=0.0000 | val=0.0000
2026-04-14 00:41:46,672 [INFO] Saved checkpoint (val=0.0000)
2026-04-14 00:41:53,333 [INFO] [Epoch 32] train_loss=0.0000
2026-04-14 00:41:53,718 [INFO] [Epoch 32] val_loss=0.0000
2026-04-14 00:41:53,723 [INFO] Epoch 32 | train=0.0000 | val=0.0000
2026-04-14 00:41:53,753 [INFO] Saved checkpoint (val=0.0000)
2026-04-14 00:42:00,608 [INFO] [Epoch 33] train_loss=0.0000
2026-04-14 00:42:00,995 [INFO] [Epoch 33] val_loss=0.0000
2026-04-14 00:42:01,000 [INFO] Epoch 33 | train=0.0000 | val=0.0000
2026-04-14 00:42:01,030 [INFO] Saved checkpoint (val=0.0000)
2026-04-14 00:42:07,724 [INFO] [Epoch 34] train_loss=0.0000
2026-04-14 00:42:08,117 [INFO] [Epoch 34] val_loss=0.0000
2026-04-14 00:42:08,122 [INFO] Epoch 34 | train=0.0000 | val=0.0000
2026-04-14 00:42:08,153 [INFO] Saved checkpoint (val=0.0000)
2026-04-14 00:42:14,764 [INFO] [Epoch 35] train_loss=0.0000
2026-04-14 00:42:15,149 [INFO] [Epoch 35] val_loss=0.0000
2026-04-14 00:42:15,154 [INFO] Epoch 35 | train=0.0000 | val=0.0000
2026-04-14 00:42:15,186 [INFO] Saved checkpoint (val=0.0000)
2026-04-14 00:42:21,810 [INFO] [Epoch 36] train_loss=0.0000
2026-04-14 00:42:22,198 [INFO] [Epoch 36] val_loss=0.0000
2026-04-14 00:42:22,203 [INFO] Epoch 36 | train=0.0000 | val=0.0000
2026-04-14 00:42:22,233 [INFO] Saved checkpoint (val=0.0000)
2026-04-14 00:42:28,988 [INFO] [Epoch 37] train_loss=0.0000
2026-04-14 00:42:29,373 [INFO] [Epoch 37] val_loss=0.0000
2026-04-14 00:42:29,378 [INFO] Epoch 37 | train=0.0000 | val=0.0000
2026-04-14 00:42:29,408 [INFO] Saved checkpoint (val=0.0000)
2026-04-14 00:42:36,069 [INFO] [Epoch 38] train_loss=0.0000
2026-04-14 00:42:36,454 [INFO] [Epoch 38] val_loss=0.0000
2026-04-14 00:42:36,459 [INFO] Epoch 38 | train=0.0000 | val=0.0000
2026-04-14 00:42:36,476 [INFO] Saved checkpoint (val=0.0000)
2026-04-14 00:42:43,190 [INFO] [Epoch 39] train_loss=0.0000
2026-04-14 00:42:43,579 [INFO] [Epoch 39] val_loss=0.0000
2026-04-14 00:42:43,584 [INFO] Epoch 39 | train=0.0000 | val=0.0000
2026-04-14 00:42:43,616 [INFO] Saved checkpoint (val=0.0000)
2026-04-14 00:42:50,292 [INFO] [Epoch 40] train_loss=0.0000
2026-04-14 00:42:50,683 [INFO] [Epoch 40] val_loss=0.0000
2026-04-14 00:42:50,688 [INFO] Epoch 40 | train=0.0000 | val=0.0000
2026-04-14 00:42:50,719 [INFO] Saved checkpoint (val=0.0000)
2026-04-14 00:42:57,483 [INFO] [Epoch 41] train_loss=0.0000
2026-04-14 00:42:57,875 [INFO] [Epoch 41] val_loss=0.0000
2026-04-14 00:42:57,880 [INFO] Epoch 41 | train=0.0000 | val=0.0000
2026-04-14 00:42:57,912 [INFO] Saved checkpoint (val=0.0000)
2026-04-14 00:43:04,554 [INFO] [Epoch 42] train_loss=0.0000
2026-04-14 00:43:04,932 [INFO] [Epoch 42] val_loss=0.0000
2026-04-14 00:43:04,937 [INFO] Epoch 42 | train=0.0000 | val=0.0000
2026-04-14 00:43:04,969 [INFO] Saved checkpoint (val=0.0000)
2026-04-14 00:43:11,671 [INFO] [Epoch 43] train_loss=0.0000
2026-04-14 00:43:12,058 [INFO] [Epoch 43] val_loss=0.0000
2026-04-14 00:43:12,063 [INFO] Epoch 43 | train=0.0000 | val=0.0000
2026-04-14 00:43:12,082 [INFO] Saved checkpoint (val=0.0000)
2026-04-14 00:43:18,826 [INFO] [Epoch 44] train_loss=0.0000
2026-04-14 00:43:19,196 [INFO] [Epoch 44] val_loss=0.0000
2026-04-14 00:43:19,201 [INFO] Epoch 44 | train=0.0000 | val=0.0000
2026-04-14 00:43:19,233 [INFO] Saved checkpoint (val=0.0000)
2026-04-14 00:43:25,902 [INFO] [Epoch 45] train_loss=0.0000
2026-04-14 00:43:26,292 [INFO] [Epoch 45] val_loss=0.0000
2026-04-14 00:43:26,297 [INFO] Epoch 45 | train=0.0000 | val=0.0000
2026-04-14 00:43:26,330 [INFO] Saved checkpoint (val=0.0000)
2026-04-14 00:43:33,049 [INFO] [Epoch 46] train_loss=0.0000
2026-04-14 00:43:33,440 [INFO] [Epoch 46] val_loss=0.0000
2026-04-14 00:43:33,444 [INFO] Epoch 46 | train=0.0000 | val=0.0000
2026-04-14 00:43:33,462 [INFO] Saved checkpoint (val=0.0000)
2026-04-14 00:43:40,620 [INFO] [Epoch 47] train_loss=0.0000
2026-04-14 00:43:41,007 [INFO] [Epoch 47] val_loss=0.0000
2026-04-14 00:43:41,012 [INFO] Epoch 47 | train=0.0000 | val=0.0000
2026-04-14 00:43:41,043 [INFO] Saved checkpoint (val=0.0000)
2026-04-14 00:43:47,699 [INFO] [Epoch 48] train_loss=0.0000
2026-04-14 00:43:48,091 [INFO] [Epoch 48] val_loss=0.0000
2026-04-14 00:43:48,095 [INFO] Epoch 48 | train=0.0000 | val=0.0000
2026-04-14 00:43:48,128 [INFO] Saved checkpoint (val=0.0000)
2026-04-14 00:43:54,816 [INFO] [Epoch 49] train_loss=0.0000
2026-04-14 00:43:55,204 [INFO] [Epoch 49] val_loss=0.0000
2026-04-14 00:43:55,209 [INFO] Epoch 49 | train=0.0000 | val=0.0000
2026-04-14 00:43:55,241 [INFO] Saved checkpoint (val=0.0000)
2026-04-14 00:44:01,857 [INFO] [Epoch 50] train_loss=0.0000
2026-04-14 00:44:02,235 [INFO] [Epoch 50] val_loss=0.0000
2026-04-14 00:44:02,240 [INFO] Epoch 50 | train=0.0000 | val=0.0000
2026-04-14 00:44:02,271 [INFO] Saved checkpoint (val=0.0000)
2026-04-14 00:44:08,976 [INFO] [Epoch 51] train_loss=0.0000
2026-04-14 00:44:09,363 [INFO] [Epoch 51] val_loss=0.0000
2026-04-14 00:44:09,367 [INFO] Epoch 51 | train=0.0000 | val=0.0000
2026-04-14 00:44:09,385 [INFO] Saved checkpoint (val=0.0000)
2026-04-14 00:44:16,066 [INFO] [Epoch 52] train_loss=0.0000
2026-04-14 00:44:16,452 [INFO] [Epoch 52] val_loss=0.0000
2026-04-14 00:44:16,457 [INFO] Epoch 52 | train=0.0000 | val=0.0000
2026-04-14 00:44:16,489 [INFO] Saved checkpoint (val=0.0000)
2026-04-14 00:44:23,471 [INFO] [Epoch 53] train_loss=0.0000
2026-04-14 00:44:23,855 [INFO] [Epoch 53] val_loss=0.0000
2026-04-14 00:44:23,859 [INFO] Epoch 53 | train=0.0000 | val=0.0000
2026-04-14 00:44:23,892 [INFO] Saved checkpoint (val=0.0000)
2026-04-14 00:44:30,906 [INFO] [Epoch 54] train_loss=0.0000
2026-04-14 00:44:31,299 [INFO] [Epoch 54] val_loss=0.0000
2026-04-14 00:44:31,303 [INFO] Epoch 54 | train=0.0000 | val=0.0000
2026-04-14 00:44:31,335 [INFO] Saved checkpoint (val=0.0000)
2026-04-14 00:44:38,042 [INFO] [Epoch 55] train_loss=0.0000
2026-04-14 00:44:38,432 [INFO] [Epoch 55] val_loss=0.0000
2026-04-14 00:44:38,437 [INFO] Epoch 55 | train=0.0000 | val=0.0000
2026-04-14 00:44:38,470 [INFO] Saved checkpoint (val=0.0000)
2026-04-14 00:44:45,099 [INFO] [Epoch 56] train_loss=0.0000
2026-04-14 00:44:45,477 [INFO] [Epoch 56] val_loss=0.0000
2026-04-14 00:44:45,482 [INFO] Epoch 56 | train=0.0000 | val=0.0000
2026-04-14 00:44:45,514 [INFO] Saved checkpoint (val=0.0000)
2026-04-14 00:44:52,639 [INFO] [Epoch 57] train_loss=0.0000
2026-04-14 00:44:53,028 [INFO] [Epoch 57] val_loss=0.0000
2026-04-14 00:44:53,033 [INFO] Epoch 57 | train=0.0000 | val=0.0000
2026-04-14 00:44:53,065 [INFO] Saved checkpoint (val=0.0000)
2026-04-14 00:44:59,836 [INFO] [Epoch 58] train_loss=0.0000
2026-04-14 00:45:00,230 [INFO] [Epoch 58] val_loss=0.0000
2026-04-14 00:45:00,235 [INFO] Epoch 58 | train=0.0000 | val=0.0000
2026-04-14 00:45:00,268 [INFO] Saved checkpoint (val=0.0000)
2026-04-14 00:45:06,899 [INFO] [Epoch 59] train_loss=0.0000
2026-04-14 00:45:07,281 [INFO] [Epoch 59] val_loss=0.0000
2026-04-14 00:45:07,287 [INFO] Epoch 59 | train=0.0000 | val=0.0000
2026-04-14 00:45:07,303 [INFO] Saved checkpoint (val=0.0000)
2026-04-14 00:45:13,916 [INFO] [Epoch 60] train_loss=0.0000
2026-04-14 00:45:14,296 [INFO] [Epoch 60] val_loss=0.0000
2026-04-14 00:45:14,301 [INFO] Epoch 60 | train=0.0000 | val=0.0000
2026-04-14 00:45:14,319 [INFO] Saved checkpoint (val=0.0000)
2026-04-14 00:45:21,464 [INFO] [Epoch 61] train_loss=0.0000
2026-04-14 00:45:21,848 [INFO] [Epoch 61] val_loss=0.0000
2026-04-14 00:45:21,853 [INFO] Epoch 61 | train=0.0000 | val=0.0000
2026-04-14 00:45:21,883 [INFO] Saved checkpoint (val=0.0000)
2026-04-14 00:45:28,572 [INFO] [Epoch 62] train_loss=0.0000
2026-04-14 00:45:28,967 [INFO] [Epoch 62] val_loss=0.0000
2026-04-14 00:45:28,972 [INFO] Epoch 62 | train=0.0000 | val=0.0000
2026-04-14 00:45:28,988 [INFO] Saved checkpoint (val=0.0000)
2026-04-14 00:45:35,622 [INFO] [Epoch 63] train_loss=0.0000
2026-04-14 00:45:36,012 [INFO] [Epoch 63] val_loss=0.0000
2026-04-14 00:45:36,017 [INFO] Epoch 63 | train=0.0000 | val=0.0000
2026-04-14 00:45:36,051 [INFO] Saved checkpoint (val=0.0000)
2026-04-14 00:45:42,713 [INFO] [Epoch 64] train_loss=0.0000
2026-04-14 00:45:43,106 [INFO] [Epoch 64] val_loss=0.0000
2026-04-14 00:45:43,111 [INFO] Epoch 64 | train=0.0000 | val=0.0000
2026-04-14 00:45:43,129 [INFO] Saved checkpoint (val=0.0000)
2026-04-14 00:45:49,879 [INFO] [Epoch 65] train_loss=0.0000
2026-04-14 00:45:50,267 [INFO] [Epoch 65] val_loss=0.0000
2026-04-14 00:45:50,272 [INFO] Epoch 65 | train=0.0000 | val=0.0000
2026-04-14 00:45:50,290 [INFO] Saved checkpoint (val=0.0000)
2026-04-14 00:45:56,986 [INFO] [Epoch 66] train_loss=0.0000
2026-04-14 00:45:57,366 [INFO] [Epoch 66] val_loss=0.0000
2026-04-14 00:45:57,370 [INFO] Epoch 66 | train=0.0000 | val=0.0000
2026-04-14 00:45:57,401 [INFO] Saved checkpoint (val=0.0000)
2026-04-14 00:46:04,067 [INFO] [Epoch 67] train_loss=0.0000
2026-04-14 00:46:04,453 [INFO] [Epoch 67] val_loss=0.0000
2026-04-14 00:46:04,458 [INFO] Epoch 67 | train=0.0000 | val=0.0000
2026-04-14 00:46:04,474 [INFO] Saved checkpoint (val=0.0000)
2026-04-14 00:46:11,215 [INFO] [Epoch 68] train_loss=0.0000
2026-04-14 00:46:11,617 [INFO] [Epoch 68] val_loss=0.0000
2026-04-14 00:46:11,622 [INFO] Epoch 68 | train=0.0000 | val=0.0000
2026-04-14 00:46:11,655 [INFO] Saved checkpoint (val=0.0000)
2026-04-14 00:46:18,339 [INFO] [Epoch 69] train_loss=0.0000
2026-04-14 00:46:18,724 [INFO] [Epoch 69] val_loss=0.0000
2026-04-14 00:46:18,728 [INFO] Epoch 69 | train=0.0000 | val=0.0000
2026-04-14 00:46:18,744 [INFO] Saved checkpoint (val=0.0000)
2026-04-14 00:46:25,434 [INFO] [Epoch 70] train_loss=0.0000
2026-04-14 00:46:25,825 [INFO] [Epoch 70] val_loss=0.0000
2026-04-14 00:46:25,829 [INFO] Epoch 70 | train=0.0000 | val=0.0000
2026-04-14 00:46:25,846 [INFO] Saved checkpoint (val=0.0000)
2026-04-14 00:46:32,560 [INFO] [Epoch 71] train_loss=0.0000
2026-04-14 00:46:32,944 [INFO] [Epoch 71] val_loss=0.0000
2026-04-14 00:46:32,950 [INFO] Epoch 71 | train=0.0000 | val=0.0000
2026-04-14 00:46:32,968 [INFO] Saved checkpoint (val=0.0000)
2026-04-14 00:46:39,589 [INFO] [Epoch 72] train_loss=0.0000
2026-04-14 00:46:39,977 [INFO] [Epoch 72] val_loss=0.0000
2026-04-14 00:46:39,982 [INFO] Epoch 72 | train=0.0000 | val=0.0000
2026-04-14 00:46:40,000 [INFO] Saved checkpoint (val=0.0000)
2026-04-14 00:46:46,663 [INFO] [Epoch 73] train_loss=0.0000
2026-04-14 00:46:47,047 [INFO] [Epoch 73] val_loss=0.0000
2026-04-14 00:46:47,052 [INFO] Epoch 73 | train=0.0000 | val=0.0000
2026-04-14 00:46:47,085 [INFO] Saved checkpoint (val=0.0000)
2026-04-14 00:46:53,767 [INFO] [Epoch 74] train_loss=0.0000
2026-04-14 00:46:54,152 [INFO] [Epoch 74] val_loss=0.0000
2026-04-14 00:46:54,157 [INFO] Epoch 74 | train=0.0000 | val=0.0000
2026-04-14 00:46:54,188 [INFO] Saved checkpoint (val=0.0000)
2026-04-14 00:47:00,939 [INFO] [Epoch 75] train_loss=0.0000
2026-04-14 00:47:01,331 [INFO] [Epoch 75] val_loss=0.0000
2026-04-14 00:47:01,336 [INFO] Epoch 75 | train=0.0000 | val=0.0000
2026-04-14 00:47:01,366 [INFO] Saved checkpoint (val=0.0000)
2026-04-14 00:47:07,995 [INFO] [Epoch 76] train_loss=0.0000
2026-04-14 00:47:08,372 [INFO] [Epoch 76] val_loss=0.0000
2026-04-14 00:47:08,377 [INFO] Epoch 76 | train=0.0000 | val=0.0000
2026-04-14 00:47:08,409 [INFO] Saved checkpoint (val=0.0000)
2026-04-14 00:47:15,210 [INFO] [Epoch 77] train_loss=0.0000
2026-04-14 00:47:15,600 [INFO] [Epoch 77] val_loss=0.0000
2026-04-14 00:47:15,605 [INFO] Epoch 77 | train=0.0000 | val=0.0000
2026-04-14 00:47:15,623 [INFO] Saved checkpoint (val=0.0000)
2026-04-14 00:47:22,229 [INFO] [Epoch 78] train_loss=0.0000
2026-04-14 00:47:22,614 [INFO] [Epoch 78] val_loss=0.0000
2026-04-14 00:47:22,619 [INFO] Epoch 78 | train=0.0000 | val=0.0000
2026-04-14 00:47:22,649 [INFO] Saved checkpoint (val=0.0000)
2026-04-14 00:47:29,308 [INFO] [Epoch 79] train_loss=0.0000
2026-04-14 00:47:29,694 [INFO] [Epoch 79] val_loss=0.0000
2026-04-14 00:47:29,699 [INFO] Epoch 79 | train=0.0000 | val=0.0000
2026-04-14 00:47:29,716 [INFO] Saved checkpoint (val=0.0000)
2026-04-14 00:47:36,377 [INFO] [Epoch 80] train_loss=0.0000
2026-04-14 00:47:36,768 [INFO] [Epoch 80] val_loss=0.0000
2026-04-14 00:47:36,772 [INFO] Epoch 80 | train=0.0000 | val=0.0000
2026-04-14 00:47:36,804 [INFO] Saved checkpoint (val=0.0000)
2026-04-14 00:47:43,494 [INFO] [Epoch 81] train_loss=0.0000
2026-04-14 00:47:43,877 [INFO] [Epoch 81] val_loss=0.0000
2026-04-14 00:47:43,880 [INFO] Epoch 81 | train=0.0000 | val=0.0000
2026-04-14 00:47:43,904 [INFO] Saved checkpoint (val=0.0000)
2026-04-14 00:47:50,504 [INFO] [Epoch 82] train_loss=0.0000
2026-04-14 00:47:50,892 [INFO] [Epoch 82] val_loss=0.0000
2026-04-14 00:47:50,897 [INFO] Epoch 82 | train=0.0000 | val=0.0000
2026-04-14 00:47:50,930 [INFO] Saved checkpoint (val=0.0000)
2026-04-14 00:47:57,629 [INFO] [Epoch 83] train_loss=0.0000
2026-04-14 00:47:58,016 [INFO] [Epoch 83] val_loss=0.0000
2026-04-14 00:47:58,019 [INFO] Epoch 83 | train=0.0000 | val=0.0000
2026-04-14 00:47:58,044 [INFO] Saved checkpoint (val=0.0000)
2026-04-14 00:48:04,712 [INFO] [Epoch 84] train_loss=0.0000
2026-04-14 00:48:05,105 [INFO] [Epoch 84] val_loss=0.0000
2026-04-14 00:48:05,110 [INFO] Epoch 84 | train=0.0000 | val=0.0000
2026-04-14 00:48:05,127 [INFO] Saved checkpoint (val=0.0000)
2026-04-14 00:48:11,779 [INFO] [Epoch 85] train_loss=0.0000
2026-04-14 00:48:12,166 [INFO] [Epoch 85] val_loss=0.0000
2026-04-14 00:48:12,170 [INFO] Epoch 85 | train=0.0000 | val=0.0000
2026-04-14 00:48:12,201 [INFO] Saved checkpoint (val=0.0000)
2026-04-14 00:48:19,130 [INFO] [Epoch 86] train_loss=0.0000
2026-04-14 00:48:19,508 [INFO] [Epoch 86] val_loss=0.0000
2026-04-14 00:48:19,512 [INFO] Epoch 86 | train=0.0000 | val=0.0000
2026-04-14 00:48:19,544 [INFO] Saved checkpoint (val=0.0000)
2026-04-14 00:48:26,235 [INFO] [Epoch 87] train_loss=0.0000
2026-04-14 00:48:26,616 [INFO] [Epoch 87] val_loss=0.0000
2026-04-14 00:48:26,622 [INFO] Epoch 87 | train=0.0000 | val=0.0000
2026-04-14 00:48:26,654 [INFO] Saved checkpoint (val=0.0000)
2026-04-14 00:48:33,333 [INFO] [Epoch 88] train_loss=0.0000
2026-04-14 00:48:33,726 [INFO] [Epoch 88] val_loss=0.0000
2026-04-14 00:48:33,730 [INFO] Epoch 88 | train=0.0000 | val=0.0000
2026-04-14 00:48:33,760 [INFO] Saved checkpoint (val=0.0000)
2026-04-14 00:48:40,543 [INFO] [Epoch 89] train_loss=0.0000
2026-04-14 00:48:40,932 [INFO] [Epoch 89] val_loss=0.0000
2026-04-14 00:48:40,937 [INFO] Epoch 89 | train=0.0000 | val=0.0000
2026-04-14 00:48:40,969 [INFO] Saved checkpoint (val=0.0000)
2026-04-14 00:48:47,657 [INFO] [Epoch 90] train_loss=0.0000
2026-04-14 00:48:48,046 [INFO] [Epoch 90] val_loss=0.0000
2026-04-14 00:48:48,051 [INFO] Epoch 90 | train=0.0000 | val=0.0000
2026-04-14 00:48:48,082 [INFO] Saved checkpoint (val=0.0000)
2026-04-14 00:48:54,836 [INFO] [Epoch 91] train_loss=0.0000
2026-04-14 00:48:55,232 [INFO] [Epoch 91] val_loss=0.0000
2026-04-14 00:48:55,237 [INFO] Epoch 91 | train=0.0000 | val=0.0000
2026-04-14 00:48:55,254 [INFO] Saved checkpoint (val=0.0000)
2026-04-14 00:49:01,932 [INFO] [Epoch 92] train_loss=0.0000
2026-04-14 00:49:02,296 [INFO] [Epoch 92] val_loss=0.0000
2026-04-14 00:49:02,301 [INFO] Epoch 92 | train=0.0000 | val=0.0000
2026-04-14 00:49:02,333 [INFO] Saved checkpoint (val=0.0000)
2026-04-14 00:49:09,252 [INFO] [Epoch 93] train_loss=0.0000
2026-04-14 00:49:09,629 [INFO] [Epoch 93] val_loss=0.0000
2026-04-14 00:49:09,634 [INFO] Epoch 93 | train=0.0000 | val=0.0000
2026-04-14 00:49:09,650 [INFO] Saved checkpoint (val=0.0000)
2026-04-14 00:49:16,336 [INFO] [Epoch 94] train_loss=0.0000
2026-04-14 00:49:16,727 [INFO] [Epoch 94] val_loss=0.0000
2026-04-14 00:49:16,732 [INFO] Epoch 94 | train=0.0000 | val=0.0000
2026-04-14 00:49:16,764 [INFO] Saved checkpoint (val=0.0000)
2026-04-14 00:49:23,450 [INFO] [Epoch 95] train_loss=0.0000
2026-04-14 00:49:23,837 [INFO] [Epoch 95] val_loss=0.0000
2026-04-14 00:49:23,842 [INFO] Epoch 95 | train=0.0000 | val=0.0000
2026-04-14 00:49:23,874 [INFO] Saved checkpoint (val=0.0000)
2026-04-14 00:49:30,935 [INFO] [Epoch 96] train_loss=0.0000
2026-04-14 00:49:31,326 [INFO] [Epoch 96] val_loss=0.0000
2026-04-14 00:49:31,331 [INFO] Epoch 96 | train=0.0000 | val=0.0000
2026-04-14 00:49:31,362 [INFO] Saved checkpoint (val=0.0000)
2026-04-14 00:49:38,039 [INFO] [Epoch 97] train_loss=0.0000
2026-04-14 00:49:38,434 [INFO] [Epoch 97] val_loss=0.0000
2026-04-14 00:49:38,439 [INFO] Epoch 97 | train=0.0000 | val=0.0000
2026-04-14 00:49:38,471 [INFO] Saved checkpoint (val=0.0000)
2026-04-14 00:49:45,144 [INFO] [Epoch 98] train_loss=0.0000
2026-04-14 00:49:45,529 [INFO] [Epoch 98] val_loss=0.0000
2026-04-14 00:49:45,534 [INFO] Epoch 98 | train=0.0000 | val=0.0000
2026-04-14 00:49:45,552 [INFO] Saved checkpoint (val=0.0000)
2026-04-14 00:49:52,179 [INFO] [Epoch 99] train_loss=0.0000
2026-04-14 00:49:52,565 [INFO] [Epoch 99] val_loss=0.0000
2026-04-14 00:49:52,569 [INFO] Epoch 99 | train=0.0000 | val=0.0000
2026-04-14 00:49:52,601 [INFO] Saved checkpoint (val=0.0000)
2026-04-14 00:49:59,255 [INFO] [Epoch 100] train_loss=0.0000
2026-04-14 00:49:59,643 [INFO] [Epoch 100] val_loss=0.0000
2026-04-14 00:49:59,647 [INFO] Epoch 100 | train=0.0000 | val=0.0000
2026-04-14 00:49:59,665 [INFO] Saved checkpoint (val=0.0000)
2026-04-14 00:50:06,271 [INFO] [Epoch 101] train_loss=0.0000
2026-04-14 00:50:06,657 [INFO] [Epoch 101] val_loss=0.0000
2026-04-14 00:50:06,663 [INFO] Epoch 101 | train=0.0000 | val=0.0000
2026-04-14 00:50:06,694 [INFO] Saved checkpoint (val=0.0000)
2026-04-14 00:50:13,326 [INFO] [Epoch 102] train_loss=0.0000
2026-04-14 00:50:13,710 [INFO] [Epoch 102] val_loss=0.0000
2026-04-14 00:50:13,715 [INFO] Epoch 102 | train=0.0000 | val=0.0000
2026-04-14 00:50:13,746 [INFO] Saved checkpoint (val=0.0000)
2026-04-14 00:50:20,377 [INFO] [Epoch 103] train_loss=0.0000
2026-04-14 00:50:20,768 [INFO] [Epoch 103] val_loss=0.0000
2026-04-14 00:50:20,772 [INFO] Epoch 103 | train=0.0000 | val=0.0000
2026-04-14 00:50:20,790 [INFO] Saved checkpoint (val=0.0000)
2026-04-14 00:50:27,420 [INFO] [Epoch 104] train_loss=0.0000
2026-04-14 00:50:27,811 [INFO] [Epoch 104] val_loss=0.0000
2026-04-14 00:50:27,816 [INFO] Epoch 104 | train=0.0000 | val=0.0000
2026-04-14 00:50:27,833 [INFO] Saved checkpoint (val=0.0000)
2026-04-14 00:50:34,424 [INFO] [Epoch 105] train_loss=0.0000
2026-04-14 00:50:34,814 [INFO] [Epoch 105] val_loss=0.0000
2026-04-14 00:50:34,819 [INFO] Epoch 105 | train=0.0000 | val=0.0000
2026-04-14 00:50:34,836 [INFO] Saved checkpoint (val=0.0000)
2026-04-14 00:50:41,465 [INFO] [Epoch 106] train_loss=0.0000
2026-04-14 00:50:41,855 [INFO] [Epoch 106] val_loss=0.0000
2026-04-14 00:50:41,860 [INFO] Epoch 106 | train=0.0000 | val=0.0000
2026-04-14 00:50:41,891 [INFO] Saved checkpoint (val=0.0000)
2026-04-14 00:50:48,572 [INFO] [Epoch 107] train_loss=0.0000
2026-04-14 00:50:48,966 [INFO] [Epoch 107] val_loss=0.0000
2026-04-14 00:50:48,971 [INFO] Epoch 107 | train=0.0000 | val=0.0000
2026-04-14 00:50:49,002 [INFO] Saved checkpoint (val=0.0000)
2026-04-14 00:50:55,692 [INFO] [Epoch 108] train_loss=0.0000
2026-04-14 00:50:56,082 [INFO] [Epoch 108] val_loss=0.0000
2026-04-14 00:50:56,088 [INFO] Epoch 108 | train=0.0000 | val=0.0000
2026-04-14 00:50:56,106 [INFO] Saved checkpoint (val=0.0000)
2026-04-14 00:51:02,790 [INFO] [Epoch 109] train_loss=0.0000
2026-04-14 00:51:03,168 [INFO] [Epoch 109] val_loss=0.0000
2026-04-14 00:51:03,173 [INFO] Epoch 109 | train=0.0000 | val=0.0000
2026-04-14 00:51:03,204 [INFO] Saved checkpoint (val=0.0000)
2026-04-14 00:51:09,876 [INFO] [Epoch 110] train_loss=0.0000
2026-04-14 00:51:10,268 [INFO] [Epoch 110] val_loss=0.0000
2026-04-14 00:51:10,272 [INFO] Epoch 110 | train=0.0000 | val=0.0000
2026-04-14 00:51:10,290 [INFO] Saved checkpoint (val=0.0000)
2026-04-14 00:51:16,997 [INFO] [Epoch 111] train_loss=0.0000
2026-04-14 00:51:17,384 [INFO] [Epoch 111] val_loss=0.0000
2026-04-14 00:51:17,388 [INFO] Epoch 111 | train=0.0000 | val=0.0000
2026-04-14 00:51:17,420 [INFO] Saved checkpoint (val=0.0000)
2026-04-14 00:51:24,085 [INFO] [Epoch 112] train_loss=0.0000
2026-04-14 00:51:24,469 [INFO] [Epoch 112] val_loss=0.0000
2026-04-14 00:51:24,473 [INFO] Epoch 112 | train=0.0000 | val=0.0000
2026-04-14 00:51:24,505 [INFO] Saved checkpoint (val=0.0000)
2026-04-14 00:51:31,192 [INFO] [Epoch 113] train_loss=0.0000
2026-04-14 00:51:31,586 [INFO] [Epoch 113] val_loss=0.0000
2026-04-14 00:51:31,591 [INFO] Epoch 113 | train=0.0000 | val=0.0000
2026-04-14 00:51:31,623 [INFO] Saved checkpoint (val=0.0000)
2026-04-14 00:51:38,257 [INFO] [Epoch 114] train_loss=0.0000
2026-04-14 00:51:38,647 [INFO] [Epoch 114] val_loss=0.0000
2026-04-14 00:51:38,652 [INFO] Epoch 114 | train=0.0000 | val=0.0000
2026-04-14 00:51:38,683 [INFO] Saved checkpoint (val=0.0000)
2026-04-14 00:51:45,410 [INFO] [Epoch 115] train_loss=0.0000
2026-04-14 00:51:45,798 [INFO] [Epoch 115] val_loss=0.0000
2026-04-14 00:51:45,802 [INFO] Epoch 115 | train=0.0000 | val=0.0000
2026-04-14 00:51:45,834 [INFO] Saved checkpoint (val=0.0000)
2026-04-14 00:51:52,481 [INFO] [Epoch 116] train_loss=0.0000
2026-04-14 00:51:52,844 [INFO] [Epoch 116] val_loss=0.0000
2026-04-14 00:51:52,848 [INFO] Epoch 116 | train=0.0000 | val=0.0000
2026-04-14 00:51:52,880 [INFO] Saved checkpoint (val=0.0000)
2026-04-14 00:51:59,658 [INFO] [Epoch 117] train_loss=0.0000
2026-04-14 00:52:00,042 [INFO] [Epoch 117] val_loss=0.0000
2026-04-14 00:52:00,047 [INFO] Epoch 117 | train=0.0000 | val=0.0000
2026-04-14 00:52:00,064 [INFO] Saved checkpoint (val=0.0000)
2026-04-14 00:52:06,708 [INFO] [Epoch 118] train_loss=0.0000
2026-04-14 00:52:07,095 [INFO] [Epoch 118] val_loss=0.0000
2026-04-14 00:52:07,100 [INFO] Epoch 118 | train=0.0000 | val=0.0000
2026-04-14 00:52:07,131 [INFO] Saved checkpoint (val=0.0000)
2026-04-14 00:52:13,776 [INFO] [Epoch 119] train_loss=0.0000
2026-04-14 00:52:14,160 [INFO] [Epoch 119] val_loss=0.0000
2026-04-14 00:52:14,165 [INFO] Epoch 119 | train=0.0000 | val=0.0000
2026-04-14 00:52:14,195 [INFO] Saved checkpoint (val=0.0000)
2026-04-14 00:52:20,877 [INFO] [Epoch 120] train_loss=0.0000
2026-04-14 00:52:21,266 [INFO] [Epoch 120] val_loss=0.0000
2026-04-14 00:52:21,271 [INFO] Epoch 120 | train=0.0000 | val=0.0000
2026-04-14 00:52:21,302 [INFO] Saved checkpoint (val=0.0000)
2026-04-14 00:52:27,926 [INFO] [Epoch 121] train_loss=0.0000
2026-04-14 00:52:28,310 [INFO] [Epoch 121] val_loss=0.0000
2026-04-14 00:52:28,312 [INFO] Epoch 121 | train=0.0000 | val=0.0000
2026-04-14 00:52:28,335 [INFO] Saved checkpoint (val=0.0000)
2026-04-14 00:52:34,978 [INFO] [Epoch 122] train_loss=0.0000
2026-04-14 00:52:35,368 [INFO] [Epoch 122] val_loss=0.0000
2026-04-14 00:52:35,372 [INFO] Epoch 122 | train=0.0000 | val=0.0000
2026-04-14 00:52:35,389 [INFO] Saved checkpoint (val=0.0000)
2026-04-14 00:52:42,055 [INFO] [Epoch 123] train_loss=0.0000
2026-04-14 00:52:42,444 [INFO] [Epoch 123] val_loss=0.0000
2026-04-14 00:52:42,449 [INFO] Epoch 123 | train=0.0000 | val=0.0000
2026-04-14 00:52:42,481 [INFO] Saved checkpoint (val=0.0000)
2026-04-14 00:52:49,318 [INFO] [Epoch 124] train_loss=0.0000
2026-04-14 00:52:49,701 [INFO] [Epoch 124] val_loss=0.0000
2026-04-14 00:52:49,706 [INFO] Epoch 124 | train=0.0000 | val=0.0000
2026-04-14 00:52:49,738 [INFO] Saved checkpoint (val=0.0000)
2026-04-14 00:52:56,437 [INFO] [Epoch 125] train_loss=0.0000
2026-04-14 00:52:56,827 [INFO] [Epoch 125] val_loss=0.0000
2026-04-14 00:52:56,831 [INFO] Epoch 125 | train=0.0000 | val=0.0000
2026-04-14 00:52:56,862 [INFO] Saved checkpoint (val=0.0000)
2026-04-14 00:53:03,698 [INFO] [Epoch 126] train_loss=0.0000
2026-04-14 00:53:04,082 [INFO] [Epoch 126] val_loss=0.0000
2026-04-14 00:53:04,087 [INFO] Epoch 126 | train=0.0000 | val=0.0000
2026-04-14 00:53:04,119 [INFO] Saved checkpoint (val=0.0000)
2026-04-14 00:53:10,913 [INFO] [Epoch 127] train_loss=0.0000
2026-04-14 00:53:11,304 [INFO] [Epoch 127] val_loss=0.0000
2026-04-14 00:53:11,308 [INFO] Epoch 127 | train=0.0000 | val=0.0000
2026-04-14 00:53:11,339 [INFO] Saved checkpoint (val=0.0000)
2026-04-14 00:53:18,015 [INFO] [Epoch 128] train_loss=0.0000
2026-04-14 00:53:18,401 [INFO] [Epoch 128] val_loss=0.0000
2026-04-14 00:53:18,405 [INFO] Epoch 128 | train=0.0000 | val=0.0000
2026-04-14 00:53:18,435 [INFO] Saved checkpoint (val=0.0000)
2026-04-14 00:53:25,120 [INFO] [Epoch 129] train_loss=0.0000
2026-04-14 00:53:25,509 [INFO] [Epoch 129] val_loss=0.0000
2026-04-14 00:53:25,513 [INFO] Epoch 129 | train=0.0000 | val=0.0000
2026-04-14 00:53:25,545 [INFO] Saved checkpoint (val=0.0000)
2026-04-14 00:53:32,122 [INFO] [Epoch 130] train_loss=0.0000
2026-04-14 00:53:32,504 [INFO] [Epoch 130] val_loss=0.0000
2026-04-14 00:53:32,509 [INFO] Epoch 130 | train=0.0000 | val=0.0000
2026-04-14 00:53:32,539 [INFO] Saved checkpoint (val=0.0000)
2026-04-14 00:53:39,206 [INFO] [Epoch 131] train_loss=0.0000
2026-04-14 00:53:39,594 [INFO] [Epoch 131] val_loss=0.0000
2026-04-14 00:53:39,599 [INFO] Epoch 131 | train=0.0000 | val=0.0000
2026-04-14 00:53:39,616 [INFO] Saved checkpoint (val=0.0000)
2026-04-14 00:53:46,704 [INFO] [Epoch 132] train_loss=0.0000
2026-04-14 00:53:47,092 [INFO] [Epoch 132] val_loss=0.0000
2026-04-14 00:53:47,097 [INFO] Epoch 132 | train=0.0000 | val=0.0000
2026-04-14 00:53:47,129 [INFO] Saved checkpoint (val=0.0000)
2026-04-14 00:53:54,197 [INFO] [Epoch 133] train_loss=0.0000
2026-04-14 00:53:54,587 [INFO] [Epoch 133] val_loss=0.0000
2026-04-14 00:53:54,592 [INFO] Epoch 133 | train=0.0000 | val=0.0000
2026-04-14 00:53:54,609 [INFO] Saved checkpoint (val=0.0000)
2026-04-14 00:54:01,354 [INFO] [Epoch 134] train_loss=0.0000
2026-04-14 00:54:01,735 [INFO] [Epoch 134] val_loss=0.0000
2026-04-14 00:54:01,740 [INFO] Epoch 134 | train=0.0000 | val=0.0000
2026-04-14 00:54:01,773 [INFO] Saved checkpoint (val=0.0000)
2026-04-14 00:54:08,488 [INFO] [Epoch 135] train_loss=0.0000
2026-04-14 00:54:08,872 [INFO] [Epoch 135] val_loss=0.0000
2026-04-14 00:54:08,875 [INFO] Epoch 135 | train=0.0000 | val=0.0000
2026-04-14 00:54:08,898 [INFO] Saved checkpoint (val=0.0000)
2026-04-14 00:54:15,632 [INFO] [Epoch 136] train_loss=0.0000
2026-04-14 00:54:16,008 [INFO] [Epoch 136] val_loss=0.0000
2026-04-14 00:54:16,013 [INFO] Epoch 136 | train=0.0000 | val=0.0000
2026-04-14 00:54:16,031 [INFO] Saved checkpoint (val=0.0000)
2026-04-14 00:54:23,006 [INFO] [Epoch 137] train_loss=0.0000
2026-04-14 00:54:23,405 [INFO] [Epoch 137] val_loss=0.0000
2026-04-14 00:54:23,410 [INFO] Epoch 137 | train=0.0000 | val=0.0000
2026-04-14 00:54:23,441 [INFO] Saved checkpoint (val=0.0000)
2026-04-14 00:54:30,168 [INFO] [Epoch 138] train_loss=0.0000
2026-04-14 00:54:30,553 [INFO] [Epoch 138] val_loss=0.0000
2026-04-14 00:54:30,558 [INFO] Epoch 138 | train=0.0000 | val=0.0000
2026-04-14 00:54:30,587 [INFO] Saved checkpoint (val=0.0000)
2026-04-14 00:54:37,274 [INFO] [Epoch 139] train_loss=0.0000
2026-04-14 00:54:37,652 [INFO] [Epoch 139] val_loss=0.0000
2026-04-14 00:54:37,656 [INFO] Epoch 139 | train=0.0000 | val=0.0000
2026-04-14 00:54:37,681 [INFO] Saved checkpoint (val=0.0000)
2026-04-14 00:54:44,630 [INFO] [Epoch 140] train_loss=0.0000
2026-04-14 00:54:45,015 [INFO] [Epoch 140] val_loss=0.0000
2026-04-14 00:54:45,020 [INFO] Epoch 140 | train=0.0000 | val=0.0000
2026-04-14 00:54:45,036 [INFO] Saved checkpoint (val=0.0000)
2026-04-14 00:54:51,696 [INFO] [Epoch 141] train_loss=0.0000
2026-04-14 00:54:52,079 [INFO] [Epoch 141] val_loss=0.0000
2026-04-14 00:54:52,081 [INFO] Epoch 141 | train=0.0000 | val=0.0000
2026-04-14 00:54:52,105 [INFO] Saved checkpoint (val=0.0000)
2026-04-14 00:54:58,811 [INFO] [Epoch 142] train_loss=0.0000
2026-04-14 00:54:59,202 [INFO] [Epoch 142] val_loss=0.0000
2026-04-14 00:54:59,206 [INFO] Epoch 142 | train=0.0000 | val=0.0000
2026-04-14 00:54:59,237 [INFO] Saved checkpoint (val=0.0000)
2026-04-14 00:55:05,876 [INFO] [Epoch 143] train_loss=0.0000
2026-04-14 00:55:06,270 [INFO] [Epoch 143] val_loss=0.0000
2026-04-14 00:55:06,274 [INFO] Epoch 143 | train=0.0000 | val=0.0000
2026-04-14 00:55:06,306 [INFO] Saved checkpoint (val=0.0000)
2026-04-14 00:55:13,340 [INFO] [Epoch 144] train_loss=0.0000
2026-04-14 00:55:13,715 [INFO] [Epoch 144] val_loss=0.0000
2026-04-14 00:55:13,720 [INFO] Epoch 144 | train=0.0000 | val=0.0000
2026-04-14 00:55:13,751 [INFO] Saved checkpoint (val=0.0000)
2026-04-14 00:55:20,417 [INFO] [Epoch 145] train_loss=0.0000
2026-04-14 00:55:20,809 [INFO] [Epoch 145] val_loss=0.0000
2026-04-14 00:55:20,814 [INFO] Epoch 145 | train=0.0000 | val=0.0000
2026-04-14 00:55:20,847 [INFO] Saved checkpoint (val=0.0000)
2026-04-14 00:55:27,817 [INFO] [Epoch 146] train_loss=0.0000
2026-04-14 00:55:28,201 [INFO] [Epoch 146] val_loss=0.0000
2026-04-14 00:55:28,204 [INFO] Epoch 146 | train=0.0000 | val=0.0000
2026-04-14 00:55:28,226 [INFO] Saved checkpoint (val=0.0000)
2026-04-14 00:55:34,906 [INFO] [Epoch 147] train_loss=0.0000
2026-04-14 00:55:35,293 [INFO] [Epoch 147] val_loss=0.0000
2026-04-14 00:55:35,299 [INFO] Epoch 147 | train=0.0000 | val=0.0000
2026-04-14 00:55:35,316 [INFO] Saved checkpoint (val=0.0000)
2026-04-14 00:55:42,132 [INFO] [Epoch 148] train_loss=0.0000
2026-04-14 00:55:42,522 [INFO] [Epoch 148] val_loss=0.0000
2026-04-14 00:55:42,527 [INFO] Epoch 148 | train=0.0000 | val=0.0000
2026-04-14 00:55:42,544 [INFO] Saved checkpoint (val=0.0000)
2026-04-14 00:55:49,197 [INFO] [Epoch 149] train_loss=0.0000
2026-04-14 00:55:49,589 [INFO] [Epoch 149] val_loss=0.0000
2026-04-14 00:55:49,593 [INFO] Epoch 149 | train=0.0000 | val=0.0000
2026-04-14 00:55:49,625 [INFO] Saved checkpoint (val=0.0000)
2026-04-14 00:55:56,326 [INFO] [Epoch 150] train_loss=0.0000
2026-04-14 00:55:56,721 [INFO] [Epoch 150] val_loss=0.0000
2026-04-14 00:55:56,726 [INFO] Epoch 150 | train=0.0000 | val=0.0000
2026-04-14 00:55:56,757 [INFO] Saved checkpoint (val=0.0000)
2026-04-14 00:56:03,383 [INFO] [Epoch 151] train_loss=0.0000
2026-04-14 00:56:03,762 [INFO] [Epoch 151] val_loss=0.0000
2026-04-14 00:56:03,768 [INFO] Epoch 151 | train=0.0000 | val=0.0000
2026-04-14 00:56:03,799 [INFO] Saved checkpoint (val=0.0000)
2026-04-14 00:56:10,422 [INFO] [Epoch 152] train_loss=0.0000
2026-04-14 00:56:10,814 [INFO] [Epoch 152] val_loss=0.0000
2026-04-14 00:56:10,818 [INFO] Epoch 152 | train=0.0000 | val=0.0000
2026-04-14 00:56:10,849 [INFO] Saved checkpoint (val=0.0000)
2026-04-14 00:56:17,507 [INFO] [Epoch 153] train_loss=0.0000
2026-04-14 00:56:17,899 [INFO] [Epoch 153] val_loss=0.0000
2026-04-14 00:56:17,903 [INFO] Epoch 153 | train=0.0000 | val=0.0000
2026-04-14 00:56:17,934 [INFO] Saved checkpoint (val=0.0000)
2026-04-14 00:56:24,695 [INFO] [Epoch 154] train_loss=0.0000
2026-04-14 00:56:25,092 [INFO] [Epoch 154] val_loss=0.0000
2026-04-14 00:56:25,097 [INFO] Epoch 154 | train=0.0000 | val=0.0000
2026-04-14 00:56:25,114 [INFO] Saved checkpoint (val=0.0000)
2026-04-14 00:56:31,799 [INFO] [Epoch 155] train_loss=0.0000
2026-04-14 00:56:32,180 [INFO] [Epoch 155] val_loss=0.0000
2026-04-14 00:56:32,184 [INFO] Epoch 155 | train=0.0000 | val=0.0000
2026-04-14 00:56:32,216 [INFO] Saved checkpoint (val=0.0000)
2026-04-14 00:56:38,862 [INFO] [Epoch 156] train_loss=0.0000
2026-04-14 00:56:39,249 [INFO] [Epoch 156] val_loss=0.0000
2026-04-14 00:56:39,254 [INFO] Epoch 156 | train=0.0000 | val=0.0000
2026-04-14 00:56:39,286 [INFO] Saved checkpoint (val=0.0000)
2026-04-14 00:56:45,926 [INFO] [Epoch 157] train_loss=0.0000
2026-04-14 00:56:46,315 [INFO] [Epoch 157] val_loss=0.0000
2026-04-14 00:56:46,321 [INFO] Epoch 157 | train=0.0000 | val=0.0000
2026-04-14 00:56:46,352 [INFO] Saved checkpoint (val=0.0000)
2026-04-14 00:56:52,987 [INFO] [Epoch 158] train_loss=0.0000
2026-04-14 00:56:53,374 [INFO] [Epoch 158] val_loss=0.0000
2026-04-14 00:56:53,379 [INFO] Epoch 158 | train=0.0000 | val=0.0000
2026-04-14 00:56:53,411 [INFO] Saved checkpoint (val=0.0000)
2026-04-14 00:57:00,060 [INFO] [Epoch 159] train_loss=0.0000
2026-04-14 00:57:00,441 [INFO] [Epoch 159] val_loss=0.0000
2026-04-14 00:57:00,446 [INFO] Epoch 159 | train=0.0000 | val=0.0000
2026-04-14 00:57:00,464 [INFO] Saved checkpoint (val=0.0000)
2026-04-14 00:57:07,290 [INFO] [Epoch 160] train_loss=0.0000
2026-04-14 00:57:07,676 [INFO] [Epoch 160] val_loss=0.0000
2026-04-14 00:57:07,680 [INFO] Epoch 160 | train=0.0000 | val=0.0000
2026-04-14 00:57:07,711 [INFO] Saved checkpoint (val=0.0000)
2026-04-14 00:57:14,431 [INFO] [Epoch 161] train_loss=0.0000
2026-04-14 00:57:14,823 [INFO] [Epoch 161] val_loss=0.0000
2026-04-14 00:57:14,828 [INFO] Epoch 161 | train=0.0000 | val=0.0000
2026-04-14 00:57:14,859 [INFO] Saved checkpoint (val=0.0000)
2026-04-14 00:57:21,587 [INFO] [Epoch 162] train_loss=0.0000
2026-04-14 00:57:21,971 [INFO] [Epoch 162] val_loss=0.0000
2026-04-14 00:57:21,976 [INFO] Epoch 162 | train=0.0000 | val=0.0000
2026-04-14 00:57:22,007 [INFO] Saved checkpoint (val=0.0000)
2026-04-14 00:57:28,662 [INFO] [Epoch 163] train_loss=0.0000
2026-04-14 00:57:29,049 [INFO] [Epoch 163] val_loss=0.0000
2026-04-14 00:57:29,054 [INFO] Epoch 163 | train=0.0000 | val=0.0000
2026-04-14 00:57:29,085 [INFO] Saved checkpoint (val=0.0000)
2026-04-14 00:57:35,730 [INFO] [Epoch 164] train_loss=0.0000
2026-04-14 00:57:36,121 [INFO] [Epoch 164] val_loss=0.0000
2026-04-14 00:57:36,125 [INFO] Epoch 164 | train=0.0000 | val=0.0000
2026-04-14 00:57:36,156 [INFO] Saved checkpoint (val=0.0000)
2026-04-14 00:57:42,943 [INFO] [Epoch 165] train_loss=0.0000
2026-04-14 00:57:43,335 [INFO] [Epoch 165] val_loss=0.0000
2026-04-14 00:57:43,340 [INFO] Epoch 165 | train=0.0000 | val=0.0000
2026-04-14 00:57:43,371 [INFO] Saved checkpoint (val=0.0000)
2026-04-14 00:57:50,253 [INFO] [Epoch 166] train_loss=0.0000
2026-04-14 00:57:50,638 [INFO] [Epoch 166] val_loss=0.0000
2026-04-14 00:57:50,643 [INFO] Epoch 166 | train=0.0000 | val=0.0000
2026-04-14 00:57:50,659 [INFO] Saved checkpoint (val=0.0000)
2026-04-14 00:57:57,299 [INFO] [Epoch 167] train_loss=0.0000
2026-04-14 00:57:57,684 [INFO] [Epoch 167] val_loss=0.0000
2026-04-14 00:57:57,689 [INFO] Epoch 167 | train=0.0000 | val=0.0000
2026-04-14 00:57:57,719 [INFO] Saved checkpoint (val=0.0000)
2026-04-14 00:58:04,435 [INFO] [Epoch 168] train_loss=0.0000
2026-04-14 00:58:04,825 [INFO] [Epoch 168] val_loss=0.0000
2026-04-14 00:58:04,830 [INFO] Epoch 168 | train=0.0000 | val=0.0000
2026-04-14 00:58:04,861 [INFO] Saved checkpoint (val=0.0000)
2026-04-14 00:58:11,491 [INFO] [Epoch 169] train_loss=0.0000
2026-04-14 00:58:11,883 [INFO] [Epoch 169] val_loss=0.0000
2026-04-14 00:58:11,888 [INFO] Epoch 169 | train=0.0000 | val=0.0000
2026-04-14 00:58:11,920 [INFO] Saved checkpoint (val=0.0000)
2026-04-14 00:58:18,817 [INFO] [Epoch 170] train_loss=0.0000
2026-04-14 00:58:19,202 [INFO] [Epoch 170] val_loss=0.0000
2026-04-14 00:58:19,207 [INFO] Epoch 170 | train=0.0000 | val=0.0000
2026-04-14 00:58:19,240 [INFO] Saved checkpoint (val=0.0000)
2026-04-14 00:58:25,872 [INFO] [Epoch 171] train_loss=0.0000
2026-04-14 00:58:26,259 [INFO] [Epoch 171] val_loss=0.0000
2026-04-14 00:58:26,263 [INFO] Epoch 171 | train=0.0000 | val=0.0000
2026-04-14 00:58:26,294 [INFO] Saved checkpoint (val=0.0000)
2026-04-14 00:58:32,951 [INFO] [Epoch 172] train_loss=0.0000
2026-04-14 00:58:33,340 [INFO] [Epoch 172] val_loss=0.0000
2026-04-14 00:58:33,344 [INFO] Epoch 172 | train=0.0000 | val=0.0000
2026-04-14 00:58:33,376 [INFO] Saved checkpoint (val=0.0000)
2026-04-14 00:58:40,016 [INFO] [Epoch 173] train_loss=0.0000
2026-04-14 00:58:40,397 [INFO] [Epoch 173] val_loss=0.0000
2026-04-14 00:58:40,402 [INFO] Epoch 173 | train=0.0000 | val=0.0000
2026-04-14 00:58:40,419 [INFO] Saved checkpoint (val=0.0000)
2026-04-14 00:58:47,341 [INFO] [Epoch 174] train_loss=0.0000
2026-04-14 00:58:47,726 [INFO] [Epoch 174] val_loss=0.0000
2026-04-14 00:58:47,731 [INFO] Epoch 174 | train=0.0000 | val=0.0000
2026-04-14 00:58:47,764 [INFO] Saved checkpoint (val=0.0000)
2026-04-14 00:58:54,417 [INFO] [Epoch 175] train_loss=0.0000
2026-04-14 00:58:54,803 [INFO] [Epoch 175] val_loss=0.0000
2026-04-14 00:58:54,809 [INFO] Epoch 175 | train=0.0000 | val=0.0000
2026-04-14 00:58:54,839 [INFO] Saved checkpoint (val=0.0000)
2026-04-14 00:59:01,561 [INFO] [Epoch 176] train_loss=0.0000
2026-04-14 00:59:01,955 [INFO] [Epoch 176] val_loss=0.0000
2026-04-14 00:59:01,960 [INFO] Epoch 176 | train=0.0000 | val=0.0000
2026-04-14 00:59:01,992 [INFO] Saved checkpoint (val=0.0000)
2026-04-14 00:59:08,691 [INFO] [Epoch 177] train_loss=0.0000
2026-04-14 00:59:09,075 [INFO] [Epoch 177] val_loss=0.0000
2026-04-14 00:59:09,080 [INFO] Epoch 177 | train=0.0000 | val=0.0000
2026-04-14 00:59:09,111 [INFO] Saved checkpoint (val=0.0000)
2026-04-14 00:59:15,758 [INFO] [Epoch 178] train_loss=0.0000
2026-04-14 00:59:16,152 [INFO] [Epoch 178] val_loss=0.0000
2026-04-14 00:59:16,158 [INFO] Epoch 178 | train=0.0000 | val=0.0000
2026-04-14 00:59:16,188 [INFO] Saved checkpoint (val=0.0000)
2026-04-14 00:59:23,026 [INFO] [Epoch 179] train_loss=0.0000
2026-04-14 00:59:23,422 [INFO] [Epoch 179] val_loss=0.0000
2026-04-14 00:59:23,427 [INFO] Epoch 179 | train=0.0000 | val=0.0000
2026-04-14 00:59:23,459 [INFO] Saved checkpoint (val=0.0000)
2026-04-14 00:59:30,197 [INFO] [Epoch 180] train_loss=0.0000
2026-04-14 00:59:30,585 [INFO] [Epoch 180] val_loss=0.0000
2026-04-14 00:59:30,589 [INFO] Epoch 180 | train=0.0000 | val=0.0000
2026-04-14 00:59:30,607 [INFO] Saved checkpoint (val=0.0000)
2026-04-14 00:59:37,227 [INFO] [Epoch 181] train_loss=0.0000
2026-04-14 00:59:37,619 [INFO] [Epoch 181] val_loss=0.0000
2026-04-14 00:59:37,622 [INFO] Epoch 181 | train=0.0000 | val=0.0000
2026-04-14 00:59:37,646 [INFO] Saved checkpoint (val=0.0000)
2026-04-14 00:59:44,341 [INFO] [Epoch 182] train_loss=0.0000
2026-04-14 00:59:44,728 [INFO] [Epoch 182] val_loss=0.0000
2026-04-14 00:59:44,732 [INFO] Epoch 182 | train=0.0000 | val=0.0000
2026-04-14 00:59:44,764 [INFO] Saved checkpoint (val=0.0000)
2026-04-14 00:59:51,475 [INFO] [Epoch 183] train_loss=0.0000
2026-04-14 00:59:51,859 [INFO] [Epoch 183] val_loss=0.0000
2026-04-14 00:59:51,863 [INFO] Epoch 183 | train=0.0000 | val=0.0000
2026-04-14 00:59:51,895 [INFO] Saved checkpoint (val=0.0000)
2026-04-14 00:59:58,812 [INFO] [Epoch 184] train_loss=0.0000
2026-04-14 00:59:59,199 [INFO] [Epoch 184] val_loss=0.0000
2026-04-14 00:59:59,204 [INFO] Epoch 184 | train=0.0000 | val=0.0000
2026-04-14 00:59:59,237 [INFO] Saved checkpoint (val=0.0000)
2026-04-14 01:00:06,040 [INFO] [Epoch 185] train_loss=0.0000
2026-04-14 01:00:06,419 [INFO] [Epoch 185] val_loss=0.0000
2026-04-14 01:00:06,423 [INFO] Epoch 185 | train=0.0000 | val=0.0000
2026-04-14 01:00:06,455 [INFO] Saved checkpoint (val=0.0000)
2026-04-14 01:00:13,105 [INFO] [Epoch 186] train_loss=0.0000
2026-04-14 01:00:13,496 [INFO] [Epoch 186] val_loss=0.0000
2026-04-14 01:00:13,502 [INFO] Epoch 186 | train=0.0000 | val=0.0000
2026-04-14 01:00:13,534 [INFO] Saved checkpoint (val=0.0000)
2026-04-14 01:00:20,525 [INFO] [Epoch 187] train_loss=0.0000
2026-04-14 01:00:20,914 [INFO] [Epoch 187] val_loss=0.0000
2026-04-14 01:00:20,919 [INFO] Epoch 187 | train=0.0000 | val=0.0000
2026-04-14 01:00:20,936 [INFO] Saved checkpoint (val=0.0000)
2026-04-14 01:00:27,908 [INFO] [Epoch 188] train_loss=0.0000
2026-04-14 01:00:28,288 [INFO] [Epoch 188] val_loss=0.0000
2026-04-14 01:00:28,293 [INFO] Epoch 188 | train=0.0000 | val=0.0000
2026-04-14 01:00:28,326 [INFO] Saved checkpoint (val=0.0000)
2026-04-14 01:00:34,995 [INFO] [Epoch 189] train_loss=0.0000
2026-04-14 01:00:35,378 [INFO] [Epoch 189] val_loss=0.0000
2026-04-14 01:00:35,382 [INFO] Epoch 189 | train=0.0000 | val=0.0000
2026-04-14 01:00:35,400 [INFO] Saved checkpoint (val=0.0000)
2026-04-14 01:00:42,101 [INFO] [Epoch 190] train_loss=0.0000
2026-04-14 01:00:42,483 [INFO] [Epoch 190] val_loss=0.0000
2026-04-14 01:00:42,488 [INFO] Epoch 190 | train=0.0000 | val=0.0000
2026-04-14 01:00:42,521 [INFO] Saved checkpoint (val=0.0000)
2026-04-14 01:00:49,204 [INFO] [Epoch 191] train_loss=0.0000
2026-04-14 01:00:49,589 [INFO] [Epoch 191] val_loss=0.0000
2026-04-14 01:00:49,594 [INFO] Epoch 191 | train=0.0000 | val=0.0000
2026-04-14 01:00:49,611 [INFO] Saved checkpoint (val=0.0000)
2026-04-14 01:00:56,352 [INFO] [Epoch 192] train_loss=0.0000
2026-04-14 01:00:56,742 [INFO] [Epoch 192] val_loss=0.0000
2026-04-14 01:00:56,747 [INFO] Epoch 192 | train=0.0000 | val=0.0000
2026-04-14 01:00:56,779 [INFO] Saved checkpoint (val=0.0000)
2026-04-14 01:01:03,437 [INFO] [Epoch 193] train_loss=0.0000
2026-04-14 01:01:03,815 [INFO] [Epoch 193] val_loss=0.0000
2026-04-14 01:01:03,820 [INFO] Epoch 193 | train=0.0000 | val=0.0000
2026-04-14 01:01:03,851 [INFO] Saved checkpoint (val=0.0000)
2026-04-14 01:01:10,553 [INFO] [Epoch 194] train_loss=0.0000
2026-04-14 01:01:10,942 [INFO] [Epoch 194] val_loss=0.0000
2026-04-14 01:01:10,947 [INFO] Epoch 194 | train=0.0000 | val=0.0000
2026-04-14 01:01:10,964 [INFO] Saved checkpoint (val=0.0000)
2026-04-14 01:01:17,715 [INFO] [Epoch 195] train_loss=0.0000
2026-04-14 01:01:18,095 [INFO] [Epoch 195] val_loss=0.0000
2026-04-14 01:01:18,100 [INFO] Epoch 195 | train=0.0000 | val=0.0000
2026-04-14 01:01:18,132 [INFO] Saved checkpoint (val=0.0000)
2026-04-14 01:01:24,740 [INFO] [Epoch 196] train_loss=0.0000
2026-04-14 01:01:25,135 [INFO] [Epoch 196] val_loss=0.0000
2026-04-14 01:01:25,140 [INFO] Epoch 196 | train=0.0000 | val=0.0000
2026-04-14 01:01:25,156 [INFO] Saved checkpoint (val=0.0000)
2026-04-14 01:01:31,787 [INFO] [Epoch 197] train_loss=0.0000
2026-04-14 01:01:32,175 [INFO] [Epoch 197] val_loss=0.0000
2026-04-14 01:01:32,180 [INFO] Epoch 197 | train=0.0000 | val=0.0000
2026-04-14 01:01:32,210 [INFO] Saved checkpoint (val=0.0000)
2026-04-14 01:01:38,843 [INFO] [Epoch 198] train_loss=0.0000
2026-04-14 01:01:39,223 [INFO] [Epoch 198] val_loss=0.0000
2026-04-14 01:01:39,229 [INFO] Epoch 198 | train=0.0000 | val=0.0000
2026-04-14 01:01:39,260 [INFO] Saved checkpoint (val=0.0000)
2026-04-14 01:01:46,099 [INFO] [Epoch 199] train_loss=0.0000
2026-04-14 01:01:46,489 [INFO] [Epoch 199] val_loss=0.0000
2026-04-14 01:01:46,494 [INFO] Epoch 199 | train=0.0000 | val=0.0000
2026-04-14 01:01:46,526 [INFO] Saved checkpoint (val=0.0000)
2026-04-14 01:01:53,219 [INFO] [Epoch 200] train_loss=0.0000
2026-04-14 01:01:53,611 [INFO] [Epoch 200] val_loss=0.0000
2026-04-14 01:01:53,616 [INFO] Epoch 200 | train=0.0000 | val=0.0000
2026-04-14 01:01:53,646 [INFO] Saved checkpoint (val=0.0000)
2026-04-14 01:02:00,276 [INFO] [Epoch 201] train_loss=0.0000
2026-04-14 01:02:00,667 [INFO] [Epoch 201] val_loss=0.0000
2026-04-14 01:02:00,671 [INFO] Epoch 201 | train=0.0000 | val=0.0000
2026-04-14 01:02:00,689 [INFO] Saved checkpoint (val=0.0000)
2026-04-14 01:02:07,313 [INFO] [Epoch 202] train_loss=0.0000
2026-04-14 01:02:07,689 [INFO] [Epoch 202] val_loss=0.0000
2026-04-14 01:02:07,692 [INFO] Epoch 202 | train=0.0000 | val=0.0000
2026-04-14 01:02:07,714 [INFO] Saved checkpoint (val=0.0000)
2026-04-14 01:02:14,402 [INFO] [Epoch 203] train_loss=0.0000
2026-04-14 01:02:14,797 [INFO] [Epoch 203] val_loss=0.0000
2026-04-14 01:02:14,801 [INFO] Epoch 203 | train=0.0000 | val=0.0000
2026-04-14 01:02:14,832 [INFO] Saved checkpoint (val=0.0000)
2026-04-14 01:02:21,509 [INFO] [Epoch 204] train_loss=0.0000
2026-04-14 01:02:21,899 [INFO] [Epoch 204] val_loss=0.0000
2026-04-14 01:02:21,904 [INFO] Epoch 204 | train=0.0000 | val=0.0000
2026-04-14 01:02:21,937 [INFO] Saved checkpoint (val=0.0000)
2026-04-14 01:02:28,675 [INFO] [Epoch 205] train_loss=0.0000
2026-04-14 01:02:29,063 [INFO] [Epoch 205] val_loss=0.0000
2026-04-14 01:02:29,068 [INFO] Epoch 205 | train=0.0000 | val=0.0000
2026-04-14 01:02:29,098 [INFO] Saved checkpoint (val=0.0000)
2026-04-14 01:02:35,750 [INFO] [Epoch 206] train_loss=0.0000
2026-04-14 01:02:36,143 [INFO] [Epoch 206] val_loss=0.0000
2026-04-14 01:02:36,147 [INFO] Epoch 206 | train=0.0000 | val=0.0000
2026-04-14 01:02:36,165 [INFO] Saved checkpoint (val=0.0000)
2026-04-14 01:02:42,841 [INFO] [Epoch 207] train_loss=0.0000
2026-04-14 01:02:43,232 [INFO] [Epoch 207] val_loss=0.0000
2026-04-14 01:02:43,237 [INFO] Epoch 207 | train=0.0000 | val=0.0000
2026-04-14 01:02:43,254 [INFO] Saved checkpoint (val=0.0000)
2026-04-14 01:02:49,930 [INFO] [Epoch 208] train_loss=0.0000
2026-04-14 01:02:50,319 [INFO] [Epoch 208] val_loss=0.0000
2026-04-14 01:02:50,324 [INFO] Epoch 208 | train=0.0000 | val=0.0000
2026-04-14 01:02:50,355 [INFO] Saved checkpoint (val=0.0000)
2026-04-14 01:02:56,993 [INFO] [Epoch 209] train_loss=0.0000
2026-04-14 01:02:57,376 [INFO] [Epoch 209] val_loss=0.0000
2026-04-14 01:02:57,381 [INFO] Epoch 209 | train=0.0000 | val=0.0000
2026-04-14 01:02:57,412 [INFO] Saved checkpoint (val=0.0000)
2026-04-14 01:03:04,051 [INFO] [Epoch 210] train_loss=0.0000
2026-04-14 01:03:04,441 [INFO] [Epoch 210] val_loss=0.0000
2026-04-14 01:03:04,446 [INFO] Epoch 210 | train=0.0000 | val=0.0000
2026-04-14 01:03:04,477 [INFO] Saved checkpoint (val=0.0000)
2026-04-14 01:03:11,307 [INFO] [Epoch 211] train_loss=0.0000
2026-04-14 01:03:11,697 [INFO] [Epoch 211] val_loss=0.0000
2026-04-14 01:03:11,701 [INFO] Epoch 211 | train=0.0000 | val=0.0000
2026-04-14 01:03:11,734 [INFO] Saved checkpoint (val=0.0000)
2026-04-14 01:03:18,353 [INFO] [Epoch 212] train_loss=0.0000
2026-04-14 01:03:18,737 [INFO] [Epoch 212] val_loss=0.0000
2026-04-14 01:03:18,741 [INFO] Epoch 212 | train=0.0000 | val=0.0000
2026-04-14 01:03:18,772 [INFO] Saved checkpoint (val=0.0000)
2026-04-14 01:03:25,417 [INFO] [Epoch 213] train_loss=0.0000
2026-04-14 01:03:25,789 [INFO] [Epoch 213] val_loss=0.0000
2026-04-14 01:03:25,794 [INFO] Epoch 213 | train=0.0000 | val=0.0000
2026-04-14 01:03:25,812 [INFO] Saved checkpoint (val=0.0000)
2026-04-14 01:03:32,440 [INFO] [Epoch 214] train_loss=0.0000
2026-04-14 01:03:32,833 [INFO] [Epoch 214] val_loss=0.0000
2026-04-14 01:03:32,838 [INFO] Epoch 214 | train=0.0000 | val=0.0000
2026-04-14 01:03:32,869 [INFO] Saved checkpoint (val=0.0000)
2026-04-14 01:03:39,615 [INFO] [Epoch 215] train_loss=0.0000
2026-04-14 01:03:40,004 [INFO] [Epoch 215] val_loss=0.0000
2026-04-14 01:03:40,009 [INFO] Epoch 215 | train=0.0000 | val=0.0000
2026-04-14 01:03:40,040 [INFO] Saved checkpoint (val=0.0000)
2026-04-14 01:03:46,836 [INFO] [Epoch 216] train_loss=0.0000
2026-04-14 01:03:47,221 [INFO] [Epoch 216] val_loss=0.0000
2026-04-14 01:03:47,226 [INFO] Epoch 216 | train=0.0000 | val=0.0000
2026-04-14 01:03:47,257 [INFO] Saved checkpoint (val=0.0000)
2026-04-14 01:03:53,964 [INFO] [Epoch 217] train_loss=0.0000
2026-04-14 01:03:54,361 [INFO] [Epoch 217] val_loss=0.0000
2026-04-14 01:03:54,366 [INFO] Epoch 217 | train=0.0000 | val=0.0000
2026-04-14 01:03:54,383 [INFO] Saved checkpoint (val=0.0000)
2026-04-14 01:04:01,670 [INFO] [Epoch 218] train_loss=0.0000
2026-04-14 01:04:02,052 [INFO] [Epoch 218] val_loss=0.0000
2026-04-14 01:04:02,055 [INFO] Epoch 218 | train=0.0000 | val=0.0000
2026-04-14 01:04:02,079 [INFO] Saved checkpoint (val=0.0000)
2026-04-14 01:04:09,245 [INFO] [Epoch 219] train_loss=0.0000
2026-04-14 01:04:09,638 [INFO] [Epoch 219] val_loss=0.0000
2026-04-14 01:04:09,643 [INFO] Epoch 219 | train=0.0000 | val=0.0000
2026-04-14 01:04:09,673 [INFO] Saved checkpoint (val=0.0000)
2026-04-14 01:04:16,307 [INFO] [Epoch 220] train_loss=0.0000
2026-04-14 01:04:16,682 [INFO] [Epoch 220] val_loss=0.0000
2026-04-14 01:04:16,687 [INFO] Epoch 220 | train=0.0000 | val=0.0000
2026-04-14 01:04:16,718 [INFO] Saved checkpoint (val=0.0000)
2026-04-14 01:04:23,490 [INFO] [Epoch 221] train_loss=0.0000
2026-04-14 01:04:23,877 [INFO] [Epoch 221] val_loss=0.0000
2026-04-14 01:04:23,882 [INFO] Epoch 221 | train=0.0000 | val=0.0000
2026-04-14 01:04:23,913 [INFO] Saved checkpoint (val=0.0000)
2026-04-14 01:04:30,684 [INFO] [Epoch 222] train_loss=0.0000
2026-04-14 01:04:31,072 [INFO] [Epoch 222] val_loss=0.0000
2026-04-14 01:04:31,078 [INFO] Epoch 222 | train=0.0000 | val=0.0000
2026-04-14 01:04:31,095 [INFO] Saved checkpoint (val=0.0000)
2026-04-14 01:04:38,084 [INFO] [Epoch 223] train_loss=0.0000
2026-04-14 01:04:38,471 [INFO] [Epoch 223] val_loss=0.0000
2026-04-14 01:04:38,476 [INFO] Epoch 223 | train=0.0000 | val=0.0000
2026-04-14 01:04:38,508 [INFO] Saved checkpoint (val=0.0000)
2026-04-14 01:04:45,168 [INFO] [Epoch 224] train_loss=0.0000
2026-04-14 01:04:45,552 [INFO] [Epoch 224] val_loss=0.0000
2026-04-14 01:04:45,557 [INFO] Epoch 224 | train=0.0000 | val=0.0000
2026-04-14 01:04:45,574 [INFO] Saved checkpoint (val=0.0000)
2026-04-14 01:04:52,695 [INFO] [Epoch 225] train_loss=0.0000
2026-04-14 01:04:53,075 [INFO] [Epoch 225] val_loss=0.0000
2026-04-14 01:04:53,080 [INFO] Epoch 225 | train=0.0000 | val=0.0000
2026-04-14 01:04:53,111 [INFO] Saved checkpoint (val=0.0000)
2026-04-14 01:04:59,843 [INFO] [Epoch 226] train_loss=0.0000
2026-04-14 01:05:00,234 [INFO] [Epoch 226] val_loss=0.0000
2026-04-14 01:05:00,238 [INFO] Epoch 226 | train=0.0000 | val=0.0000
2026-04-14 01:05:00,269 [INFO] Saved checkpoint (val=0.0000)
2026-04-14 01:05:06,901 [INFO] [Epoch 227] train_loss=0.0000
2026-04-14 01:05:07,293 [INFO] [Epoch 227] val_loss=0.0000
2026-04-14 01:05:07,298 [INFO] Epoch 227 | train=0.0000 | val=0.0000
2026-04-14 01:05:07,329 [INFO] Saved checkpoint (val=0.0000)
2026-04-14 01:05:14,032 [INFO] [Epoch 228] train_loss=0.0000
2026-04-14 01:05:14,415 [INFO] [Epoch 228] val_loss=0.0000
2026-04-14 01:05:14,420 [INFO] Epoch 228 | train=0.0000 | val=0.0000
2026-04-14 01:05:14,452 [INFO] Saved checkpoint (val=0.0000)
2026-04-14 01:05:21,138 [INFO] [Epoch 229] train_loss=0.0000
2026-04-14 01:05:21,529 [INFO] [Epoch 229] val_loss=0.0000
2026-04-14 01:05:21,534 [INFO] Epoch 229 | train=0.0000 | val=0.0000
2026-04-14 01:05:21,550 [INFO] Saved checkpoint (val=0.0000)
2026-04-14 01:05:28,363 [INFO] [Epoch 230] train_loss=0.0000
2026-04-14 01:05:28,750 [INFO] [Epoch 230] val_loss=0.0000
2026-04-14 01:05:28,755 [INFO] Epoch 230 | train=0.0000 | val=0.0000
2026-04-14 01:05:28,788 [INFO] Saved checkpoint (val=0.0000)
2026-04-14 01:05:35,418 [INFO] [Epoch 231] train_loss=0.0000
2026-04-14 01:05:35,798 [INFO] [Epoch 231] val_loss=0.0000
2026-04-14 01:05:35,803 [INFO] Epoch 231 | train=0.0000 | val=0.0000
2026-04-14 01:05:35,819 [INFO] Saved checkpoint (val=0.0000)
2026-04-14 01:05:42,482 [INFO] [Epoch 232] train_loss=0.0000
2026-04-14 01:05:42,867 [INFO] [Epoch 232] val_loss=0.0000
2026-04-14 01:05:42,873 [INFO] Epoch 232 | train=0.0000 | val=0.0000
2026-04-14 01:05:42,905 [INFO] Saved checkpoint (val=0.0000)
2026-04-14 01:05:50,110 [INFO] [Epoch 233] train_loss=0.0000
2026-04-14 01:05:50,496 [INFO] [Epoch 233] val_loss=0.0000
2026-04-14 01:05:50,500 [INFO] Epoch 233 | train=0.0000 | val=0.0000
2026-04-14 01:05:50,531 [INFO] Saved checkpoint (val=0.0000)
2026-04-14 01:05:57,231 [INFO] [Epoch 234] train_loss=0.0000
2026-04-14 01:05:57,619 [INFO] [Epoch 234] val_loss=0.0000
2026-04-14 01:05:57,624 [INFO] Epoch 234 | train=0.0000 | val=0.0000
2026-04-14 01:05:57,640 [INFO] Saved checkpoint (val=0.0000)
2026-04-14 01:06:04,482 [INFO] [Epoch 235] train_loss=0.0000
2026-04-14 01:06:04,872 [INFO] [Epoch 235] val_loss=0.0000
2026-04-14 01:06:04,878 [INFO] Epoch 235 | train=0.0000 | val=0.0000
2026-04-14 01:06:04,908 [INFO] Saved checkpoint (val=0.0000)
2026-04-14 01:06:11,652 [INFO] [Epoch 236] train_loss=0.0000
2026-04-14 01:06:12,037 [INFO] [Epoch 236] val_loss=0.0000
2026-04-14 01:06:12,041 [INFO] Epoch 236 | train=0.0000 | val=0.0000
2026-04-14 01:06:12,072 [INFO] Saved checkpoint (val=0.0000)
2026-04-14 01:06:18,845 [INFO] [Epoch 237] train_loss=0.0000
2026-04-14 01:06:19,221 [INFO] [Epoch 237] val_loss=0.0000
2026-04-14 01:06:19,226 [INFO] Epoch 237 | train=0.0000 | val=0.0000
2026-04-14 01:06:19,257 [INFO] Saved checkpoint (val=0.0000)
2026-04-14 01:06:26,033 [INFO] [Epoch 238] train_loss=0.0000
2026-04-14 01:06:26,424 [INFO] [Epoch 238] val_loss=0.0000
2026-04-14 01:06:26,428 [INFO] Epoch 238 | train=0.0000 | val=0.0000
2026-04-14 01:06:26,461 [INFO] Saved checkpoint (val=0.0000)
2026-04-14 01:06:33,114 [INFO] [Epoch 239] train_loss=0.0000
2026-04-14 01:06:33,504 [INFO] [Epoch 239] val_loss=0.0000
2026-04-14 01:06:33,509 [INFO] Epoch 239 | train=0.0000 | val=0.0000
2026-04-14 01:06:33,526 [INFO] Saved checkpoint (val=0.0000)
2026-04-14 01:06:40,193 [INFO] [Epoch 240] train_loss=0.0000
2026-04-14 01:06:40,583 [INFO] [Epoch 240] val_loss=0.0000
2026-04-14 01:06:40,588 [INFO] Epoch 240 | train=0.0000 | val=0.0000
2026-04-14 01:06:40,622 [INFO] Saved checkpoint (val=0.0000)
2026-04-14 01:06:47,258 [INFO] [Epoch 241] train_loss=0.0000
2026-04-14 01:06:47,649 [INFO] [Epoch 241] val_loss=0.0000
2026-04-14 01:06:47,654 [INFO] Epoch 241 | train=0.0000 | val=0.0000
2026-04-14 01:06:47,671 [INFO] Saved checkpoint (val=0.0000)
2026-04-14 01:06:54,296 [INFO] [Epoch 242] train_loss=0.0000
2026-04-14 01:06:54,677 [INFO] [Epoch 242] val_loss=0.0000
2026-04-14 01:06:54,682 [INFO] Epoch 242 | train=0.0000 | val=0.0000
2026-04-14 01:06:54,715 [INFO] Saved checkpoint (val=0.0000)
2026-04-14 01:07:01,506 [INFO] [Epoch 243] train_loss=0.0000
2026-04-14 01:07:01,884 [INFO] [Epoch 243] val_loss=0.0000
2026-04-14 01:07:01,887 [INFO] Epoch 243 | train=0.0000 | val=0.0000
2026-04-14 01:07:01,910 [INFO] Saved checkpoint (val=0.0000)
2026-04-14 01:07:08,593 [INFO] [Epoch 244] train_loss=0.0000
2026-04-14 01:07:08,981 [INFO] [Epoch 244] val_loss=0.0000
2026-04-14 01:07:08,986 [INFO] Epoch 244 | train=0.0000 | val=0.0000
2026-04-14 01:07:09,016 [INFO] Saved checkpoint (val=0.0000)
2026-04-14 01:07:15,786 [INFO] [Epoch 245] train_loss=0.0000
2026-04-14 01:07:16,169 [INFO] [Epoch 245] val_loss=0.0000
2026-04-14 01:07:16,175 [INFO] Epoch 245 | train=0.0000 | val=0.0000
2026-04-14 01:07:16,191 [INFO] Saved checkpoint (val=0.0000)
2026-04-14 01:07:22,857 [INFO] [Epoch 246] train_loss=0.0000
2026-04-14 01:07:23,250 [INFO] [Epoch 246] val_loss=0.0000
2026-04-14 01:07:23,255 [INFO] Epoch 246 | train=0.0000 | val=0.0000
2026-04-14 01:07:23,287 [INFO] Saved checkpoint (val=0.0000)
2026-04-14 01:07:30,042 [INFO] [Epoch 247] train_loss=0.0000
2026-04-14 01:07:30,428 [INFO] [Epoch 247] val_loss=0.0000
2026-04-14 01:07:30,433 [INFO] Epoch 247 | train=0.0000 | val=0.0000
2026-04-14 01:07:30,451 [INFO] Saved checkpoint (val=0.0000)
2026-04-14 01:07:37,091 [INFO] [Epoch 248] train_loss=0.0000
2026-04-14 01:07:37,483 [INFO] [Epoch 248] val_loss=0.0000
2026-04-14 01:07:37,488 [INFO] Epoch 248 | train=0.0000 | val=0.0000
2026-04-14 01:07:37,520 [INFO] Saved checkpoint (val=0.0000)
2026-04-14 01:07:44,241 [INFO] [Epoch 249] train_loss=0.0000
2026-04-14 01:07:44,626 [INFO] [Epoch 249] val_loss=0.0000
2026-04-14 01:07:44,631 [INFO] Epoch 249 | train=0.0000 | val=0.0000
2026-04-14 01:07:44,661 [INFO] Saved checkpoint (val=0.0000)
2026-04-14 01:07:51,341 [INFO] [Epoch 250] train_loss=0.0000
2026-04-14 01:07:51,727 [INFO] [Epoch 250] val_loss=0.0000
2026-04-14 01:07:51,733 [INFO] Epoch 250 | train=0.0000 | val=0.0000
2026-04-14 01:07:51,764 [INFO] Saved checkpoint (val=0.0000)
2026-04-14 01:07:58,450 [INFO] [Epoch 251] train_loss=0.0000
2026-04-14 01:07:58,837 [INFO] [Epoch 251] val_loss=0.0000
2026-04-14 01:07:58,842 [INFO] Epoch 251 | train=0.0000 | val=0.0000
2026-04-14 01:07:58,874 [INFO] Saved checkpoint (val=0.0000)
2026-04-14 01:08:05,491 [INFO] [Epoch 252] train_loss=0.0000
2026-04-14 01:08:05,869 [INFO] [Epoch 252] val_loss=0.0000
2026-04-14 01:08:05,874 [INFO] Epoch 252 | train=0.0000 | val=0.0000
2026-04-14 01:08:05,890 [INFO] Saved checkpoint (val=0.0000)
2026-04-14 01:08:12,603 [INFO] [Epoch 253] train_loss=0.0000
2026-04-14 01:08:12,992 [INFO] [Epoch 253] val_loss=0.0000
2026-04-14 01:08:12,997 [INFO] Epoch 253 | train=0.0000 | val=0.0000
2026-04-14 01:08:13,013 [INFO] Saved checkpoint (val=0.0000)
2026-04-14 01:08:19,641 [INFO] [Epoch 254] train_loss=0.0000
2026-04-14 01:08:20,027 [INFO] [Epoch 254] val_loss=0.0000
2026-04-14 01:08:20,032 [INFO] Epoch 254 | train=0.0000 | val=0.0000
2026-04-14 01:08:20,064 [INFO] Saved checkpoint (val=0.0000)
2026-04-14 01:08:26,714 [INFO] [Epoch 255] train_loss=0.0000
2026-04-14 01:08:27,105 [INFO] [Epoch 255] val_loss=0.0000
2026-04-14 01:08:27,111 [INFO] Epoch 255 | train=0.0000 | val=0.0000
2026-04-14 01:08:27,142 [INFO] Saved checkpoint (val=0.0000)
2026-04-14 01:08:34,010 [INFO] [Epoch 256] train_loss=0.0000
2026-04-14 01:08:34,403 [INFO] [Epoch 256] val_loss=0.0000
2026-04-14 01:08:34,408 [INFO] Epoch 256 | train=0.0000 | val=0.0000
2026-04-14 01:08:34,439 [INFO] Saved checkpoint (val=0.0000)
2026-04-14 01:08:41,158 [INFO] [Epoch 257] train_loss=0.0000
2026-04-14 01:08:41,539 [INFO] [Epoch 257] val_loss=0.0000
2026-04-14 01:08:41,541 [INFO] Epoch 257 | train=0.0000 | val=0.0000
2026-04-14 01:08:41,550 [INFO] Saved checkpoint (val=0.0000)
2026-04-14 01:08:48,520 [INFO] [Epoch 258] train_loss=0.0000
2026-04-14 01:08:48,904 [INFO] [Epoch 258] val_loss=0.0000
2026-04-14 01:08:48,909 [INFO] Epoch 258 | train=0.0000 | val=0.0000
2026-04-14 01:08:48,940 [INFO] Saved checkpoint (val=0.0000)
2026-04-14 01:08:55,856 [INFO] [Epoch 259] train_loss=0.0000
2026-04-14 01:08:56,248 [INFO] [Epoch 259] val_loss=0.0000
2026-04-14 01:08:56,253 [INFO] Epoch 259 | train=0.0000 | val=0.0000
2026-04-14 01:08:56,271 [INFO] Saved checkpoint (val=0.0000)
2026-04-14 01:09:03,057 [INFO] [Epoch 260] train_loss=0.0000
2026-04-14 01:09:03,446 [INFO] [Epoch 260] val_loss=0.0000
2026-04-14 01:09:03,451 [INFO] Epoch 260 | train=0.0000 | val=0.0000
2026-04-14 01:09:03,483 [INFO] Saved checkpoint (val=0.0000)
2026-04-14 01:09:10,192 [INFO] [Epoch 261] train_loss=0.0000
2026-04-14 01:09:10,582 [INFO] [Epoch 261] val_loss=0.0000
2026-04-14 01:09:10,587 [INFO] Epoch 261 | train=0.0000 | val=0.0000
2026-04-14 01:09:10,619 [INFO] Saved checkpoint (val=0.0000)
2026-04-14 01:09:17,448 [INFO] [Epoch 262] train_loss=0.0000
2026-04-14 01:09:17,836 [INFO] [Epoch 262] val_loss=0.0000
2026-04-14 01:09:17,841 [INFO] Epoch 262 | train=0.0000 | val=0.0000
2026-04-14 01:09:17,874 [INFO] Saved checkpoint (val=0.0000)
2026-04-14 01:09:24,513 [INFO] [Epoch 263] train_loss=0.0000
2026-04-14 01:09:24,891 [INFO] [Epoch 263] val_loss=0.0000
2026-04-14 01:09:24,896 [INFO] Epoch 263 | train=0.0000 | val=0.0000
2026-04-14 01:09:24,927 [INFO] Saved checkpoint (val=0.0000)
2026-04-14 01:09:31,915 [INFO] [Epoch 264] train_loss=0.0000
2026-04-14 01:09:32,302 [INFO] [Epoch 264] val_loss=0.0000
2026-04-14 01:09:32,306 [INFO] Epoch 264 | train=0.0000 | val=0.0000
2026-04-14 01:09:32,337 [INFO] Saved checkpoint (val=0.0000)
2026-04-14 01:09:39,178 [INFO] [Epoch 265] train_loss=0.0000
2026-04-14 01:09:39,560 [INFO] [Epoch 265] val_loss=0.0000
2026-04-14 01:09:39,564 [INFO] Epoch 265 | train=0.0000 | val=0.0000
2026-04-14 01:09:39,595 [INFO] Saved checkpoint (val=0.0000)
2026-04-14 01:09:46,330 [INFO] [Epoch 266] train_loss=0.0000
2026-04-14 01:09:46,722 [INFO] [Epoch 266] val_loss=0.0000
2026-04-14 01:09:46,727 [INFO] Epoch 266 | train=0.0000 | val=0.0000
2026-04-14 01:09:46,758 [INFO] Saved checkpoint (val=0.0000)
2026-04-14 01:09:53,436 [INFO] [Epoch 267] train_loss=0.0000
2026-04-14 01:09:53,828 [INFO] [Epoch 267] val_loss=0.0000
2026-04-14 01:09:53,833 [INFO] Epoch 267 | train=0.0000 | val=0.0000
2026-04-14 01:09:53,850 [INFO] Saved checkpoint (val=0.0000)
2026-04-14 01:10:00,475 [INFO] [Epoch 268] train_loss=0.0000
2026-04-14 01:10:00,869 [INFO] [Epoch 268] val_loss=0.0000
2026-04-14 01:10:00,874 [INFO] Epoch 268 | train=0.0000 | val=0.0000
2026-04-14 01:10:00,891 [INFO] Saved checkpoint (val=0.0000)
2026-04-14 01:10:07,728 [INFO] [Epoch 269] train_loss=0.0000
2026-04-14 01:10:08,114 [INFO] [Epoch 269] val_loss=0.0000
2026-04-14 01:10:08,120 [INFO] Epoch 269 | train=0.0000 | val=0.0000
2026-04-14 01:10:08,150 [INFO] Saved checkpoint (val=0.0000)
2026-04-14 01:10:14,783 [INFO] [Epoch 270] train_loss=0.0000
2026-04-14 01:10:15,168 [INFO] [Epoch 270] val_loss=0.0000
2026-04-14 01:10:15,173 [INFO] Epoch 270 | train=0.0000 | val=0.0000
2026-04-14 01:10:15,206 [INFO] Saved checkpoint (val=0.0000)
2026-04-14 01:10:21,876 [INFO] [Epoch 271] train_loss=0.0000
2026-04-14 01:10:22,261 [INFO] [Epoch 271] val_loss=0.0000
2026-04-14 01:10:22,266 [INFO] Epoch 271 | train=0.0000 | val=0.0000
2026-04-14 01:10:22,296 [INFO] Saved checkpoint (val=0.0000)
2026-04-14 01:10:28,942 [INFO] [Epoch 272] train_loss=0.0000
2026-04-14 01:10:29,332 [INFO] [Epoch 272] val_loss=0.0000
2026-04-14 01:10:29,334 [INFO] Epoch 272 | train=0.0000 | val=0.0000
2026-04-14 01:10:29,356 [INFO] Saved checkpoint (val=0.0000)
2026-04-14 01:10:36,134 [INFO] [Epoch 273] train_loss=0.0000
2026-04-14 01:10:36,523 [INFO] [Epoch 273] val_loss=0.0000
2026-04-14 01:10:36,528 [INFO] Epoch 273 | train=0.0000 | val=0.0000
2026-04-14 01:10:36,558 [INFO] Saved checkpoint (val=0.0000)
2026-04-14 01:10:43,347 [INFO] [Epoch 274] train_loss=0.0000
2026-04-14 01:10:43,737 [INFO] [Epoch 274] val_loss=0.0000
2026-04-14 01:10:43,742 [INFO] Epoch 274 | train=0.0000 | val=0.0000
2026-04-14 01:10:43,772 [INFO] Saved checkpoint (val=0.0000)
2026-04-14 01:10:50,446 [INFO] [Epoch 275] train_loss=0.0000
2026-04-14 01:10:50,833 [INFO] [Epoch 275] val_loss=0.0000
2026-04-14 01:10:50,838 [INFO] Epoch 275 | train=0.0000 | val=0.0000
2026-04-14 01:10:50,855 [INFO] Saved checkpoint (val=0.0000)
2026-04-14 01:10:57,789 [INFO] [Epoch 276] train_loss=0.0000
2026-04-14 01:10:58,178 [INFO] [Epoch 276] val_loss=0.0000
2026-04-14 01:10:58,183 [INFO] Epoch 276 | train=0.0000 | val=0.0000
2026-04-14 01:10:58,214 [INFO] Saved checkpoint (val=0.0000)
2026-04-14 01:11:05,017 [INFO] [Epoch 277] train_loss=0.0000
2026-04-14 01:11:05,397 [INFO] [Epoch 277] val_loss=0.0000
2026-04-14 01:11:05,402 [INFO] Epoch 277 | train=0.0000 | val=0.0000
2026-04-14 01:11:05,433 [INFO] Saved checkpoint (val=0.0000)
2026-04-14 01:11:12,140 [INFO] [Epoch 278] train_loss=0.0000
2026-04-14 01:11:12,532 [INFO] [Epoch 278] val_loss=0.0000
2026-04-14 01:11:12,537 [INFO] Epoch 278 | train=0.0000 | val=0.0000
2026-04-14 01:11:12,554 [INFO] Saved checkpoint (val=0.0000)
2026-04-14 01:11:19,476 [INFO] [Epoch 279] train_loss=0.0000
2026-04-14 01:11:19,868 [INFO] [Epoch 279] val_loss=0.0000
2026-04-14 01:11:19,873 [INFO] Epoch 279 | train=0.0000 | val=0.0000
2026-04-14 01:11:19,903 [INFO] Saved checkpoint (val=0.0000)
2026-04-14 01:11:26,641 [INFO] [Epoch 280] train_loss=0.0000
2026-04-14 01:11:27,023 [INFO] [Epoch 280] val_loss=0.0000
2026-04-14 01:11:27,028 [INFO] Epoch 280 | train=0.0000 | val=0.0000
2026-04-14 01:11:27,045 [INFO] Saved checkpoint (val=0.0000)
2026-04-14 01:11:33,947 [INFO] [Epoch 281] train_loss=0.0000
2026-04-14 01:11:34,333 [INFO] [Epoch 281] val_loss=0.0000
2026-04-14 01:11:34,339 [INFO] Epoch 281 | train=0.0000 | val=0.0000
2026-04-14 01:11:34,370 [INFO] Saved checkpoint (val=0.0000)
2026-04-14 01:11:40,970 [INFO] [Epoch 282] train_loss=0.0000
2026-04-14 01:11:41,358 [INFO] [Epoch 282] val_loss=0.0000
2026-04-14 01:11:41,363 [INFO] Epoch 282 | train=0.0000 | val=0.0000
2026-04-14 01:11:41,379 [INFO] Saved checkpoint (val=0.0000)
2026-04-14 01:11:48,037 [INFO] [Epoch 283] train_loss=0.0000
2026-04-14 01:11:48,423 [INFO] [Epoch 283] val_loss=0.0000
2026-04-14 01:11:48,429 [INFO] Epoch 283 | train=0.0000 | val=0.0000
2026-04-14 01:11:48,461 [INFO] Saved checkpoint (val=0.0000)
2026-04-14 01:11:55,220 [INFO] [Epoch 284] train_loss=0.0000
2026-04-14 01:11:55,622 [INFO] [Epoch 284] val_loss=0.0000
2026-04-14 01:11:55,627 [INFO] Epoch 284 | train=0.0000 | val=0.0000
2026-04-14 01:11:55,660 [INFO] Saved checkpoint (val=0.0000)
2026-04-14 01:12:02,363 [INFO] [Epoch 285] train_loss=0.0000
2026-04-14 01:12:02,750 [INFO] [Epoch 285] val_loss=0.0000
2026-04-14 01:12:02,755 [INFO] Epoch 285 | train=0.0000 | val=0.0000
2026-04-14 01:12:02,786 [INFO] Saved checkpoint (val=0.0000)
2026-04-14 01:12:09,530 [INFO] [Epoch 286] train_loss=0.0000
2026-04-14 01:12:09,916 [INFO] [Epoch 286] val_loss=0.0000
2026-04-14 01:12:09,921 [INFO] Epoch 286 | train=0.0000 | val=0.0000
2026-04-14 01:12:09,951 [INFO] Saved checkpoint (val=0.0000)
2026-04-14 01:12:16,644 [INFO] [Epoch 287] train_loss=0.0000
2026-04-14 01:12:17,024 [INFO] [Epoch 287] val_loss=0.0000
2026-04-14 01:12:17,029 [INFO] Epoch 287 | train=0.0000 | val=0.0000
2026-04-14 01:12:17,059 [INFO] Saved checkpoint (val=0.0000)
2026-04-14 01:12:23,765 [INFO] [Epoch 288] train_loss=0.0000
2026-04-14 01:12:24,142 [INFO] [Epoch 288] val_loss=0.0000
2026-04-14 01:12:24,147 [INFO] Epoch 288 | train=0.0000 | val=0.0000
2026-04-14 01:12:24,178 [INFO] Saved checkpoint (val=0.0000)
2026-04-14 01:12:31,062 [INFO] [Epoch 289] train_loss=0.0000
2026-04-14 01:12:31,451 [INFO] [Epoch 289] val_loss=0.0000
2026-04-14 01:12:31,455 [INFO] Epoch 289 | train=0.0000 | val=0.0000
2026-04-14 01:12:31,471 [INFO] Saved checkpoint (val=0.0000)
2026-04-14 01:12:38,295 [INFO] [Epoch 290] train_loss=0.0000
2026-04-14 01:12:38,685 [INFO] [Epoch 290] val_loss=0.0000
2026-04-14 01:12:38,690 [INFO] Epoch 290 | train=0.0000 | val=0.0000
2026-04-14 01:12:38,721 [INFO] Saved checkpoint (val=0.0000)
2026-04-14 01:12:45,366 [INFO] [Epoch 291] train_loss=0.0000
2026-04-14 01:12:45,761 [INFO] [Epoch 291] val_loss=0.0000
2026-04-14 01:12:45,766 [INFO] Epoch 291 | train=0.0000 | val=0.0000
2026-04-14 01:12:52,624 [INFO] [Epoch 292] train_loss=0.0000
2026-04-14 01:12:53,009 [INFO] [Epoch 292] val_loss=0.0000
2026-04-14 01:12:53,015 [INFO] Epoch 292 | train=0.0000 | val=0.0000
2026-04-14 01:12:53,046 [INFO] Saved checkpoint (val=0.0000)
2026-04-14 01:12:59,744 [INFO] [Epoch 293] train_loss=0.0000
2026-04-14 01:13:00,131 [INFO] [Epoch 293] val_loss=0.0000
2026-04-14 01:13:00,136 [INFO] Epoch 293 | train=0.0000 | val=0.0000
2026-04-14 01:13:00,166 [INFO] Saved checkpoint (val=0.0000)
2026-04-14 01:13:06,827 [INFO] [Epoch 294] train_loss=0.0000
2026-04-14 01:13:07,209 [INFO] [Epoch 294] val_loss=0.0000
2026-04-14 01:13:07,214 [INFO] Epoch 294 | train=0.0000 | val=0.0000
2026-04-14 01:13:07,246 [INFO] Saved checkpoint (val=0.0000)
2026-04-14 01:13:13,881 [INFO] [Epoch 295] train_loss=0.0000
2026-04-14 01:13:14,271 [INFO] [Epoch 295] val_loss=0.0000
2026-04-14 01:13:14,276 [INFO] Epoch 295 | train=0.0000 | val=0.0000
2026-04-14 01:13:14,308 [INFO] Saved checkpoint (val=0.0000)
2026-04-14 01:13:21,146 [INFO] [Epoch 296] train_loss=0.0000
2026-04-14 01:13:21,539 [INFO] [Epoch 296] val_loss=0.0000
2026-04-14 01:13:21,544 [INFO] Epoch 296 | train=0.0000 | val=0.0000
2026-04-14 01:13:21,562 [INFO] Saved checkpoint (val=0.0000)
2026-04-14 01:13:28,247 [INFO] [Epoch 297] train_loss=0.0000
2026-04-14 01:13:28,623 [INFO] [Epoch 297] val_loss=0.0000
2026-04-14 01:13:28,628 [INFO] Epoch 297 | train=0.0000 | val=0.0000
2026-04-14 01:13:28,658 [INFO] Saved checkpoint (val=0.0000)
2026-04-14 01:13:35,319 [INFO] [Epoch 298] train_loss=0.0000
2026-04-14 01:13:35,709 [INFO] [Epoch 298] val_loss=0.0000
2026-04-14 01:13:35,714 [INFO] Epoch 298 | train=0.0000 | val=0.0000
2026-04-14 01:13:35,744 [INFO] Saved checkpoint (val=0.0000)
2026-04-14 01:13:42,448 [INFO] [Epoch 299] train_loss=0.0000
2026-04-14 01:13:42,836 [INFO] [Epoch 299] val_loss=0.0000
2026-04-14 01:13:42,841 [INFO] Epoch 299 | train=0.0000 | val=0.0000
2026-04-14 01:13:42,872 [INFO] Saved checkpoint (val=0.0000)
2026-04-14 01:13:49,516 [INFO] [Epoch 300] train_loss=0.0000
2026-04-14 01:13:49,908 [INFO] [Epoch 300] val_loss=0.0000
2026-04-14 01:13:49,913 [INFO] Epoch 300 | train=0.0000 | val=0.0000
2026-04-14 01:13:49,944 [INFO] Saved checkpoint (val=0.0000)
2026-04-14 01:13:56,585 [INFO] [Epoch 301] train_loss=0.0000
2026-04-14 01:13:56,967 [INFO] [Epoch 301] val_loss=0.0000
2026-04-14 01:13:56,972 [INFO] Epoch 301 | train=0.0000 | val=0.0000
2026-04-14 01:13:56,989 [INFO] Saved checkpoint (val=0.0000)
2026-04-14 01:14:03,744 [INFO] [Epoch 302] train_loss=0.0000
2026-04-14 01:14:04,122 [INFO] [Epoch 302] val_loss=0.0000
2026-04-14 01:14:04,127 [INFO] Epoch 302 | train=0.0000 | val=0.0000
2026-04-14 01:14:04,159 [INFO] Saved checkpoint (val=0.0000)
2026-04-14 01:14:10,814 [INFO] [Epoch 303] train_loss=0.0000
2026-04-14 01:14:11,201 [INFO] [Epoch 303] val_loss=0.0000
2026-04-14 01:14:11,206 [INFO] Epoch 303 | train=0.0000 | val=0.0000
2026-04-14 01:14:11,223 [INFO] Saved checkpoint (val=0.0000)
2026-04-14 01:14:17,998 [INFO] [Epoch 304] train_loss=0.0000
2026-04-14 01:14:18,386 [INFO] [Epoch 304] val_loss=0.0000
2026-04-14 01:14:18,391 [INFO] Epoch 304 | train=0.0000 | val=0.0000
2026-04-14 01:14:18,422 [INFO] Saved checkpoint (val=0.0000)
2026-04-14 01:14:25,167 [INFO] [Epoch 305] train_loss=0.0000
2026-04-14 01:14:25,560 [INFO] [Epoch 305] val_loss=0.0000
2026-04-14 01:14:25,565 [INFO] Epoch 305 | train=0.0000 | val=0.0000
2026-04-14 01:14:25,597 [INFO] Saved checkpoint (val=0.0000)
2026-04-14 01:14:32,388 [INFO] [Epoch 306] train_loss=0.0000
2026-04-14 01:14:32,775 [INFO] [Epoch 306] val_loss=0.0000
2026-04-14 01:14:32,780 [INFO] Epoch 306 | train=0.0000 | val=0.0000
2026-04-14 01:14:32,797 [INFO] Saved checkpoint (val=0.0000)
2026-04-14 01:14:39,523 [INFO] [Epoch 307] train_loss=0.0000
2026-04-14 01:14:39,915 [INFO] [Epoch 307] val_loss=0.0000
2026-04-14 01:14:39,919 [INFO] Epoch 307 | train=0.0000 | val=0.0000
2026-04-14 01:14:39,950 [INFO] Saved checkpoint (val=0.0000)
2026-04-14 01:14:46,602 [INFO] [Epoch 308] train_loss=0.0000
2026-04-14 01:14:46,985 [INFO] [Epoch 308] val_loss=0.0000
2026-04-14 01:14:46,990 [INFO] Epoch 308 | train=0.0000 | val=0.0000
2026-04-14 01:14:47,022 [INFO] Saved checkpoint (val=0.0000)
2026-04-14 01:14:53,732 [INFO] [Epoch 309] train_loss=0.0000
2026-04-14 01:14:54,124 [INFO] [Epoch 309] val_loss=0.0000
2026-04-14 01:14:54,129 [INFO] Epoch 309 | train=0.0000 | val=0.0000
2026-04-14 01:14:54,161 [INFO] Saved checkpoint (val=0.0000)
2026-04-14 01:15:01,079 [INFO] [Epoch 310] train_loss=0.0000
2026-04-14 01:15:01,482 [INFO] [Epoch 310] val_loss=0.0000
2026-04-14 01:15:01,487 [INFO] Epoch 310 | train=0.0000 | val=0.0000
2026-04-14 01:15:01,506 [INFO] Saved checkpoint (val=0.0000)
2026-04-14 01:15:08,263 [INFO] [Epoch 311] train_loss=0.0000
2026-04-14 01:15:08,655 [INFO] [Epoch 311] val_loss=0.0000
2026-04-14 01:15:08,660 [INFO] Epoch 311 | train=0.0000 | val=0.0000
2026-04-14 01:15:08,690 [INFO] Saved checkpoint (val=0.0000)
2026-04-14 01:15:15,389 [INFO] [Epoch 312] train_loss=0.0000
2026-04-14 01:15:15,781 [INFO] [Epoch 312] val_loss=0.0000
2026-04-14 01:15:15,785 [INFO] Epoch 312 | train=0.0000 | val=0.0000
2026-04-14 01:15:15,816 [INFO] Saved checkpoint (val=0.0000)
2026-04-14 01:15:22,472 [INFO] [Epoch 313] train_loss=0.0000
2026-04-14 01:15:22,859 [INFO] [Epoch 313] val_loss=0.0000
2026-04-14 01:15:22,863 [INFO] Epoch 313 | train=0.0000 | val=0.0000
2026-04-14 01:15:22,895 [INFO] Saved checkpoint (val=0.0000)
2026-04-14 01:15:29,588 [INFO] [Epoch 314] train_loss=0.0000
2026-04-14 01:15:29,976 [INFO] [Epoch 314] val_loss=0.0000
2026-04-14 01:15:29,981 [INFO] Epoch 314 | train=0.0000 | val=0.0000
2026-04-14 01:15:29,998 [INFO] Saved checkpoint (val=0.0000)
2026-04-14 01:15:36,669 [INFO] [Epoch 315] train_loss=0.0000
2026-04-14 01:15:37,061 [INFO] [Epoch 315] val_loss=0.0000
2026-04-14 01:15:37,065 [INFO] Epoch 315 | train=0.0000 | val=0.0000
2026-04-14 01:15:37,097 [INFO] Saved checkpoint (val=0.0000)
2026-04-14 01:15:43,779 [INFO] [Epoch 316] train_loss=0.0000
2026-04-14 01:15:44,169 [INFO] [Epoch 316] val_loss=0.0000
2026-04-14 01:15:44,173 [INFO] Epoch 316 | train=0.0000 | val=0.0000
2026-04-14 01:15:44,204 [INFO] Saved checkpoint (val=0.0000)
2026-04-14 01:15:50,909 [INFO] [Epoch 317] train_loss=0.0000
2026-04-14 01:15:51,296 [INFO] [Epoch 317] val_loss=0.0000
2026-04-14 01:15:51,302 [INFO] Epoch 317 | train=0.0000 | val=0.0000
2026-04-14 01:15:51,319 [INFO] Saved checkpoint (val=0.0000)
2026-04-14 01:15:58,012 [INFO] [Epoch 318] train_loss=0.0000
2026-04-14 01:15:58,398 [INFO] [Epoch 318] val_loss=0.0000
2026-04-14 01:15:58,403 [INFO] Epoch 318 | train=0.0000 | val=0.0000
2026-04-14 01:15:58,434 [INFO] Saved checkpoint (val=0.0000)
2026-04-14 01:16:05,405 [INFO] [Epoch 319] train_loss=0.0000
2026-04-14 01:16:05,786 [INFO] [Epoch 319] val_loss=0.0000
2026-04-14 01:16:05,791 [INFO] Epoch 319 | train=0.0000 | val=0.0000
2026-04-14 01:16:05,808 [INFO] Saved checkpoint (val=0.0000)
2026-04-14 01:16:12,594 [INFO] [Epoch 320] train_loss=0.0000
2026-04-14 01:16:12,983 [INFO] [Epoch 320] val_loss=0.0000
2026-04-14 01:16:12,988 [INFO] Epoch 320 | train=0.0000 | val=0.0000
2026-04-14 01:16:13,022 [INFO] Saved checkpoint (val=0.0000)
2026-04-14 01:16:19,743 [INFO] [Epoch 321] train_loss=0.0000
2026-04-14 01:16:20,131 [INFO] [Epoch 321] val_loss=0.0000
2026-04-14 01:16:20,136 [INFO] Epoch 321 | train=0.0000 | val=0.0000
2026-04-14 01:16:20,168 [INFO] Saved checkpoint (val=0.0000)
2026-04-14 01:16:26,915 [INFO] [Epoch 322] train_loss=0.0000
2026-04-14 01:16:27,305 [INFO] [Epoch 322] val_loss=0.0000
2026-04-14 01:16:27,311 [INFO] Epoch 322 | train=0.0000 | val=0.0000
2026-04-14 01:16:27,342 [INFO] Saved checkpoint (val=0.0000)
2026-04-14 01:16:34,025 [INFO] [Epoch 323] train_loss=0.0000
2026-04-14 01:16:34,414 [INFO] [Epoch 323] val_loss=0.0000
2026-04-14 01:16:34,419 [INFO] Epoch 323 | train=0.0000 | val=0.0000
2026-04-14 01:16:34,449 [INFO] Saved checkpoint (val=0.0000)
2026-04-14 01:16:41,284 [INFO] [Epoch 324] train_loss=0.0000
2026-04-14 01:16:41,680 [INFO] [Epoch 324] val_loss=0.0000
2026-04-14 01:16:41,683 [INFO] Epoch 324 | train=0.0000 | val=0.0000
2026-04-14 01:16:41,692 [INFO] Saved checkpoint (val=0.0000)
2026-04-14 01:16:48,530 [INFO] [Epoch 325] train_loss=0.0000
2026-04-14 01:16:48,919 [INFO] [Epoch 325] val_loss=0.0000
2026-04-14 01:16:48,924 [INFO] Epoch 325 | train=0.0000 | val=0.0000
2026-04-14 01:16:48,955 [INFO] Saved checkpoint (val=0.0000)
2026-04-14 01:16:55,711 [INFO] [Epoch 326] train_loss=0.0000
2026-04-14 01:16:56,103 [INFO] [Epoch 326] val_loss=0.0000
2026-04-14 01:16:56,108 [INFO] Epoch 326 | train=0.0000 | val=0.0000
2026-04-14 01:16:56,132 [INFO] Saved checkpoint (val=0.0000)
2026-04-14 01:17:02,837 [INFO] [Epoch 327] train_loss=0.0000
2026-04-14 01:17:03,212 [INFO] [Epoch 327] val_loss=0.0000
2026-04-14 01:17:03,217 [INFO] Epoch 327 | train=0.0000 | val=0.0000
2026-04-14 01:17:03,247 [INFO] Saved checkpoint (val=0.0000)
2026-04-14 01:17:10,032 [INFO] [Epoch 328] train_loss=0.0000
2026-04-14 01:17:10,425 [INFO] [Epoch 328] val_loss=0.0000
2026-04-14 01:17:10,430 [INFO] Epoch 328 | train=0.0000 | val=0.0000
2026-04-14 01:17:10,460 [INFO] Saved checkpoint (val=0.0000)
2026-04-14 01:17:17,173 [INFO] [Epoch 329] train_loss=0.0000
2026-04-14 01:17:17,564 [INFO] [Epoch 329] val_loss=0.0000
2026-04-14 01:17:17,568 [INFO] Epoch 329 | train=0.0000 | val=0.0000
2026-04-14 01:17:17,584 [INFO] Saved checkpoint (val=0.0000)
2026-04-14 01:17:24,234 [INFO] [Epoch 330] train_loss=0.0000
2026-04-14 01:17:24,620 [INFO] [Epoch 330] val_loss=0.0000
2026-04-14 01:17:24,625 [INFO] Epoch 330 | train=0.0000 | val=0.0000
2026-04-14 01:17:24,656 [INFO] Saved checkpoint (val=0.0000)
2026-04-14 01:17:31,392 [INFO] [Epoch 331] train_loss=0.0000
2026-04-14 01:17:31,777 [INFO] [Epoch 331] val_loss=0.0000
2026-04-14 01:17:31,781 [INFO] Epoch 331 | train=0.0000 | val=0.0000
2026-04-14 01:17:38,863 [INFO] [Epoch 332] train_loss=0.0000
2026-04-14 01:17:39,235 [INFO] [Epoch 332] val_loss=0.0000
2026-04-14 01:17:39,240 [INFO] Epoch 332 | train=0.0000 | val=0.0000
2026-04-14 01:17:39,257 [INFO] Saved checkpoint (val=0.0000)
2026-04-14 01:17:45,885 [INFO] [Epoch 333] train_loss=0.0000
2026-04-14 01:17:46,273 [INFO] [Epoch 333] val_loss=0.0000
2026-04-14 01:17:46,278 [INFO] Epoch 333 | train=0.0000 | val=0.0000
2026-04-14 01:17:46,309 [INFO] Saved checkpoint (val=0.0000)
2026-04-14 01:17:52,949 [INFO] [Epoch 334] train_loss=0.0000
2026-04-14 01:17:53,330 [INFO] [Epoch 334] val_loss=0.0000
2026-04-14 01:17:53,335 [INFO] Epoch 334 | train=0.0000 | val=0.0000
2026-04-14 01:17:53,366 [INFO] Saved checkpoint (val=0.0000)
2026-04-14 01:18:00,140 [INFO] [Epoch 335] train_loss=0.0000
2026-04-14 01:18:00,527 [INFO] [Epoch 335] val_loss=0.0000
2026-04-14 01:18:00,532 [INFO] Epoch 335 | train=0.0000 | val=0.0000
2026-04-14 01:18:00,563 [INFO] Saved checkpoint (val=0.0000)
2026-04-14 01:18:07,554 [INFO] [Epoch 336] train_loss=0.0000
2026-04-14 01:18:07,943 [INFO] [Epoch 336] val_loss=0.0000
2026-04-14 01:18:07,949 [INFO] Epoch 336 | train=0.0000 | val=0.0000
2026-04-14 01:18:07,966 [INFO] Saved checkpoint (val=0.0000)
2026-04-14 01:18:14,562 [INFO] [Epoch 337] train_loss=0.0000
2026-04-14 01:18:14,945 [INFO] [Epoch 337] val_loss=0.0000
2026-04-14 01:18:14,950 [INFO] Epoch 337 | train=0.0000 | val=0.0000
2026-04-14 01:18:14,982 [INFO] Saved checkpoint (val=0.0000)
2026-04-14 01:18:21,916 [INFO] [Epoch 338] train_loss=0.0000
2026-04-14 01:18:22,298 [INFO] [Epoch 338] val_loss=0.0000
2026-04-14 01:18:22,303 [INFO] Epoch 338 | train=0.0000 | val=0.0000
2026-04-14 01:18:28,948 [INFO] [Epoch 339] train_loss=0.0000
2026-04-14 01:18:29,341 [INFO] [Epoch 339] val_loss=0.0000
2026-04-14 01:18:29,346 [INFO] Epoch 339 | train=0.0000 | val=0.0000
2026-04-14 01:18:29,362 [INFO] Saved checkpoint (val=0.0000)
2026-04-14 01:18:35,973 [INFO] [Epoch 340] train_loss=0.0000
2026-04-14 01:18:36,368 [INFO] [Epoch 340] val_loss=0.0000
2026-04-14 01:18:36,373 [INFO] Epoch 340 | train=0.0000 | val=0.0000
2026-04-14 01:18:43,070 [INFO] [Epoch 341] train_loss=0.0000
2026-04-14 01:18:43,463 [INFO] [Epoch 341] val_loss=0.0000
2026-04-14 01:18:43,468 [INFO] Epoch 341 | train=0.0000 | val=0.0000
2026-04-14 01:18:43,499 [INFO] Saved checkpoint (val=0.0000)
2026-04-14 01:18:50,148 [INFO] [Epoch 342] train_loss=0.0000
2026-04-14 01:18:50,536 [INFO] [Epoch 342] val_loss=0.0000
2026-04-14 01:18:50,541 [INFO] Epoch 342 | train=0.0000 | val=0.0000
2026-04-14 01:18:50,573 [INFO] Saved checkpoint (val=0.0000)
2026-04-14 01:18:57,364 [INFO] [Epoch 343] train_loss=0.0000
2026-04-14 01:18:57,751 [INFO] [Epoch 343] val_loss=0.0000
2026-04-14 01:18:57,756 [INFO] Epoch 343 | train=0.0000 | val=0.0000
2026-04-14 01:18:57,772 [INFO] Saved checkpoint (val=0.0000)
2026-04-14 01:19:04,413 [INFO] [Epoch 344] train_loss=0.0000
2026-04-14 01:19:04,803 [INFO] [Epoch 344] val_loss=0.0000
2026-04-14 01:19:04,808 [INFO] Epoch 344 | train=0.0000 | val=0.0000
2026-04-14 01:19:04,839 [INFO] Saved checkpoint (val=0.0000)
2026-04-14 01:19:11,464 [INFO] [Epoch 345] train_loss=0.0000
2026-04-14 01:19:11,836 [INFO] [Epoch 345] val_loss=0.0000
2026-04-14 01:19:11,841 [INFO] Epoch 345 | train=0.0000 | val=0.0000
2026-04-14 01:19:11,857 [INFO] Saved checkpoint (val=0.0000)
2026-04-14 01:19:18,656 [INFO] [Epoch 346] train_loss=0.0000
2026-04-14 01:19:19,040 [INFO] [Epoch 346] val_loss=0.0000
2026-04-14 01:19:19,044 [INFO] Epoch 346 | train=0.0000 | val=0.0000
2026-04-14 01:19:19,075 [INFO] Saved checkpoint (val=0.0000)
2026-04-14 01:19:25,733 [INFO] [Epoch 347] train_loss=0.0000
2026-04-14 01:19:26,109 [INFO] [Epoch 347] val_loss=0.0000
2026-04-14 01:19:26,114 [INFO] Epoch 347 | train=0.0000 | val=0.0000
2026-04-14 01:19:32,815 [INFO] [Epoch 348] train_loss=0.0000
2026-04-14 01:19:33,195 [INFO] [Epoch 348] val_loss=0.0000
2026-04-14 01:19:33,200 [INFO] Epoch 348 | train=0.0000 | val=0.0000
2026-04-14 01:19:33,230 [INFO] Saved checkpoint (val=0.0000)
2026-04-14 01:19:39,865 [INFO] [Epoch 349] train_loss=0.0000
2026-04-14 01:19:40,252 [INFO] [Epoch 349] val_loss=0.0000
2026-04-14 01:19:40,257 [INFO] Epoch 349 | train=0.0000 | val=0.0000
2026-04-14 01:19:40,287 [INFO] Saved checkpoint (val=0.0000)
2026-04-14 01:19:46,952 [INFO] [Epoch 350] train_loss=0.0000
2026-04-14 01:19:47,341 [INFO] [Epoch 350] val_loss=0.0000
2026-04-14 01:19:47,346 [INFO] Epoch 350 | train=0.0000 | val=0.0000
2026-04-14 01:19:53,970 [INFO] [Epoch 351] train_loss=0.0000
2026-04-14 01:19:54,350 [INFO] [Epoch 351] val_loss=0.0000
2026-04-14 01:19:54,355 [INFO] Epoch 351 | train=0.0000 | val=0.0000
2026-04-14 01:19:54,386 [INFO] Saved checkpoint (val=0.0000)
2026-04-14 01:20:01,036 [INFO] [Epoch 352] train_loss=0.0000
2026-04-14 01:20:01,417 [INFO] [Epoch 352] val_loss=0.0000
2026-04-14 01:20:01,422 [INFO] Epoch 352 | train=0.0000 | val=0.0000
2026-04-14 01:20:01,451 [INFO] Saved checkpoint (val=0.0000)
2026-04-14 01:20:08,081 [INFO] [Epoch 353] train_loss=0.0000
2026-04-14 01:20:08,472 [INFO] [Epoch 353] val_loss=0.0000
2026-04-14 01:20:08,477 [INFO] Epoch 353 | train=0.0000 | val=0.0000
2026-04-14 01:20:08,507 [INFO] Saved checkpoint (val=0.0000)
2026-04-14 01:20:15,195 [INFO] [Epoch 354] train_loss=0.0000
2026-04-14 01:20:15,583 [INFO] [Epoch 354] val_loss=0.0000
2026-04-14 01:20:15,587 [INFO] Epoch 354 | train=0.0000 | val=0.0000
2026-04-14 01:20:15,619 [INFO] Saved checkpoint (val=0.0000)
2026-04-14 01:20:22,640 [INFO] [Epoch 355] train_loss=0.0000
2026-04-14 01:20:23,030 [INFO] [Epoch 355] val_loss=0.0000
2026-04-14 01:20:23,034 [INFO] Epoch 355 | train=0.0000 | val=0.0000
2026-04-14 01:20:23,053 [INFO] Saved checkpoint (val=0.0000)
2026-04-14 01:20:29,807 [INFO] [Epoch 356] train_loss=0.0000
2026-04-14 01:20:30,195 [INFO] [Epoch 356] val_loss=0.0000
2026-04-14 01:20:30,200 [INFO] Epoch 356 | train=0.0000 | val=0.0000
2026-04-14 01:20:37,243 [INFO] [Epoch 357] train_loss=0.0000
2026-04-14 01:20:37,645 [INFO] [Epoch 357] val_loss=0.0000
2026-04-14 01:20:37,650 [INFO] Epoch 357 | train=0.0000 | val=0.0000
2026-04-14 01:20:37,667 [INFO] Saved checkpoint (val=0.0000)
2026-04-14 01:20:44,454 [INFO] [Epoch 358] train_loss=0.0000
2026-04-14 01:20:44,838 [INFO] [Epoch 358] val_loss=0.0000
2026-04-14 01:20:44,842 [INFO] Epoch 358 | train=0.0000 | val=0.0000
2026-04-14 01:20:44,873 [INFO] Saved checkpoint (val=0.0000)
2026-04-14 01:20:51,468 [INFO] [Epoch 359] train_loss=0.0000
2026-04-14 01:20:51,847 [INFO] [Epoch 359] val_loss=0.0000
2026-04-14 01:20:51,852 [INFO] Epoch 359 | train=0.0000 | val=0.0000
2026-04-14 01:20:51,883 [INFO] Saved checkpoint (val=0.0000)
2026-04-14 01:20:58,518 [INFO] [Epoch 360] train_loss=0.0000
2026-04-14 01:20:58,907 [INFO] [Epoch 360] val_loss=0.0000
2026-04-14 01:20:58,912 [INFO] Epoch 360 | train=0.0000 | val=0.0000
2026-04-14 01:20:58,943 [INFO] Saved checkpoint (val=0.0000)
2026-04-14 01:21:05,568 [INFO] [Epoch 361] train_loss=0.0000
2026-04-14 01:21:05,955 [INFO] [Epoch 361] val_loss=0.0000
2026-04-14 01:21:05,960 [INFO] Epoch 361 | train=0.0000 | val=0.0000
2026-04-14 01:21:05,992 [INFO] Saved checkpoint (val=0.0000)
2026-04-14 01:21:12,636 [INFO] [Epoch 362] train_loss=0.0000
2026-04-14 01:21:13,021 [INFO] [Epoch 362] val_loss=0.0000
2026-04-14 01:21:13,026 [INFO] Epoch 362 | train=0.0000 | val=0.0000
2026-04-14 01:21:19,697 [INFO] [Epoch 363] train_loss=0.0000
2026-04-14 01:21:20,081 [INFO] [Epoch 363] val_loss=0.0000
2026-04-14 01:21:20,086 [INFO] Epoch 363 | train=0.0000 | val=0.0000
2026-04-14 01:21:20,116 [INFO] Saved checkpoint (val=0.0000)
2026-04-14 01:21:26,764 [INFO] [Epoch 364] train_loss=0.0000
2026-04-14 01:21:27,154 [INFO] [Epoch 364] val_loss=0.0000
2026-04-14 01:21:27,159 [INFO] Epoch 364 | train=0.0000 | val=0.0000
2026-04-14 01:21:33,776 [INFO] [Epoch 365] train_loss=0.0000
2026-04-14 01:21:34,145 [INFO] [Epoch 365] val_loss=0.0000
2026-04-14 01:21:34,148 [INFO] Epoch 365 | train=0.0000 | val=0.0000
2026-04-14 01:21:34,171 [INFO] Saved checkpoint (val=0.0000)
2026-04-14 01:21:40,777 [INFO] [Epoch 366] train_loss=0.0000
2026-04-14 01:21:41,166 [INFO] [Epoch 366] val_loss=0.0000
2026-04-14 01:21:41,170 [INFO] Epoch 366 | train=0.0000 | val=0.0000
2026-04-14 01:21:41,202 [INFO] Saved checkpoint (val=0.0000)
2026-04-14 01:21:47,790 [INFO] [Epoch 367] train_loss=0.0000
2026-04-14 01:21:48,179 [INFO] [Epoch 367] val_loss=0.0000
2026-04-14 01:21:48,184 [INFO] Epoch 367 | train=0.0000 | val=0.0000
2026-04-14 01:21:54,817 [INFO] [Epoch 368] train_loss=0.0000
2026-04-14 01:21:55,205 [INFO] [Epoch 368] val_loss=0.0000
2026-04-14 01:21:55,210 [INFO] Epoch 368 | train=0.0000 | val=0.0000
2026-04-14 01:21:55,241 [INFO] Saved checkpoint (val=0.0000)
2026-04-14 01:22:01,866 [INFO] [Epoch 369] train_loss=0.0000
2026-04-14 01:22:02,245 [INFO] [Epoch 369] val_loss=0.0000
2026-04-14 01:22:02,250 [INFO] Epoch 369 | train=0.0000 | val=0.0000
2026-04-14 01:22:08,862 [INFO] [Epoch 370] train_loss=0.0000
2026-04-14 01:22:09,250 [INFO] [Epoch 370] val_loss=0.0000
2026-04-14 01:22:09,255 [INFO] Epoch 370 | train=0.0000 | val=0.0000
2026-04-14 01:22:09,287 [INFO] Saved checkpoint (val=0.0000)
2026-04-14 01:22:15,920 [INFO] [Epoch 371] train_loss=0.0000
2026-04-14 01:22:16,306 [INFO] [Epoch 371] val_loss=0.0000
2026-04-14 01:22:16,311 [INFO] Epoch 371 | train=0.0000 | val=0.0000
2026-04-14 01:22:16,342 [INFO] Saved checkpoint (val=0.0000)
2026-04-14 01:22:22,965 [INFO] [Epoch 372] train_loss=0.0000
2026-04-14 01:22:23,348 [INFO] [Epoch 372] val_loss=0.0000
2026-04-14 01:22:23,353 [INFO] Epoch 372 | train=0.0000 | val=0.0000
2026-04-14 01:22:23,385 [INFO] Saved checkpoint (val=0.0000)
2026-04-14 01:22:30,056 [INFO] [Epoch 373] train_loss=0.0000
2026-04-14 01:22:30,444 [INFO] [Epoch 373] val_loss=0.0000
2026-04-14 01:22:30,449 [INFO] Epoch 373 | train=0.0000 | val=0.0000
2026-04-14 01:22:30,480 [INFO] Saved checkpoint (val=0.0000)
2026-04-14 01:22:37,240 [INFO] [Epoch 374] train_loss=0.0000
2026-04-14 01:22:37,629 [INFO] [Epoch 374] val_loss=0.0000
2026-04-14 01:22:37,634 [INFO] Epoch 374 | train=0.0000 | val=0.0000
2026-04-14 01:22:37,665 [INFO] Saved checkpoint (val=0.0000)
2026-04-14 01:22:44,289 [INFO] [Epoch 375] train_loss=0.0000
2026-04-14 01:22:44,678 [INFO] [Epoch 375] val_loss=0.0000
2026-04-14 01:22:44,684 [INFO] Epoch 375 | train=0.0000 | val=0.0000
2026-04-14 01:22:44,715 [INFO] Saved checkpoint (val=0.0000)
2026-04-14 01:22:51,368 [INFO] [Epoch 376] train_loss=0.0000
2026-04-14 01:22:51,758 [INFO] [Epoch 376] val_loss=0.0000
2026-04-14 01:22:51,763 [INFO] Epoch 376 | train=0.0000 | val=0.0000
2026-04-14 01:22:51,780 [INFO] Saved checkpoint (val=0.0000)
2026-04-14 01:22:58,417 [INFO] [Epoch 377] train_loss=0.0000
2026-04-14 01:22:58,805 [INFO] [Epoch 377] val_loss=0.0000
2026-04-14 01:22:58,810 [INFO] Epoch 377 | train=0.0000 | val=0.0000
2026-04-14 01:22:58,842 [INFO] Saved checkpoint (val=0.0000)
2026-04-14 01:23:05,512 [INFO] [Epoch 378] train_loss=0.0000
2026-04-14 01:23:05,891 [INFO] [Epoch 378] val_loss=0.0000
2026-04-14 01:23:05,896 [INFO] Epoch 378 | train=0.0000 | val=0.0000
2026-04-14 01:23:12,842 [INFO] [Epoch 379] train_loss=0.0000
2026-04-14 01:23:13,236 [INFO] [Epoch 379] val_loss=0.0000
2026-04-14 01:23:13,240 [INFO] Epoch 379 | train=0.0000 | val=0.0000
2026-04-14 01:23:13,257 [INFO] Saved checkpoint (val=0.0000)
2026-04-14 01:23:19,941 [INFO] [Epoch 380] train_loss=0.0000
2026-04-14 01:23:20,337 [INFO] [Epoch 380] val_loss=0.0000
2026-04-14 01:23:20,342 [INFO] Epoch 380 | train=0.0000 | val=0.0000
2026-04-14 01:23:20,372 [INFO] Saved checkpoint (val=0.0000)
2026-04-14 01:23:27,002 [INFO] [Epoch 381] train_loss=0.0000
2026-04-14 01:23:27,385 [INFO] [Epoch 381] val_loss=0.0000
2026-04-14 01:23:27,390 [INFO] Epoch 381 | train=0.0000 | val=0.0000
2026-04-14 01:23:27,420 [INFO] Saved checkpoint (val=0.0000)
2026-04-14 01:23:34,046 [INFO] [Epoch 382] train_loss=0.0000
2026-04-14 01:23:34,435 [INFO] [Epoch 382] val_loss=0.0000
2026-04-14 01:23:34,439 [INFO] Epoch 382 | train=0.0000 | val=0.0000
2026-04-14 01:23:34,472 [INFO] Saved checkpoint (val=0.0000)
2026-04-14 01:23:41,101 [INFO] [Epoch 383] train_loss=0.0000
2026-04-14 01:23:41,485 [INFO] [Epoch 383] val_loss=0.0000
2026-04-14 01:23:41,490 [INFO] Epoch 383 | train=0.0000 | val=0.0000
2026-04-14 01:23:41,523 [INFO] Saved checkpoint (val=0.0000)
2026-04-14 01:23:48,161 [INFO] [Epoch 384] train_loss=0.0000
2026-04-14 01:23:48,543 [INFO] [Epoch 384] val_loss=0.0000
2026-04-14 01:23:48,547 [INFO] Epoch 384 | train=0.0000 | val=0.0000
2026-04-14 01:23:48,580 [INFO] Saved checkpoint (val=0.0000)
2026-04-14 01:23:55,267 [INFO] [Epoch 385] train_loss=0.0000
2026-04-14 01:23:55,661 [INFO] [Epoch 385] val_loss=0.0000
2026-04-14 01:23:55,666 [INFO] Epoch 385 | train=0.0000 | val=0.0000
2026-04-14 01:23:55,684 [INFO] Saved checkpoint (val=0.0000)
2026-04-14 01:24:02,320 [INFO] [Epoch 386] train_loss=0.0000
2026-04-14 01:24:02,713 [INFO] [Epoch 386] val_loss=0.0000
2026-04-14 01:24:02,718 [INFO] Epoch 386 | train=0.0000 | val=0.0000
2026-04-14 01:24:02,735 [INFO] Saved checkpoint (val=0.0000)
2026-04-14 01:24:09,372 [INFO] [Epoch 387] train_loss=0.0000
2026-04-14 01:24:09,757 [INFO] [Epoch 387] val_loss=0.0000
2026-04-14 01:24:09,762 [INFO] Epoch 387 | train=0.0000 | val=0.0000
2026-04-14 01:24:16,498 [INFO] [Epoch 388] train_loss=0.0000
2026-04-14 01:24:16,881 [INFO] [Epoch 388] val_loss=0.0000
2026-04-14 01:24:16,885 [INFO] Epoch 388 | train=0.0000 | val=0.0000
2026-04-14 01:24:16,905 [INFO] Saved checkpoint (val=0.0000)
2026-04-14 01:24:23,606 [INFO] [Epoch 389] train_loss=0.0000
2026-04-14 01:24:23,996 [INFO] [Epoch 389] val_loss=0.0000
2026-04-14 01:24:24,000 [INFO] Epoch 389 | train=0.0000 | val=0.0000
2026-04-14 01:24:24,032 [INFO] Saved checkpoint (val=0.0000)
2026-04-14 01:24:30,672 [INFO] [Epoch 390] train_loss=0.0000
2026-04-14 01:24:31,064 [INFO] [Epoch 390] val_loss=0.0000
2026-04-14 01:24:31,069 [INFO] Epoch 390 | train=0.0000 | val=0.0000
2026-04-14 01:24:31,099 [INFO] Saved checkpoint (val=0.0000)
2026-04-14 01:24:38,026 [INFO] [Epoch 391] train_loss=0.0000
2026-04-14 01:24:38,410 [INFO] [Epoch 391] val_loss=0.0000
2026-04-14 01:24:38,415 [INFO] Epoch 391 | train=0.0000 | val=0.0000
2026-04-14 01:24:45,235 [INFO] [Epoch 392] train_loss=0.0000
2026-04-14 01:24:45,614 [INFO] [Epoch 392] val_loss=0.0000
2026-04-14 01:24:45,618 [INFO] Epoch 392 | train=0.0000 | val=0.0000
2026-04-14 01:24:45,650 [INFO] Saved checkpoint (val=0.0000)
2026-04-14 01:24:52,298 [INFO] [Epoch 393] train_loss=0.0000
2026-04-14 01:24:52,684 [INFO] [Epoch 393] val_loss=0.0000
2026-04-14 01:24:52,689 [INFO] Epoch 393 | train=0.0000 | val=0.0000
2026-04-14 01:24:59,364 [INFO] [Epoch 394] train_loss=0.0000
2026-04-14 01:24:59,755 [INFO] [Epoch 394] val_loss=0.0000
2026-04-14 01:24:59,759 [INFO] Epoch 394 | train=0.0000 | val=0.0000
2026-04-14 01:24:59,792 [INFO] Saved checkpoint (val=0.0000)
2026-04-14 01:25:06,425 [INFO] [Epoch 395] train_loss=0.0000
2026-04-14 01:25:06,811 [INFO] [Epoch 395] val_loss=0.0000
2026-04-14 01:25:06,816 [INFO] Epoch 395 | train=0.0000 | val=0.0000
2026-04-14 01:25:13,427 [INFO] [Epoch 396] train_loss=0.0000
2026-04-14 01:25:13,818 [INFO] [Epoch 396] val_loss=0.0000
2026-04-14 01:25:13,822 [INFO] Epoch 396 | train=0.0000 | val=0.0000
2026-04-14 01:25:13,854 [INFO] Saved checkpoint (val=0.0000)
2026-04-14 01:25:20,574 [INFO] [Epoch 397] train_loss=0.0000
2026-04-14 01:25:20,968 [INFO] [Epoch 397] val_loss=0.0000
2026-04-14 01:25:20,973 [INFO] Epoch 397 | train=0.0000 | val=0.0000
2026-04-14 01:25:21,004 [INFO] Saved checkpoint (val=0.0000)
2026-04-14 01:25:27,784 [INFO] [Epoch 398] train_loss=0.0000
2026-04-14 01:25:28,170 [INFO] [Epoch 398] val_loss=0.0000
2026-04-14 01:25:28,175 [INFO] Epoch 398 | train=0.0000 | val=0.0000
2026-04-14 01:25:34,816 [INFO] [Epoch 399] train_loss=0.0000
2026-04-14 01:25:35,201 [INFO] [Epoch 399] val_loss=0.0000
2026-04-14 01:25:35,205 [INFO] Epoch 399 | train=0.0000 | val=0.0000
2026-04-14 01:25:41,863 [INFO] [Epoch 400] train_loss=0.0000
2026-04-14 01:25:42,250 [INFO] [Epoch 400] val_loss=0.0000
2026-04-14 01:25:42,254 [INFO] Epoch 400 | train=0.0000 | val=0.0000
2026-04-14 01:25:42,286 [INFO] Saved checkpoint (val=0.0000)
2026-04-14 01:25:48,869 [INFO] [Epoch 401] train_loss=0.0000
2026-04-14 01:25:49,246 [INFO] [Epoch 401] val_loss=0.0000
2026-04-14 01:25:49,251 [INFO] Epoch 401 | train=0.0000 | val=0.0000
2026-04-14 01:25:55,911 [INFO] [Epoch 402] train_loss=0.0000
2026-04-14 01:25:56,302 [INFO] [Epoch 402] val_loss=0.0000
2026-04-14 01:25:56,307 [INFO] Epoch 402 | train=0.0000 | val=0.0000
2026-04-14 01:25:56,325 [INFO] Saved checkpoint (val=0.0000)
2026-04-14 01:26:02,931 [INFO] [Epoch 403] train_loss=0.0000
2026-04-14 01:26:03,304 [INFO] [Epoch 403] val_loss=0.0000
2026-04-14 01:26:03,309 [INFO] Epoch 403 | train=0.0000 | val=0.0000
2026-04-14 01:26:03,341 [INFO] Saved checkpoint (val=0.0000)
2026-04-14 01:26:09,974 [INFO] [Epoch 404] train_loss=0.0000
2026-04-14 01:26:10,352 [INFO] [Epoch 404] val_loss=0.0000
2026-04-14 01:26:10,357 [INFO] Epoch 404 | train=0.0000 | val=0.0000
2026-04-14 01:26:10,374 [INFO] Saved checkpoint (val=0.0000)
2026-04-14 01:26:16,991 [INFO] [Epoch 405] train_loss=0.0000
2026-04-14 01:26:17,378 [INFO] [Epoch 405] val_loss=0.0000
2026-04-14 01:26:17,382 [INFO] Epoch 405 | train=0.0000 | val=0.0000
2026-04-14 01:26:17,399 [INFO] Saved checkpoint (val=0.0000)
2026-04-14 01:26:24,026 [INFO] [Epoch 406] train_loss=0.0000
2026-04-14 01:26:24,408 [INFO] [Epoch 406] val_loss=0.0000
2026-04-14 01:26:24,414 [INFO] Epoch 406 | train=0.0000 | val=0.0000
2026-04-14 01:26:24,445 [INFO] Saved checkpoint (val=0.0000)
2026-04-14 01:26:31,123 [INFO] [Epoch 407] train_loss=0.0000
2026-04-14 01:26:31,508 [INFO] [Epoch 407] val_loss=0.0000
2026-04-14 01:26:31,510 [INFO] Epoch 407 | train=0.0000 | val=0.0000
2026-04-14 01:26:31,534 [INFO] Saved checkpoint (val=0.0000)
2026-04-14 01:26:38,173 [INFO] [Epoch 408] train_loss=0.0000
2026-04-14 01:26:38,553 [INFO] [Epoch 408] val_loss=0.0000
2026-04-14 01:26:38,558 [INFO] Epoch 408 | train=0.0000 | val=0.0000
2026-04-14 01:26:45,179 [INFO] [Epoch 409] train_loss=0.0000
2026-04-14 01:26:45,560 [INFO] [Epoch 409] val_loss=0.0000
2026-04-14 01:26:45,564 [INFO] Epoch 409 | train=0.0000 | val=0.0000
2026-04-14 01:26:45,595 [INFO] Saved checkpoint (val=0.0000)
2026-04-14 01:26:52,219 [INFO] [Epoch 410] train_loss=0.0000
2026-04-14 01:26:52,597 [INFO] [Epoch 410] val_loss=0.0000
2026-04-14 01:26:52,601 [INFO] Epoch 410 | train=0.0000 | val=0.0000
2026-04-14 01:26:59,263 [INFO] [Epoch 411] train_loss=0.0000
2026-04-14 01:26:59,649 [INFO] [Epoch 411] val_loss=0.0000
2026-04-14 01:26:59,654 [INFO] Epoch 411 | train=0.0000 | val=0.0000
2026-04-14 01:26:59,685 [INFO] Saved checkpoint (val=0.0000)
2026-04-14 01:27:06,300 [INFO] [Epoch 412] train_loss=0.0000
2026-04-14 01:27:06,670 [INFO] [Epoch 412] val_loss=0.0000
2026-04-14 01:27:06,675 [INFO] Epoch 412 | train=0.0000 | val=0.0000
2026-04-14 01:27:13,831 [INFO] [Epoch 413] train_loss=0.0000
2026-04-14 01:27:14,223 [INFO] [Epoch 413] val_loss=0.0000
2026-04-14 01:27:14,228 [INFO] Epoch 413 | train=0.0000 | val=0.0000
2026-04-14 01:27:14,260 [INFO] Saved checkpoint (val=0.0000)
2026-04-14 01:27:20,927 [INFO] [Epoch 414] train_loss=0.0000
2026-04-14 01:27:21,308 [INFO] [Epoch 414] val_loss=0.0000
2026-04-14 01:27:21,313 [INFO] Epoch 414 | train=0.0000 | val=0.0000
2026-04-14 01:27:21,331 [INFO] Saved checkpoint (val=0.0000)
2026-04-14 01:27:28,042 [INFO] [Epoch 415] train_loss=0.0000
2026-04-14 01:27:28,434 [INFO] [Epoch 415] val_loss=0.0000
2026-04-14 01:27:28,439 [INFO] Epoch 415 | train=0.0000 | val=0.0000
2026-04-14 01:27:28,471 [INFO] Saved checkpoint (val=0.0000)
2026-04-14 01:27:35,072 [INFO] [Epoch 416] train_loss=0.0000
2026-04-14 01:27:35,456 [INFO] [Epoch 416] val_loss=0.0000
2026-04-14 01:27:35,460 [INFO] Epoch 416 | train=0.0000 | val=0.0000
2026-04-14 01:27:35,492 [INFO] Saved checkpoint (val=0.0000)
2026-04-14 01:27:42,262 [INFO] [Epoch 417] train_loss=0.0000
2026-04-14 01:27:42,653 [INFO] [Epoch 417] val_loss=0.0000
2026-04-14 01:27:42,658 [INFO] Epoch 417 | train=0.0000 | val=0.0000
2026-04-14 01:27:49,366 [INFO] [Epoch 418] train_loss=0.0000
2026-04-14 01:27:49,755 [INFO] [Epoch 418] val_loss=0.0000
2026-04-14 01:27:49,760 [INFO] Epoch 418 | train=0.0000 | val=0.0000
2026-04-14 01:27:49,793 [INFO] Saved checkpoint (val=0.0000)
2026-04-14 01:27:56,492 [INFO] [Epoch 419] train_loss=0.0000
2026-04-14 01:27:56,885 [INFO] [Epoch 419] val_loss=0.0000
2026-04-14 01:27:56,890 [INFO] Epoch 419 | train=0.0000 | val=0.0000
2026-04-14 01:28:03,696 [INFO] [Epoch 420] train_loss=0.0000
2026-04-14 01:28:04,089 [INFO] [Epoch 420] val_loss=0.0000
2026-04-14 01:28:04,094 [INFO] Epoch 420 | train=0.0000 | val=0.0000
2026-04-14 01:28:10,959 [INFO] [Epoch 421] train_loss=0.0000
2026-04-14 01:28:11,371 [INFO] [Epoch 421] val_loss=0.0000
2026-04-14 01:28:11,376 [INFO] Epoch 421 | train=0.0000 | val=0.0000
2026-04-14 01:28:11,394 [INFO] Saved checkpoint (val=0.0000)
2026-04-14 01:28:18,251 [INFO] [Epoch 422] train_loss=0.0000
2026-04-14 01:28:18,634 [INFO] [Epoch 422] val_loss=0.0000
2026-04-14 01:28:18,639 [INFO] Epoch 422 | train=0.0000 | val=0.0000
2026-04-14 01:28:18,671 [INFO] Saved checkpoint (val=0.0000)
2026-04-14 01:28:25,287 [INFO] [Epoch 423] train_loss=0.0000
2026-04-14 01:28:25,675 [INFO] [Epoch 423] val_loss=0.0000
2026-04-14 01:28:25,680 [INFO] Epoch 423 | train=0.0000 | val=0.0000
2026-04-14 01:28:25,711 [INFO] Saved checkpoint (val=0.0000)
2026-04-14 01:28:32,370 [INFO] [Epoch 424] train_loss=0.0000
2026-04-14 01:28:32,763 [INFO] [Epoch 424] val_loss=0.0000
2026-04-14 01:28:32,768 [INFO] Epoch 424 | train=0.0000 | val=0.0000
2026-04-14 01:28:39,486 [INFO] [Epoch 425] train_loss=0.0000
2026-04-14 01:28:39,882 [INFO] [Epoch 425] val_loss=0.0000
2026-04-14 01:28:39,886 [INFO] Epoch 425 | train=0.0000 | val=0.0000
2026-04-14 01:28:39,917 [INFO] Saved checkpoint (val=0.0000)
2026-04-14 01:28:46,549 [INFO] [Epoch 426] train_loss=0.0000
2026-04-14 01:28:46,935 [INFO] [Epoch 426] val_loss=0.0000
2026-04-14 01:28:46,940 [INFO] Epoch 426 | train=0.0000 | val=0.0000
2026-04-14 01:28:46,956 [INFO] Saved checkpoint (val=0.0000)
2026-04-14 01:28:53,557 [INFO] [Epoch 427] train_loss=0.0000
2026-04-14 01:28:53,948 [INFO] [Epoch 427] val_loss=0.0000
2026-04-14 01:28:53,953 [INFO] Epoch 427 | train=0.0000 | val=0.0000
2026-04-14 01:28:53,987 [INFO] Saved checkpoint (val=0.0000)
2026-04-14 01:29:00,647 [INFO] [Epoch 428] train_loss=0.0000
2026-04-14 01:29:01,037 [INFO] [Epoch 428] val_loss=0.0000
2026-04-14 01:29:01,042 [INFO] Epoch 428 | train=0.0000 | val=0.0000
2026-04-14 01:29:01,074 [INFO] Saved checkpoint (val=0.0000)
2026-04-14 01:29:07,680 [INFO] [Epoch 429] train_loss=0.0000
2026-04-14 01:29:08,069 [INFO] [Epoch 429] val_loss=0.0000
2026-04-14 01:29:08,074 [INFO] Epoch 429 | train=0.0000 | val=0.0000
2026-04-14 01:29:08,105 [INFO] Saved checkpoint (val=0.0000)
2026-04-14 01:29:14,832 [INFO] [Epoch 430] train_loss=0.0000
2026-04-14 01:29:15,221 [INFO] [Epoch 430] val_loss=0.0000
2026-04-14 01:29:15,225 [INFO] Epoch 430 | train=0.0000 | val=0.0000
2026-04-14 01:29:15,256 [INFO] Saved checkpoint (val=0.0000)
2026-04-14 01:29:21,878 [INFO] [Epoch 431] train_loss=0.0000
2026-04-14 01:29:22,267 [INFO] [Epoch 431] val_loss=0.0000
2026-04-14 01:29:22,272 [INFO] Epoch 431 | train=0.0000 | val=0.0000
2026-04-14 01:29:28,963 [INFO] [Epoch 432] train_loss=0.0000
2026-04-14 01:29:29,347 [INFO] [Epoch 432] val_loss=0.0000
2026-04-14 01:29:29,351 [INFO] Epoch 432 | train=0.0000 | val=0.0000
2026-04-14 01:29:29,387 [INFO] Saved checkpoint (val=0.0000)
2026-04-14 01:29:36,049 [INFO] [Epoch 433] train_loss=0.0000
2026-04-14 01:29:36,422 [INFO] [Epoch 433] val_loss=0.0000
2026-04-14 01:29:36,427 [INFO] Epoch 433 | train=0.0000 | val=0.0000
2026-04-14 01:29:36,455 [INFO] Saved checkpoint (val=0.0000)
2026-04-14 01:29:43,044 [INFO] [Epoch 434] train_loss=0.0000
2026-04-14 01:29:43,428 [INFO] [Epoch 434] val_loss=0.0000
2026-04-14 01:29:43,433 [INFO] Epoch 434 | train=0.0000 | val=0.0000
2026-04-14 01:29:50,250 [INFO] [Epoch 435] train_loss=0.0000
2026-04-14 01:29:50,638 [INFO] [Epoch 435] val_loss=0.0000
2026-04-14 01:29:50,643 [INFO] Epoch 435 | train=0.0000 | val=0.0000
2026-04-14 01:29:50,673 [INFO] Saved checkpoint (val=0.0000)
2026-04-14 01:29:57,311 [INFO] [Epoch 436] train_loss=0.0000
2026-04-14 01:29:57,687 [INFO] [Epoch 436] val_loss=0.0000
2026-04-14 01:29:57,692 [INFO] Epoch 436 | train=0.0000 | val=0.0000
2026-04-14 01:30:04,342 [INFO] [Epoch 437] train_loss=0.0000
2026-04-14 01:30:04,725 [INFO] [Epoch 437] val_loss=0.0000
2026-04-14 01:30:04,729 [INFO] Epoch 437 | train=0.0000 | val=0.0000
2026-04-14 01:30:04,760 [INFO] Saved checkpoint (val=0.0000)
2026-04-14 01:30:11,403 [INFO] [Epoch 438] train_loss=0.0000
2026-04-14 01:30:11,794 [INFO] [Epoch 438] val_loss=0.0000
2026-04-14 01:30:11,798 [INFO] Epoch 438 | train=0.0000 | val=0.0000
2026-04-14 01:30:11,814 [INFO] Saved checkpoint (val=0.0000)
2026-04-14 01:30:18,437 [INFO] [Epoch 439] train_loss=0.0000
2026-04-14 01:30:18,817 [INFO] [Epoch 439] val_loss=0.0000
2026-04-14 01:30:18,822 [INFO] Epoch 439 | train=0.0000 | val=0.0000
2026-04-14 01:30:18,854 [INFO] Saved checkpoint (val=0.0000)
2026-04-14 01:30:25,611 [INFO] [Epoch 440] train_loss=0.0000
2026-04-14 01:30:25,998 [INFO] [Epoch 440] val_loss=0.0000
2026-04-14 01:30:26,003 [INFO] Epoch 440 | train=0.0000 | val=0.0000
2026-04-14 01:30:26,033 [INFO] Saved checkpoint (val=0.0000)
2026-04-14 01:30:32,729 [INFO] [Epoch 441] train_loss=0.0000
2026-04-14 01:30:33,118 [INFO] [Epoch 441] val_loss=0.0000
2026-04-14 01:30:33,123 [INFO] Epoch 441 | train=0.0000 | val=0.0000
2026-04-14 01:30:33,140 [INFO] Saved checkpoint (val=0.0000)
2026-04-14 01:30:39,764 [INFO] [Epoch 442] train_loss=0.0000
2026-04-14 01:30:40,155 [INFO] [Epoch 442] val_loss=0.0000
2026-04-14 01:30:40,160 [INFO] Epoch 442 | train=0.0000 | val=0.0000
2026-04-14 01:30:46,793 [INFO] [Epoch 443] train_loss=0.0000
2026-04-14 01:30:47,172 [INFO] [Epoch 443] val_loss=0.0000
2026-04-14 01:30:47,177 [INFO] Epoch 443 | train=0.0000 | val=0.0000
2026-04-14 01:30:47,208 [INFO] Saved checkpoint (val=0.0000)
2026-04-14 01:30:54,115 [INFO] [Epoch 444] train_loss=0.0000
2026-04-14 01:30:54,506 [INFO] [Epoch 444] val_loss=0.0000
2026-04-14 01:30:54,511 [INFO] Epoch 444 | train=0.0000 | val=0.0000
2026-04-14 01:31:01,172 [INFO] [Epoch 445] train_loss=0.0000
2026-04-14 01:31:01,567 [INFO] [Epoch 445] val_loss=0.0000
2026-04-14 01:31:01,571 [INFO] Epoch 445 | train=0.0000 | val=0.0000
2026-04-14 01:31:01,589 [INFO] Saved checkpoint (val=0.0000)
2026-04-14 01:31:08,224 [INFO] [Epoch 446] train_loss=0.0000
2026-04-14 01:31:08,614 [INFO] [Epoch 446] val_loss=0.0000
2026-04-14 01:31:08,619 [INFO] Epoch 446 | train=0.0000 | val=0.0000
2026-04-14 01:31:08,651 [INFO] Saved checkpoint (val=0.0000)
2026-04-14 01:31:15,279 [INFO] [Epoch 447] train_loss=0.0000
2026-04-14 01:31:15,673 [INFO] [Epoch 447] val_loss=0.0000
2026-04-14 01:31:15,678 [INFO] Epoch 447 | train=0.0000 | val=0.0000
2026-04-14 01:31:15,708 [INFO] Saved checkpoint (val=0.0000)
2026-04-14 01:31:22,290 [INFO] [Epoch 448] train_loss=0.0000
2026-04-14 01:31:22,668 [INFO] [Epoch 448] val_loss=0.0000
2026-04-14 01:31:22,672 [INFO] Epoch 448 | train=0.0000 | val=0.0000
2026-04-14 01:31:22,693 [INFO] Saved checkpoint (val=0.0000)
2026-04-14 01:31:29,379 [INFO] [Epoch 449] train_loss=0.0000
2026-04-14 01:31:29,768 [INFO] [Epoch 449] val_loss=0.0000
2026-04-14 01:31:29,773 [INFO] Epoch 449 | train=0.0000 | val=0.0000
2026-04-14 01:31:29,805 [INFO] Saved checkpoint (val=0.0000)
2026-04-14 01:31:36,451 [INFO] [Epoch 450] train_loss=0.0000
2026-04-14 01:31:36,836 [INFO] [Epoch 450] val_loss=0.0000
2026-04-14 01:31:36,842 [INFO] Epoch 450 | train=0.0000 | val=0.0000
2026-04-14 01:31:36,873 [INFO] Saved checkpoint (val=0.0000)
2026-04-14 01:31:43,526 [INFO] [Epoch 451] train_loss=0.0000
2026-04-14 01:31:43,905 [INFO] [Epoch 451] val_loss=0.0000
2026-04-14 01:31:43,910 [INFO] Epoch 451 | train=0.0000 | val=0.0000
2026-04-14 01:31:43,943 [INFO] Saved checkpoint (val=0.0000)
2026-04-14 01:31:50,578 [INFO] [Epoch 452] train_loss=0.0000
2026-04-14 01:31:50,968 [INFO] [Epoch 452] val_loss=0.0000
2026-04-14 01:31:50,973 [INFO] Epoch 452 | train=0.0000 | val=0.0000
2026-04-14 01:31:50,989 [INFO] Saved checkpoint (val=0.0000)
2026-04-14 01:31:57,648 [INFO] [Epoch 453] train_loss=0.0000
2026-04-14 01:31:58,040 [INFO] [Epoch 453] val_loss=0.0000
2026-04-14 01:31:58,045 [INFO] Epoch 453 | train=0.0000 | val=0.0000
2026-04-14 01:31:58,076 [INFO] Saved checkpoint (val=0.0000)
2026-04-14 01:32:04,830 [INFO] [Epoch 454] train_loss=0.0000
2026-04-14 01:32:05,219 [INFO] [Epoch 454] val_loss=0.0000
2026-04-14 01:32:05,224 [INFO] Epoch 454 | train=0.0000 | val=0.0000
2026-04-14 01:32:12,008 [INFO] [Epoch 455] train_loss=0.0000
2026-04-14 01:32:12,396 [INFO] [Epoch 455] val_loss=0.0000
2026-04-14 01:32:12,401 [INFO] Epoch 455 | train=0.0000 | val=0.0000
2026-04-14 01:32:19,015 [INFO] [Epoch 456] train_loss=0.0000
2026-04-14 01:32:19,400 [INFO] [Epoch 456] val_loss=0.0000
2026-04-14 01:32:19,404 [INFO] Epoch 456 | train=0.0000 | val=0.0000
2026-04-14 01:32:19,435 [INFO] Saved checkpoint (val=0.0000)
2026-04-14 01:32:26,036 [INFO] [Epoch 457] train_loss=0.0000
2026-04-14 01:32:26,414 [INFO] [Epoch 457] val_loss=0.0000
2026-04-14 01:32:26,420 [INFO] Epoch 457 | train=0.0000 | val=0.0000
2026-04-14 01:32:33,241 [INFO] [Epoch 458] train_loss=0.0000
2026-04-14 01:32:33,627 [INFO] [Epoch 458] val_loss=0.0000
2026-04-14 01:32:33,633 [INFO] Epoch 458 | train=0.0000 | val=0.0000
2026-04-14 01:32:40,337 [INFO] [Epoch 459] train_loss=0.0000
2026-04-14 01:32:40,727 [INFO] [Epoch 459] val_loss=0.0000
2026-04-14 01:32:40,732 [INFO] Epoch 459 | train=0.0000 | val=0.0000
2026-04-14 01:32:40,763 [INFO] Saved checkpoint (val=0.0000)
2026-04-14 01:32:47,474 [INFO] [Epoch 460] train_loss=0.0000
2026-04-14 01:32:47,858 [INFO] [Epoch 460] val_loss=0.0000
2026-04-14 01:32:47,864 [INFO] Epoch 460 | train=0.0000 | val=0.0000
2026-04-14 01:32:47,894 [INFO] Saved checkpoint (val=0.0000)
2026-04-14 01:32:54,529 [INFO] [Epoch 461] train_loss=0.0000
2026-04-14 01:32:54,920 [INFO] [Epoch 461] val_loss=0.0000
2026-04-14 01:32:54,925 [INFO] Epoch 461 | train=0.0000 | val=0.0000
2026-04-14 01:33:01,653 [INFO] [Epoch 462] train_loss=0.0000
2026-04-14 01:33:02,031 [INFO] [Epoch 462] val_loss=0.0000
2026-04-14 01:33:02,035 [INFO] Epoch 462 | train=0.0000 | val=0.0000
2026-04-14 01:33:09,059 [INFO] [Epoch 463] train_loss=0.0000
2026-04-14 01:33:09,436 [INFO] [Epoch 463] val_loss=0.0000
2026-04-14 01:33:09,441 [INFO] Epoch 463 | train=0.0000 | val=0.0000
2026-04-14 01:33:09,473 [INFO] Saved checkpoint (val=0.0000)
2026-04-14 01:33:16,195 [INFO] [Epoch 464] train_loss=0.0000
2026-04-14 01:33:16,577 [INFO] [Epoch 464] val_loss=0.0000
2026-04-14 01:33:16,582 [INFO] Epoch 464 | train=0.0000 | val=0.0000
2026-04-14 01:33:23,228 [INFO] [Epoch 465] train_loss=0.0000
2026-04-14 01:33:23,603 [INFO] [Epoch 465] val_loss=0.0000
2026-04-14 01:33:23,609 [INFO] Epoch 465 | train=0.0000 | val=0.0000
2026-04-14 01:33:23,640 [INFO] Saved checkpoint (val=0.0000)
2026-04-14 01:33:30,268 [INFO] [Epoch 466] train_loss=0.0000
2026-04-14 01:33:30,642 [INFO] [Epoch 466] val_loss=0.0000
2026-04-14 01:33:30,646 [INFO] Epoch 466 | train=0.0000 | val=0.0000
2026-04-14 01:33:30,680 [INFO] Saved checkpoint (val=0.0000)
2026-04-14 01:33:37,585 [INFO] [Epoch 467] train_loss=0.0000
2026-04-14 01:33:37,972 [INFO] [Epoch 467] val_loss=0.0000
2026-04-14 01:33:37,978 [INFO] Epoch 467 | train=0.0000 | val=0.0000
2026-04-14 01:33:44,600 [INFO] [Epoch 468] train_loss=0.0000
2026-04-14 01:33:44,984 [INFO] [Epoch 468] val_loss=0.0000
2026-04-14 01:33:44,989 [INFO] Epoch 468 | train=0.0000 | val=0.0000
2026-04-14 01:33:51,615 [INFO] [Epoch 469] train_loss=0.0000
2026-04-14 01:33:52,008 [INFO] [Epoch 469] val_loss=0.0000
2026-04-14 01:33:52,013 [INFO] Epoch 469 | train=0.0000 | val=0.0000
2026-04-14 01:33:52,030 [INFO] Saved checkpoint (val=0.0000)
2026-04-14 01:33:58,704 [INFO] [Epoch 470] train_loss=0.0000
2026-04-14 01:33:59,073 [INFO] [Epoch 470] val_loss=0.0000
2026-04-14 01:33:59,076 [INFO] Epoch 470 | train=0.0000 | val=0.0000
2026-04-14 01:33:59,098 [INFO] Saved checkpoint (val=0.0000)
2026-04-14 01:34:05,716 [INFO] [Epoch 471] train_loss=0.0000
2026-04-14 01:34:06,097 [INFO] [Epoch 471] val_loss=0.0000
2026-04-14 01:34:06,102 [INFO] Epoch 471 | train=0.0000 | val=0.0000
2026-04-14 01:34:12,719 [INFO] [Epoch 472] train_loss=0.0000
2026-04-14 01:34:13,106 [INFO] [Epoch 472] val_loss=0.0000
2026-04-14 01:34:13,112 [INFO] Epoch 472 | train=0.0000 | val=0.0000
2026-04-14 01:34:13,143 [INFO] Saved checkpoint (val=0.0000)
2026-04-14 01:34:19,764 [INFO] [Epoch 473] train_loss=0.0000
2026-04-14 01:34:20,154 [INFO] [Epoch 473] val_loss=0.0000
2026-04-14 01:34:20,158 [INFO] Epoch 473 | train=0.0000 | val=0.0000
2026-04-14 01:34:20,190 [INFO] Saved checkpoint (val=0.0000)
2026-04-14 01:34:26,810 [INFO] [Epoch 474] train_loss=0.0000
2026-04-14 01:34:27,193 [INFO] [Epoch 474] val_loss=0.0000
2026-04-14 01:34:27,197 [INFO] Epoch 474 | train=0.0000 | val=0.0000
2026-04-14 01:34:33,868 [INFO] [Epoch 475] train_loss=0.0000
2026-04-14 01:34:34,260 [INFO] [Epoch 475] val_loss=0.0000
2026-04-14 01:34:34,265 [INFO] Epoch 475 | train=0.0000 | val=0.0000
2026-04-14 01:34:34,297 [INFO] Saved checkpoint (val=0.0000)
2026-04-14 01:34:40,955 [INFO] [Epoch 476] train_loss=0.0000
2026-04-14 01:34:41,348 [INFO] [Epoch 476] val_loss=0.0000
2026-04-14 01:34:41,352 [INFO] Epoch 476 | train=0.0000 | val=0.0000
2026-04-14 01:34:47,991 [INFO] [Epoch 477] train_loss=0.0000
2026-04-14 01:34:48,385 [INFO] [Epoch 477] val_loss=0.0000
2026-04-14 01:34:48,390 [INFO] Epoch 477 | train=0.0000 | val=0.0000
2026-04-14 01:34:48,422 [INFO] Saved checkpoint (val=0.0000)
2026-04-14 01:34:55,019 [INFO] [Epoch 478] train_loss=0.0000
2026-04-14 01:34:55,406 [INFO] [Epoch 478] val_loss=0.0000
2026-04-14 01:34:55,409 [INFO] Epoch 478 | train=0.0000 | val=0.0000
2026-04-14 01:34:55,417 [INFO] Saved checkpoint (val=0.0000)
2026-04-14 01:35:02,063 [INFO] [Epoch 479] train_loss=0.0000
2026-04-14 01:35:02,452 [INFO] [Epoch 479] val_loss=0.0000
2026-04-14 01:35:02,457 [INFO] Epoch 479 | train=0.0000 | val=0.0000
2026-04-14 01:35:09,117 [INFO] [Epoch 480] train_loss=0.0000
2026-04-14 01:35:09,507 [INFO] [Epoch 480] val_loss=0.0000
2026-04-14 01:35:09,512 [INFO] Epoch 480 | train=0.0000 | val=0.0000
2026-04-14 01:35:16,253 [INFO] [Epoch 481] train_loss=0.0000
2026-04-14 01:35:16,630 [INFO] [Epoch 481] val_loss=0.0000
2026-04-14 01:35:16,636 [INFO] Epoch 481 | train=0.0000 | val=0.0000
2026-04-14 01:35:23,311 [INFO] [Epoch 482] train_loss=0.0000
2026-04-14 01:35:23,700 [INFO] [Epoch 482] val_loss=0.0000
2026-04-14 01:35:23,705 [INFO] Epoch 482 | train=0.0000 | val=0.0000
2026-04-14 01:35:30,401 [INFO] [Epoch 483] train_loss=0.0000
2026-04-14 01:35:30,782 [INFO] [Epoch 483] val_loss=0.0000
2026-04-14 01:35:30,787 [INFO] Epoch 483 | train=0.0000 | val=0.0000
2026-04-14 01:35:30,820 [INFO] Saved checkpoint (val=0.0000)
2026-04-14 01:35:37,490 [INFO] [Epoch 484] train_loss=0.0000
2026-04-14 01:35:37,879 [INFO] [Epoch 484] val_loss=0.0000
2026-04-14 01:35:37,884 [INFO] Epoch 484 | train=0.0000 | val=0.0000
2026-04-14 01:35:44,488 [INFO] [Epoch 485] train_loss=0.0000
2026-04-14 01:35:44,865 [INFO] [Epoch 485] val_loss=0.0000
2026-04-14 01:35:44,870 [INFO] Epoch 485 | train=0.0000 | val=0.0000
2026-04-14 01:35:44,901 [INFO] Saved checkpoint (val=0.0000)
2026-04-14 01:35:51,555 [INFO] [Epoch 486] train_loss=0.0000
2026-04-14 01:35:51,945 [INFO] [Epoch 486] val_loss=0.0000
2026-04-14 01:35:51,950 [INFO] Epoch 486 | train=0.0000 | val=0.0000
2026-04-14 01:35:58,582 [INFO] [Epoch 487] train_loss=0.0000
2026-04-14 01:35:58,967 [INFO] [Epoch 487] val_loss=0.0000
2026-04-14 01:35:58,972 [INFO] Epoch 487 | train=0.0000 | val=0.0000
2026-04-14 01:35:59,003 [INFO] Saved checkpoint (val=0.0000)
2026-04-14 01:36:06,092 [INFO] [Epoch 488] train_loss=0.0000
2026-04-14 01:36:06,481 [INFO] [Epoch 488] val_loss=0.0000
2026-04-14 01:36:06,485 [INFO] Epoch 488 | train=0.0000 | val=0.0000
2026-04-14 01:36:13,082 [INFO] [Epoch 489] train_loss=0.0000
2026-04-14 01:36:13,456 [INFO] [Epoch 489] val_loss=0.0000
2026-04-14 01:36:13,461 [INFO] Epoch 489 | train=0.0000 | val=0.0000
2026-04-14 01:36:20,142 [INFO] [Epoch 490] train_loss=0.0000
2026-04-14 01:36:20,530 [INFO] [Epoch 490] val_loss=0.0000
2026-04-14 01:36:20,535 [INFO] Epoch 490 | train=0.0000 | val=0.0000
2026-04-14 01:36:20,565 [INFO] Saved checkpoint (val=0.0000)
2026-04-14 01:36:27,310 [INFO] [Epoch 491] train_loss=0.0000
2026-04-14 01:36:27,693 [INFO] [Epoch 491] val_loss=0.0000
2026-04-14 01:36:27,697 [INFO] Epoch 491 | train=0.0000 | val=0.0000
2026-04-14 01:36:27,730 [INFO] Saved checkpoint (val=0.0000)
2026-04-14 01:36:34,345 [INFO] [Epoch 492] train_loss=0.0000
2026-04-14 01:36:34,734 [INFO] [Epoch 492] val_loss=0.0000
2026-04-14 01:36:34,739 [INFO] Epoch 492 | train=0.0000 | val=0.0000
2026-04-14 01:36:34,771 [INFO] Saved checkpoint (val=0.0000)
2026-04-14 01:36:41,674 [INFO] [Epoch 493] train_loss=0.0000
2026-04-14 01:36:42,063 [INFO] [Epoch 493] val_loss=0.0000
2026-04-14 01:36:42,067 [INFO] Epoch 493 | train=0.0000 | val=0.0000
2026-04-14 01:36:42,084 [INFO] Saved checkpoint (val=0.0000)
2026-04-14 01:36:48,697 [INFO] [Epoch 494] train_loss=0.0000
2026-04-14 01:36:49,077 [INFO] [Epoch 494] val_loss=0.0000
2026-04-14 01:36:49,082 [INFO] Epoch 494 | train=0.0000 | val=0.0000
2026-04-14 01:36:55,702 [INFO] [Epoch 495] train_loss=0.0000
2026-04-14 01:36:56,091 [INFO] [Epoch 495] val_loss=0.0000
2026-04-14 01:36:56,096 [INFO] Epoch 495 | train=0.0000 | val=0.0000
2026-04-14 01:37:02,733 [INFO] [Epoch 496] train_loss=0.0000
2026-04-14 01:37:03,114 [INFO] [Epoch 496] val_loss=0.0000
2026-04-14 01:37:03,117 [INFO] Epoch 496 | train=0.0000 | val=0.0000
2026-04-14 01:37:09,716 [INFO] [Epoch 497] train_loss=0.0000
2026-04-14 01:37:10,105 [INFO] [Epoch 497] val_loss=0.0000
2026-04-14 01:37:10,109 [INFO] Epoch 497 | train=0.0000 | val=0.0000
2026-04-14 01:37:10,141 [INFO] Saved checkpoint (val=0.0000)
2026-04-14 01:37:16,782 [INFO] [Epoch 498] train_loss=0.0000
2026-04-14 01:37:17,159 [INFO] [Epoch 498] val_loss=0.0000
2026-04-14 01:37:17,164 [INFO] Epoch 498 | train=0.0000 | val=0.0000
2026-04-14 01:37:24,200 [INFO] [Epoch 499] train_loss=0.0000
2026-04-14 01:37:24,586 [INFO] [Epoch 499] val_loss=0.0000
2026-04-14 01:37:24,591 [INFO] Epoch 499 | train=0.0000 | val=0.0000
2026-04-14 03:04:07,239 [INFO] Logging to logs/open_clip__txt-open_clip__loc-satclip__tproj-linear__lproj-linear__loss-mse.log
2026-04-14 03:04:07,240 [INFO] Checkpoints directory: /home/libe2152/outputs/explainable-earth-embeddings/open_clip/txt-open_clip__loc-satclip__tproj-linear__lproj-linear__loss-mse
2026-04-14 03:04:12,545 [INFO] Loaded dataset from /home/libe2152/data/skyscript/satclip/open_clip/
2026-04-14 03:04:12,545 [INFO] Train size=341661, Val size=715
2026-04-14 03:04:12,554 [INFO] Using text encoder=open_clip, location encoder=satclip
2026-04-14 03:04:13,046 [INFO] Loss: mse
2026-04-14 03:04:13,046 [INFO] LR=0.0001, weight_decay=0.01
2026-04-14 03:04:19,715 [INFO] [Epoch 0] train_loss=0.0034
2026-04-14 03:04:20,104 [INFO] [Epoch 0] val_loss=0.0014
2026-04-14 03:04:20,109 [INFO] Epoch 0 | train=0.0034 | val=0.0014
2026-04-14 03:04:20,144 [INFO] Saved checkpoint (val=0.0014)
2026-04-14 03:04:26,794 [INFO] [Epoch 1] train_loss=0.0011
2026-04-14 03:04:27,184 [INFO] [Epoch 1] val_loss=0.0007
2026-04-14 03:04:27,189 [INFO] Epoch 1 | train=0.0011 | val=0.0007
2026-04-14 03:04:27,219 [INFO] Saved checkpoint (val=0.0007)
2026-04-14 03:04:33,838 [INFO] [Epoch 2] train_loss=0.0006
2026-04-14 03:04:34,231 [INFO] [Epoch 2] val_loss=0.0004
2026-04-14 03:04:34,236 [INFO] Epoch 2 | train=0.0006 | val=0.0004
2026-04-14 03:04:34,269 [INFO] Saved checkpoint (val=0.0004)
2026-04-14 03:04:41,099 [INFO] [Epoch 3] train_loss=0.0004
2026-04-14 03:04:41,489 [INFO] [Epoch 3] val_loss=0.0003
2026-04-14 03:04:41,495 [INFO] Epoch 3 | train=0.0004 | val=0.0003
2026-04-14 03:04:41,526 [INFO] Saved checkpoint (val=0.0003)
2026-04-14 03:04:48,180 [INFO] [Epoch 4] train_loss=0.0003
2026-04-14 03:04:48,569 [INFO] [Epoch 4] val_loss=0.0002
2026-04-14 03:04:48,574 [INFO] Epoch 4 | train=0.0003 | val=0.0002
2026-04-14 03:04:48,608 [INFO] Saved checkpoint (val=0.0002)
2026-04-14 03:04:55,302 [INFO] [Epoch 5] train_loss=0.0002
2026-04-14 03:04:55,698 [INFO] [Epoch 5] val_loss=0.0002
2026-04-14 03:04:55,702 [INFO] Epoch 5 | train=0.0002 | val=0.0002
2026-04-14 03:04:55,733 [INFO] Saved checkpoint (val=0.0002)
2026-04-14 03:05:02,366 [INFO] [Epoch 6] train_loss=0.0002
2026-04-14 03:05:02,759 [INFO] [Epoch 6] val_loss=0.0001
2026-04-14 03:05:02,765 [INFO] Epoch 6 | train=0.0002 | val=0.0001
2026-04-14 03:05:02,795 [INFO] Saved checkpoint (val=0.0001)
2026-04-14 03:05:09,443 [INFO] [Epoch 7] train_loss=0.0002
2026-04-14 03:05:09,837 [INFO] [Epoch 7] val_loss=0.0001
2026-04-14 03:05:09,841 [INFO] Epoch 7 | train=0.0002 | val=0.0001
2026-04-14 03:05:09,859 [INFO] Saved checkpoint (val=0.0001)
2026-04-14 03:05:16,558 [INFO] [Epoch 8] train_loss=0.0001
2026-04-14 03:05:16,951 [INFO] [Epoch 8] val_loss=0.0001
2026-04-14 03:05:16,956 [INFO] Epoch 8 | train=0.0001 | val=0.0001
2026-04-14 03:05:16,987 [INFO] Saved checkpoint (val=0.0001)
2026-04-14 03:05:23,840 [INFO] [Epoch 9] train_loss=0.0001
2026-04-14 03:05:24,232 [INFO] [Epoch 9] val_loss=0.0001
2026-04-14 03:05:24,237 [INFO] Epoch 9 | train=0.0001 | val=0.0001
2026-04-14 03:05:24,270 [INFO] Saved checkpoint (val=0.0001)
2026-04-14 03:05:31,066 [INFO] [Epoch 10] train_loss=0.0001
2026-04-14 03:05:31,457 [INFO] [Epoch 10] val_loss=0.0001
2026-04-14 03:05:31,462 [INFO] Epoch 10 | train=0.0001 | val=0.0001
2026-04-14 03:05:31,479 [INFO] Saved checkpoint (val=0.0001)
2026-04-14 03:05:38,152 [INFO] [Epoch 11] train_loss=0.0001
2026-04-14 03:05:38,545 [INFO] [Epoch 11] val_loss=0.0001
2026-04-14 03:05:38,550 [INFO] Epoch 11 | train=0.0001 | val=0.0001
2026-04-14 03:05:38,581 [INFO] Saved checkpoint (val=0.0001)
2026-04-14 03:05:45,190 [INFO] [Epoch 12] train_loss=0.0001
2026-04-14 03:05:45,575 [INFO] [Epoch 12] val_loss=0.0001
2026-04-14 03:05:45,580 [INFO] Epoch 12 | train=0.0001 | val=0.0001
2026-04-14 03:05:45,611 [INFO] Saved checkpoint (val=0.0001)
2026-04-14 03:05:52,207 [INFO] [Epoch 13] train_loss=0.0001
2026-04-14 03:05:52,596 [INFO] [Epoch 13] val_loss=0.0001
2026-04-14 03:05:52,601 [INFO] Epoch 13 | train=0.0001 | val=0.0001
2026-04-14 03:05:52,632 [INFO] Saved checkpoint (val=0.0001)
2026-04-14 03:05:59,770 [INFO] [Epoch 14] train_loss=0.0001
2026-04-14 03:06:00,153 [INFO] [Epoch 14] val_loss=0.0001
2026-04-14 03:06:00,158 [INFO] Epoch 14 | train=0.0001 | val=0.0001
2026-04-14 03:06:00,176 [INFO] Saved checkpoint (val=0.0001)
2026-04-14 03:06:06,816 [INFO] [Epoch 15] train_loss=0.0001
2026-04-14 03:06:07,193 [INFO] [Epoch 15] val_loss=0.0001
2026-04-14 03:06:07,197 [INFO] Epoch 15 | train=0.0001 | val=0.0001
2026-04-14 03:06:07,214 [INFO] Saved checkpoint (val=0.0001)
2026-04-14 03:06:14,054 [INFO] [Epoch 16] train_loss=0.0001
2026-04-14 03:06:14,442 [INFO] [Epoch 16] val_loss=0.0000
2026-04-14 03:06:14,446 [INFO] Epoch 16 | train=0.0001 | val=0.0000
2026-04-14 03:06:14,463 [INFO] Saved checkpoint (val=0.0000)
2026-04-14 03:06:21,258 [INFO] [Epoch 17] train_loss=0.0001
2026-04-14 03:06:21,648 [INFO] [Epoch 17] val_loss=0.0000
2026-04-14 03:06:21,653 [INFO] Epoch 17 | train=0.0001 | val=0.0000
2026-04-14 03:06:21,685 [INFO] Saved checkpoint (val=0.0000)
2026-04-14 03:06:28,433 [INFO] [Epoch 18] train_loss=0.0001
2026-04-14 03:06:28,827 [INFO] [Epoch 18] val_loss=0.0000
2026-04-14 03:06:28,832 [INFO] Epoch 18 | train=0.0001 | val=0.0000
2026-04-14 03:06:28,863 [INFO] Saved checkpoint (val=0.0000)
2026-04-14 03:06:35,459 [INFO] [Epoch 19] train_loss=0.0001
2026-04-14 03:06:35,848 [INFO] [Epoch 19] val_loss=0.0000
2026-04-14 03:06:35,853 [INFO] Epoch 19 | train=0.0001 | val=0.0000
2026-04-14 03:06:35,886 [INFO] Saved checkpoint (val=0.0000)
2026-04-14 03:06:42,590 [INFO] [Epoch 20] train_loss=0.0000
2026-04-14 03:06:42,975 [INFO] [Epoch 20] val_loss=0.0000
2026-04-14 03:06:42,980 [INFO] Epoch 20 | train=0.0000 | val=0.0000
2026-04-14 03:06:43,011 [INFO] Saved checkpoint (val=0.0000)
2026-04-14 03:06:49,631 [INFO] [Epoch 21] train_loss=0.0000
2026-04-14 03:06:50,023 [INFO] [Epoch 21] val_loss=0.0000
2026-04-14 03:06:50,027 [INFO] Epoch 21 | train=0.0000 | val=0.0000
2026-04-14 03:06:50,042 [INFO] Saved checkpoint (val=0.0000)
2026-04-14 03:06:57,177 [INFO] [Epoch 22] train_loss=0.0000
2026-04-14 03:06:57,563 [INFO] [Epoch 22] val_loss=0.0000
2026-04-14 03:06:57,568 [INFO] Epoch 22 | train=0.0000 | val=0.0000
2026-04-14 03:06:57,599 [INFO] Saved checkpoint (val=0.0000)
2026-04-14 03:07:04,172 [INFO] [Epoch 23] train_loss=0.0000
2026-04-14 03:07:04,558 [INFO] [Epoch 23] val_loss=0.0000
2026-04-14 03:07:04,563 [INFO] Epoch 23 | train=0.0000 | val=0.0000
2026-04-14 03:07:04,582 [INFO] Saved checkpoint (val=0.0000)
2026-04-14 03:07:11,225 [INFO] [Epoch 24] train_loss=0.0000
2026-04-14 03:07:11,614 [INFO] [Epoch 24] val_loss=0.0000
2026-04-14 03:07:11,619 [INFO] Epoch 24 | train=0.0000 | val=0.0000
2026-04-14 03:07:11,650 [INFO] Saved checkpoint (val=0.0000)
2026-04-14 03:07:18,284 [INFO] [Epoch 25] train_loss=0.0000
2026-04-14 03:07:18,675 [INFO] [Epoch 25] val_loss=0.0000
2026-04-14 03:07:18,680 [INFO] Epoch 25 | train=0.0000 | val=0.0000
2026-04-14 03:07:18,712 [INFO] Saved checkpoint (val=0.0000)
2026-04-14 03:07:25,346 [INFO] [Epoch 26] train_loss=0.0000
2026-04-14 03:07:25,740 [INFO] [Epoch 26] val_loss=0.0000
2026-04-14 03:07:25,745 [INFO] Epoch 26 | train=0.0000 | val=0.0000
2026-04-14 03:07:25,776 [INFO] Saved checkpoint (val=0.0000)
2026-04-14 03:07:32,350 [INFO] [Epoch 27] train_loss=0.0000
2026-04-14 03:07:32,734 [INFO] [Epoch 27] val_loss=0.0000
2026-04-14 03:07:32,739 [INFO] Epoch 27 | train=0.0000 | val=0.0000
2026-04-14 03:07:32,757 [INFO] Saved checkpoint (val=0.0000)
2026-04-14 03:07:39,341 [INFO] [Epoch 28] train_loss=0.0000
2026-04-14 03:07:39,732 [INFO] [Epoch 28] val_loss=0.0000
2026-04-14 03:07:39,737 [INFO] Epoch 28 | train=0.0000 | val=0.0000
2026-04-14 03:07:39,754 [INFO] Saved checkpoint (val=0.0000)
2026-04-14 03:07:46,341 [INFO] [Epoch 29] train_loss=0.0000
2026-04-14 03:07:46,733 [INFO] [Epoch 29] val_loss=0.0000
2026-04-14 03:07:46,737 [INFO] Epoch 29 | train=0.0000 | val=0.0000
2026-04-14 03:07:46,769 [INFO] Saved checkpoint (val=0.0000)
2026-04-14 03:07:53,444 [INFO] [Epoch 30] train_loss=0.0000
2026-04-14 03:07:53,837 [INFO] [Epoch 30] val_loss=0.0000
2026-04-14 03:07:53,842 [INFO] Epoch 30 | train=0.0000 | val=0.0000
2026-04-14 03:07:53,874 [INFO] Saved checkpoint (val=0.0000)
2026-04-14 03:08:00,480 [INFO] [Epoch 31] train_loss=0.0000
2026-04-14 03:08:00,876 [INFO] [Epoch 31] val_loss=0.0000
2026-04-14 03:08:00,881 [INFO] Epoch 31 | train=0.0000 | val=0.0000
2026-04-14 03:08:00,913 [INFO] Saved checkpoint (val=0.0000)
2026-04-14 03:08:07,463 [INFO] [Epoch 32] train_loss=0.0000
2026-04-14 03:08:07,844 [INFO] [Epoch 32] val_loss=0.0000
2026-04-14 03:08:07,848 [INFO] Epoch 32 | train=0.0000 | val=0.0000
2026-04-14 03:08:07,880 [INFO] Saved checkpoint (val=0.0000)
2026-04-14 03:08:14,481 [INFO] [Epoch 33] train_loss=0.0000
2026-04-14 03:08:14,874 [INFO] [Epoch 33] val_loss=0.0000
2026-04-14 03:08:14,878 [INFO] Epoch 33 | train=0.0000 | val=0.0000
2026-04-14 03:08:14,897 [INFO] Saved checkpoint (val=0.0000)
2026-04-14 03:08:21,457 [INFO] [Epoch 34] train_loss=0.0000
2026-04-14 03:08:21,843 [INFO] [Epoch 34] val_loss=0.0000
2026-04-14 03:08:21,847 [INFO] Epoch 34 | train=0.0000 | val=0.0000
2026-04-14 03:08:21,879 [INFO] Saved checkpoint (val=0.0000)
2026-04-14 03:08:28,481 [INFO] [Epoch 35] train_loss=0.0000
2026-04-14 03:08:28,868 [INFO] [Epoch 35] val_loss=0.0000
2026-04-14 03:08:28,873 [INFO] Epoch 35 | train=0.0000 | val=0.0000
2026-04-14 03:08:28,890 [INFO] Saved checkpoint (val=0.0000)
2026-04-14 03:08:35,479 [INFO] [Epoch 36] train_loss=0.0000
2026-04-14 03:08:35,870 [INFO] [Epoch 36] val_loss=0.0000
2026-04-14 03:08:35,875 [INFO] Epoch 36 | train=0.0000 | val=0.0000
2026-04-14 03:08:35,907 [INFO] Saved checkpoint (val=0.0000)
2026-04-14 03:08:42,523 [INFO] [Epoch 37] train_loss=0.0000
2026-04-14 03:08:42,918 [INFO] [Epoch 37] val_loss=0.0000
2026-04-14 03:08:42,923 [INFO] Epoch 37 | train=0.0000 | val=0.0000
2026-04-14 03:08:42,954 [INFO] Saved checkpoint (val=0.0000)
2026-04-14 03:08:50,053 [INFO] [Epoch 38] train_loss=0.0000
2026-04-14 03:08:50,446 [INFO] [Epoch 38] val_loss=0.0000
2026-04-14 03:08:50,451 [INFO] Epoch 38 | train=0.0000 | val=0.0000
2026-04-14 03:08:50,483 [INFO] Saved checkpoint (val=0.0000)
2026-04-14 03:08:57,230 [INFO] [Epoch 39] train_loss=0.0000
2026-04-14 03:08:57,625 [INFO] [Epoch 39] val_loss=0.0000
2026-04-14 03:08:57,629 [INFO] Epoch 39 | train=0.0000 | val=0.0000
2026-04-14 03:08:57,646 [INFO] Saved checkpoint (val=0.0000)
2026-04-14 03:09:04,232 [INFO] [Epoch 40] train_loss=0.0000
2026-04-14 03:09:04,623 [INFO] [Epoch 40] val_loss=0.0000
2026-04-14 03:09:04,628 [INFO] Epoch 40 | train=0.0000 | val=0.0000
2026-04-14 03:09:04,658 [INFO] Saved checkpoint (val=0.0000)
2026-04-14 03:09:11,661 [INFO] [Epoch 41] train_loss=0.0000
2026-04-14 03:09:12,052 [INFO] [Epoch 41] val_loss=0.0000
2026-04-14 03:09:12,057 [INFO] Epoch 41 | train=0.0000 | val=0.0000
2026-04-14 03:09:12,088 [INFO] Saved checkpoint (val=0.0000)
2026-04-14 03:09:18,681 [INFO] [Epoch 42] train_loss=0.0000
2026-04-14 03:09:19,060 [INFO] [Epoch 42] val_loss=0.0000
2026-04-14 03:09:19,065 [INFO] Epoch 42 | train=0.0000 | val=0.0000
2026-04-14 03:09:19,096 [INFO] Saved checkpoint (val=0.0000)
2026-04-14 03:09:25,697 [INFO] [Epoch 43] train_loss=0.0000
2026-04-14 03:09:26,076 [INFO] [Epoch 43] val_loss=0.0000
2026-04-14 03:09:26,080 [INFO] Epoch 43 | train=0.0000 | val=0.0000
2026-04-14 03:09:26,113 [INFO] Saved checkpoint (val=0.0000)
2026-04-14 03:09:32,722 [INFO] [Epoch 44] train_loss=0.0000
2026-04-14 03:09:33,116 [INFO] [Epoch 44] val_loss=0.0000
2026-04-14 03:09:33,121 [INFO] Epoch 44 | train=0.0000 | val=0.0000
2026-04-14 03:09:33,153 [INFO] Saved checkpoint (val=0.0000)
2026-04-14 03:09:39,800 [INFO] [Epoch 45] train_loss=0.0000
2026-04-14 03:09:40,187 [INFO] [Epoch 45] val_loss=0.0000
2026-04-14 03:09:40,192 [INFO] Epoch 45 | train=0.0000 | val=0.0000
2026-04-14 03:09:40,226 [INFO] Saved checkpoint (val=0.0000)
2026-04-14 03:09:46,785 [INFO] [Epoch 46] train_loss=0.0000
2026-04-14 03:09:47,166 [INFO] [Epoch 46] val_loss=0.0000
2026-04-14 03:09:47,171 [INFO] Epoch 46 | train=0.0000 | val=0.0000
2026-04-14 03:09:47,202 [INFO] Saved checkpoint (val=0.0000)
2026-04-14 03:09:53,875 [INFO] [Epoch 47] train_loss=0.0000
2026-04-14 03:09:54,263 [INFO] [Epoch 47] val_loss=0.0000
2026-04-14 03:09:54,268 [INFO] Epoch 47 | train=0.0000 | val=0.0000
2026-04-14 03:09:54,285 [INFO] Saved checkpoint (val=0.0000)
2026-04-14 03:10:00,915 [INFO] [Epoch 48] train_loss=0.0000
2026-04-14 03:10:01,307 [INFO] [Epoch 48] val_loss=0.0000
2026-04-14 03:10:01,312 [INFO] Epoch 48 | train=0.0000 | val=0.0000
2026-04-14 03:10:01,327 [INFO] Saved checkpoint (val=0.0000)
2026-04-14 03:10:08,272 [INFO] [Epoch 49] train_loss=0.0000
2026-04-14 03:10:08,663 [INFO] [Epoch 49] val_loss=0.0000
2026-04-14 03:10:08,668 [INFO] Epoch 49 | train=0.0000 | val=0.0000
2026-04-14 03:10:08,684 [INFO] Saved checkpoint (val=0.0000)
2026-04-14 03:10:15,302 [INFO] [Epoch 50] train_loss=0.0000
2026-04-14 03:10:15,695 [INFO] [Epoch 50] val_loss=0.0000
2026-04-14 03:10:15,700 [INFO] Epoch 50 | train=0.0000 | val=0.0000
2026-04-14 03:10:15,733 [INFO] Saved checkpoint (val=0.0000)
2026-04-14 03:10:22,376 [INFO] [Epoch 51] train_loss=0.0000
2026-04-14 03:10:22,772 [INFO] [Epoch 51] val_loss=0.0000
2026-04-14 03:10:22,777 [INFO] Epoch 51 | train=0.0000 | val=0.0000
2026-04-14 03:10:22,808 [INFO] Saved checkpoint (val=0.0000)
2026-04-14 03:10:29,448 [INFO] [Epoch 52] train_loss=0.0000
2026-04-14 03:10:29,845 [INFO] [Epoch 52] val_loss=0.0000
2026-04-14 03:10:29,850 [INFO] Epoch 52 | train=0.0000 | val=0.0000
2026-04-14 03:10:29,867 [INFO] Saved checkpoint (val=0.0000)
2026-04-14 03:10:36,434 [INFO] [Epoch 53] train_loss=0.0000
2026-04-14 03:10:36,821 [INFO] [Epoch 53] val_loss=0.0000
2026-04-14 03:10:36,826 [INFO] Epoch 53 | train=0.0000 | val=0.0000
2026-04-14 03:10:36,855 [INFO] Saved checkpoint (val=0.0000)
2026-04-14 03:10:43,534 [INFO] [Epoch 54] train_loss=0.0000
2026-04-14 03:10:43,927 [INFO] [Epoch 54] val_loss=0.0000
2026-04-14 03:10:43,932 [INFO] Epoch 54 | train=0.0000 | val=0.0000
2026-04-14 03:10:43,963 [INFO] Saved checkpoint (val=0.0000)
2026-04-14 03:10:50,584 [INFO] [Epoch 55] train_loss=0.0000
2026-04-14 03:10:50,977 [INFO] [Epoch 55] val_loss=0.0000
2026-04-14 03:10:50,981 [INFO] Epoch 55 | train=0.0000 | val=0.0000
2026-04-14 03:10:51,014 [INFO] Saved checkpoint (val=0.0000)
2026-04-14 03:10:57,657 [INFO] [Epoch 56] train_loss=0.0000
2026-04-14 03:10:58,037 [INFO] [Epoch 56] val_loss=0.0000
2026-04-14 03:10:58,042 [INFO] Epoch 56 | train=0.0000 | val=0.0000
2026-04-14 03:10:58,060 [INFO] Saved checkpoint (val=0.0000)
2026-04-14 03:11:04,668 [INFO] [Epoch 57] train_loss=0.0000
2026-04-14 03:11:05,066 [INFO] [Epoch 57] val_loss=0.0000
2026-04-14 03:11:05,071 [INFO] Epoch 57 | train=0.0000 | val=0.0000
2026-04-14 03:11:05,102 [INFO] Saved checkpoint (val=0.0000)
2026-04-14 03:11:11,699 [INFO] [Epoch 58] train_loss=0.0000
2026-04-14 03:11:12,077 [INFO] [Epoch 58] val_loss=0.0000
2026-04-14 03:11:12,082 [INFO] Epoch 58 | train=0.0000 | val=0.0000
2026-04-14 03:11:12,115 [INFO] Saved checkpoint (val=0.0000)
2026-04-14 03:11:18,846 [INFO] [Epoch 59] train_loss=0.0000
2026-04-14 03:11:19,239 [INFO] [Epoch 59] val_loss=0.0000
2026-04-14 03:11:19,244 [INFO] Epoch 59 | train=0.0000 | val=0.0000
2026-04-14 03:11:19,275 [INFO] Saved checkpoint (val=0.0000)
2026-04-14 03:11:25,891 [INFO] [Epoch 60] train_loss=0.0000
2026-04-14 03:11:26,280 [INFO] [Epoch 60] val_loss=0.0000
2026-04-14 03:11:26,284 [INFO] Epoch 60 | train=0.0000 | val=0.0000
2026-04-14 03:11:26,315 [INFO] Saved checkpoint (val=0.0000)
2026-04-14 03:11:32,943 [INFO] [Epoch 61] train_loss=0.0000
2026-04-14 03:11:33,336 [INFO] [Epoch 61] val_loss=0.0000
2026-04-14 03:11:33,341 [INFO] Epoch 61 | train=0.0000 | val=0.0000
2026-04-14 03:11:33,373 [INFO] Saved checkpoint (val=0.0000)
2026-04-14 03:11:40,061 [INFO] [Epoch 62] train_loss=0.0000
2026-04-14 03:11:40,453 [INFO] [Epoch 62] val_loss=0.0000
2026-04-14 03:11:40,458 [INFO] Epoch 62 | train=0.0000 | val=0.0000
2026-04-14 03:11:40,475 [INFO] Saved checkpoint (val=0.0000)
2026-04-14 03:11:47,593 [INFO] [Epoch 63] train_loss=0.0000
2026-04-14 03:11:47,987 [INFO] [Epoch 63] val_loss=0.0000
2026-04-14 03:11:47,991 [INFO] Epoch 63 | train=0.0000 | val=0.0000
2026-04-14 03:11:48,020 [INFO] Saved checkpoint (val=0.0000)
2026-04-14 03:11:54,665 [INFO] [Epoch 64] train_loss=0.0000
2026-04-14 03:11:55,052 [INFO] [Epoch 64] val_loss=0.0000
2026-04-14 03:11:55,057 [INFO] Epoch 64 | train=0.0000 | val=0.0000
2026-04-14 03:11:55,074 [INFO] Saved checkpoint (val=0.0000)
2026-04-14 03:12:02,255 [INFO] [Epoch 65] train_loss=0.0000
2026-04-14 03:12:02,629 [INFO] [Epoch 65] val_loss=0.0000
2026-04-14 03:12:02,633 [INFO] Epoch 65 | train=0.0000 | val=0.0000
2026-04-14 03:12:02,663 [INFO] Saved checkpoint (val=0.0000)
2026-04-14 03:12:09,294 [INFO] [Epoch 66] train_loss=0.0000
2026-04-14 03:12:09,684 [INFO] [Epoch 66] val_loss=0.0000
2026-04-14 03:12:09,688 [INFO] Epoch 66 | train=0.0000 | val=0.0000
2026-04-14 03:12:09,706 [INFO] Saved checkpoint (val=0.0000)
2026-04-14 03:12:16,301 [INFO] [Epoch 67] train_loss=0.0000
2026-04-14 03:12:16,696 [INFO] [Epoch 67] val_loss=0.0000
2026-04-14 03:12:16,701 [INFO] Epoch 67 | train=0.0000 | val=0.0000
2026-04-14 03:12:16,733 [INFO] Saved checkpoint (val=0.0000)
2026-04-14 03:12:23,308 [INFO] [Epoch 68] train_loss=0.0000
2026-04-14 03:12:23,691 [INFO] [Epoch 68] val_loss=0.0000
2026-04-14 03:12:23,696 [INFO] Epoch 68 | train=0.0000 | val=0.0000
2026-04-14 03:12:23,726 [INFO] Saved checkpoint (val=0.0000)
2026-04-14 03:12:30,369 [INFO] [Epoch 69] train_loss=0.0000
2026-04-14 03:12:30,763 [INFO] [Epoch 69] val_loss=0.0000
2026-04-14 03:12:30,768 [INFO] Epoch 69 | train=0.0000 | val=0.0000
2026-04-14 03:12:30,785 [INFO] Saved checkpoint (val=0.0000)
2026-04-14 03:12:37,415 [INFO] [Epoch 70] train_loss=0.0000
2026-04-14 03:12:37,799 [INFO] [Epoch 70] val_loss=0.0000
2026-04-14 03:12:37,804 [INFO] Epoch 70 | train=0.0000 | val=0.0000
2026-04-14 03:12:37,834 [INFO] Saved checkpoint (val=0.0000)
2026-04-14 03:12:44,444 [INFO] [Epoch 71] train_loss=0.0000
2026-04-14 03:12:44,835 [INFO] [Epoch 71] val_loss=0.0000
2026-04-14 03:12:44,840 [INFO] Epoch 71 | train=0.0000 | val=0.0000
2026-04-14 03:12:44,856 [INFO] Saved checkpoint (val=0.0000)
2026-04-14 03:12:51,475 [INFO] [Epoch 72] train_loss=0.0000
2026-04-14 03:12:51,868 [INFO] [Epoch 72] val_loss=0.0000
2026-04-14 03:12:51,873 [INFO] Epoch 72 | train=0.0000 | val=0.0000
2026-04-14 03:12:51,904 [INFO] Saved checkpoint (val=0.0000)
2026-04-14 03:12:58,525 [INFO] [Epoch 73] train_loss=0.0000
2026-04-14 03:12:58,909 [INFO] [Epoch 73] val_loss=0.0000
2026-04-14 03:12:58,913 [INFO] Epoch 73 | train=0.0000 | val=0.0000
2026-04-14 03:12:58,945 [INFO] Saved checkpoint (val=0.0000)
2026-04-14 03:13:05,584 [INFO] [Epoch 74] train_loss=0.0000
2026-04-14 03:13:05,969 [INFO] [Epoch 74] val_loss=0.0000
2026-04-14 03:13:05,974 [INFO] Epoch 74 | train=0.0000 | val=0.0000
2026-04-14 03:13:06,005 [INFO] Saved checkpoint (val=0.0000)
2026-04-14 03:13:12,653 [INFO] [Epoch 75] train_loss=0.0000
2026-04-14 03:13:13,044 [INFO] [Epoch 75] val_loss=0.0000
2026-04-14 03:13:13,049 [INFO] Epoch 75 | train=0.0000 | val=0.0000
2026-04-14 03:13:13,080 [INFO] Saved checkpoint (val=0.0000)
2026-04-14 03:13:19,723 [INFO] [Epoch 76] train_loss=0.0000
2026-04-14 03:13:20,113 [INFO] [Epoch 76] val_loss=0.0000
2026-04-14 03:13:20,118 [INFO] Epoch 76 | train=0.0000 | val=0.0000
2026-04-14 03:13:20,134 [INFO] Saved checkpoint (val=0.0000)
2026-04-14 03:13:26,744 [INFO] [Epoch 77] train_loss=0.0000
2026-04-14 03:13:27,135 [INFO] [Epoch 77] val_loss=0.0000
2026-04-14 03:13:27,139 [INFO] Epoch 77 | train=0.0000 | val=0.0000
2026-04-14 03:13:27,158 [INFO] Saved checkpoint (val=0.0000)
2026-04-14 03:13:33,860 [INFO] [Epoch 78] train_loss=0.0000
2026-04-14 03:13:34,252 [INFO] [Epoch 78] val_loss=0.0000
2026-04-14 03:13:34,257 [INFO] Epoch 78 | train=0.0000 | val=0.0000
2026-04-14 03:13:34,288 [INFO] Saved checkpoint (val=0.0000)
2026-04-14 03:13:40,933 [INFO] [Epoch 79] train_loss=0.0000
2026-04-14 03:13:41,313 [INFO] [Epoch 79] val_loss=0.0000
2026-04-14 03:13:41,317 [INFO] Epoch 79 | train=0.0000 | val=0.0000
2026-04-14 03:13:41,350 [INFO] Saved checkpoint (val=0.0000)
2026-04-14 03:13:48,001 [INFO] [Epoch 80] train_loss=0.0000
2026-04-14 03:13:48,390 [INFO] [Epoch 80] val_loss=0.0000
2026-04-14 03:13:48,396 [INFO] Epoch 80 | train=0.0000 | val=0.0000
2026-04-14 03:13:48,427 [INFO] Saved checkpoint (val=0.0000)
2026-04-14 03:13:55,038 [INFO] [Epoch 81] train_loss=0.0000
2026-04-14 03:13:55,435 [INFO] [Epoch 81] val_loss=0.0000
2026-04-14 03:13:55,440 [INFO] Epoch 81 | train=0.0000 | val=0.0000
2026-04-14 03:13:55,458 [INFO] Saved checkpoint (val=0.0000)
2026-04-14 03:14:02,125 [INFO] [Epoch 82] train_loss=0.0000
2026-04-14 03:14:02,518 [INFO] [Epoch 82] val_loss=0.0000
2026-04-14 03:14:02,523 [INFO] Epoch 82 | train=0.0000 | val=0.0000
2026-04-14 03:14:02,555 [INFO] Saved checkpoint (val=0.0000)
2026-04-14 03:14:09,209 [INFO] [Epoch 83] train_loss=0.0000
2026-04-14 03:14:09,603 [INFO] [Epoch 83] val_loss=0.0000
2026-04-14 03:14:09,608 [INFO] Epoch 83 | train=0.0000 | val=0.0000
2026-04-14 03:14:09,639 [INFO] Saved checkpoint (val=0.0000)
2026-04-14 03:14:16,236 [INFO] [Epoch 84] train_loss=0.0000
2026-04-14 03:14:16,617 [INFO] [Epoch 84] val_loss=0.0000
2026-04-14 03:14:16,622 [INFO] Epoch 84 | train=0.0000 | val=0.0000
2026-04-14 03:14:16,654 [INFO] Saved checkpoint (val=0.0000)
2026-04-14 03:14:23,746 [INFO] [Epoch 85] train_loss=0.0000
2026-04-14 03:14:24,134 [INFO] [Epoch 85] val_loss=0.0000
2026-04-14 03:14:24,139 [INFO] Epoch 85 | train=0.0000 | val=0.0000
2026-04-14 03:14:24,156 [INFO] Saved checkpoint (val=0.0000)
2026-04-14 03:14:30,786 [INFO] [Epoch 86] train_loss=0.0000
2026-04-14 03:14:31,175 [INFO] [Epoch 86] val_loss=0.0000
2026-04-14 03:14:31,179 [INFO] Epoch 86 | train=0.0000 | val=0.0000
2026-04-14 03:14:31,210 [INFO] Saved checkpoint (val=0.0000)
2026-04-14 03:14:37,801 [INFO] [Epoch 87] train_loss=0.0000
2026-04-14 03:14:38,182 [INFO] [Epoch 87] val_loss=0.0000
2026-04-14 03:14:38,188 [INFO] Epoch 87 | train=0.0000 | val=0.0000
2026-04-14 03:14:38,220 [INFO] Saved checkpoint (val=0.0000)
2026-04-14 03:14:44,835 [INFO] [Epoch 88] train_loss=0.0000
2026-04-14 03:14:45,221 [INFO] [Epoch 88] val_loss=0.0000
2026-04-14 03:14:45,226 [INFO] Epoch 88 | train=0.0000 | val=0.0000
2026-04-14 03:14:45,243 [INFO] Saved checkpoint (val=0.0000)
2026-04-14 03:14:51,855 [INFO] [Epoch 89] train_loss=0.0000
2026-04-14 03:14:52,251 [INFO] [Epoch 89] val_loss=0.0000
2026-04-14 03:14:52,255 [INFO] Epoch 89 | train=0.0000 | val=0.0000
2026-04-14 03:14:52,287 [INFO] Saved checkpoint (val=0.0000)
2026-04-14 03:14:58,921 [INFO] [Epoch 90] train_loss=0.0000
2026-04-14 03:14:59,314 [INFO] [Epoch 90] val_loss=0.0000
2026-04-14 03:14:59,319 [INFO] Epoch 90 | train=0.0000 | val=0.0000
2026-04-14 03:14:59,350 [INFO] Saved checkpoint (val=0.0000)
2026-04-14 03:15:06,126 [INFO] [Epoch 91] train_loss=0.0000
2026-04-14 03:15:06,520 [INFO] [Epoch 91] val_loss=0.0000
2026-04-14 03:15:06,525 [INFO] Epoch 91 | train=0.0000 | val=0.0000
2026-04-14 03:15:06,556 [INFO] Saved checkpoint (val=0.0000)
2026-04-14 03:15:13,204 [INFO] [Epoch 92] train_loss=0.0000
2026-04-14 03:15:13,596 [INFO] [Epoch 92] val_loss=0.0000
2026-04-14 03:15:13,600 [INFO] Epoch 92 | train=0.0000 | val=0.0000
2026-04-14 03:15:13,611 [INFO] Saved checkpoint (val=0.0000)
2026-04-14 03:15:20,217 [INFO] [Epoch 93] train_loss=0.0000
2026-04-14 03:15:20,596 [INFO] [Epoch 93] val_loss=0.0000
2026-04-14 03:15:20,601 [INFO] Epoch 93 | train=0.0000 | val=0.0000
2026-04-14 03:15:20,632 [INFO] Saved checkpoint (val=0.0000)
2026-04-14 03:15:27,259 [INFO] [Epoch 94] train_loss=0.0000
2026-04-14 03:15:27,653 [INFO] [Epoch 94] val_loss=0.0000
2026-04-14 03:15:27,658 [INFO] Epoch 94 | train=0.0000 | val=0.0000
2026-04-14 03:15:27,689 [INFO] Saved checkpoint (val=0.0000)
2026-04-14 03:15:34,278 [INFO] [Epoch 95] train_loss=0.0000
2026-04-14 03:15:34,655 [INFO] [Epoch 95] val_loss=0.0000
2026-04-14 03:15:34,660 [INFO] Epoch 95 | train=0.0000 | val=0.0000
2026-04-14 03:15:34,692 [INFO] Saved checkpoint (val=0.0000)
2026-04-14 03:15:41,451 [INFO] [Epoch 96] train_loss=0.0000
2026-04-14 03:15:41,842 [INFO] [Epoch 96] val_loss=0.0000
2026-04-14 03:15:41,846 [INFO] Epoch 96 | train=0.0000 | val=0.0000
2026-04-14 03:15:41,878 [INFO] Saved checkpoint (val=0.0000)
2026-04-14 03:15:48,500 [INFO] [Epoch 97] train_loss=0.0000
2026-04-14 03:15:48,890 [INFO] [Epoch 97] val_loss=0.0000
2026-04-14 03:15:48,895 [INFO] Epoch 97 | train=0.0000 | val=0.0000
2026-04-14 03:15:48,928 [INFO] Saved checkpoint (val=0.0000)
2026-04-14 03:15:55,560 [INFO] [Epoch 98] train_loss=0.0000
2026-04-14 03:15:55,952 [INFO] [Epoch 98] val_loss=0.0000
2026-04-14 03:15:55,957 [INFO] Epoch 98 | train=0.0000 | val=0.0000
2026-04-14 03:15:55,988 [INFO] Saved checkpoint (val=0.0000)
2026-04-14 03:16:02,544 [INFO] [Epoch 99] train_loss=0.0000
2026-04-14 03:16:02,936 [INFO] [Epoch 99] val_loss=0.0000
2026-04-14 03:16:02,940 [INFO] Epoch 99 | train=0.0000 | val=0.0000
2026-04-14 03:16:02,971 [INFO] Saved checkpoint (val=0.0000)
2026-04-14 03:16:09,645 [INFO] [Epoch 100] train_loss=0.0000
2026-04-14 03:16:10,031 [INFO] [Epoch 100] val_loss=0.0000
2026-04-14 03:16:10,036 [INFO] Epoch 100 | train=0.0000 | val=0.0000
2026-04-14 03:16:10,053 [INFO] Saved checkpoint (val=0.0000)
2026-04-14 03:16:16,860 [INFO] [Epoch 101] train_loss=0.0000
2026-04-14 03:16:17,257 [INFO] [Epoch 101] val_loss=0.0000
2026-04-14 03:16:17,262 [INFO] Epoch 101 | train=0.0000 | val=0.0000
2026-04-14 03:16:17,292 [INFO] Saved checkpoint (val=0.0000)
2026-04-14 03:16:24,272 [INFO] [Epoch 102] train_loss=0.0000
2026-04-14 03:16:24,660 [INFO] [Epoch 102] val_loss=0.0000
2026-04-14 03:16:24,665 [INFO] Epoch 102 | train=0.0000 | val=0.0000
2026-04-14 03:16:24,682 [INFO] Saved checkpoint (val=0.0000)
2026-04-14 03:16:31,378 [INFO] [Epoch 103] train_loss=0.0000
2026-04-14 03:16:31,771 [INFO] [Epoch 103] val_loss=0.0000
2026-04-14 03:16:31,776 [INFO] Epoch 103 | train=0.0000 | val=0.0000
2026-04-14 03:16:31,808 [INFO] Saved checkpoint (val=0.0000)
2026-04-14 03:16:38,414 [INFO] [Epoch 104] train_loss=0.0000
2026-04-14 03:16:38,802 [INFO] [Epoch 104] val_loss=0.0000
2026-04-14 03:16:38,807 [INFO] Epoch 104 | train=0.0000 | val=0.0000
2026-04-14 03:16:38,838 [INFO] Saved checkpoint (val=0.0000)
2026-04-14 03:16:45,557 [INFO] [Epoch 105] train_loss=0.0000
2026-04-14 03:16:45,948 [INFO] [Epoch 105] val_loss=0.0000
2026-04-14 03:16:45,952 [INFO] Epoch 105 | train=0.0000 | val=0.0000
2026-04-14 03:16:45,970 [INFO] Saved checkpoint (val=0.0000)
2026-04-14 03:16:52,631 [INFO] [Epoch 106] train_loss=0.0000
2026-04-14 03:16:53,027 [INFO] [Epoch 106] val_loss=0.0000
2026-04-14 03:16:53,031 [INFO] Epoch 106 | train=0.0000 | val=0.0000
2026-04-14 03:16:53,063 [INFO] Saved checkpoint (val=0.0000)
2026-04-14 03:16:59,852 [INFO] [Epoch 107] train_loss=0.0000
2026-04-14 03:17:00,248 [INFO] [Epoch 107] val_loss=0.0000
2026-04-14 03:17:00,252 [INFO] Epoch 107 | train=0.0000 | val=0.0000
2026-04-14 03:17:00,283 [INFO] Saved checkpoint (val=0.0000)
2026-04-14 03:17:07,019 [INFO] [Epoch 108] train_loss=0.0000
2026-04-14 03:17:07,414 [INFO] [Epoch 108] val_loss=0.0000
2026-04-14 03:17:07,418 [INFO] Epoch 108 | train=0.0000 | val=0.0000
2026-04-14 03:17:07,434 [INFO] Saved checkpoint (val=0.0000)
2026-04-14 03:17:14,020 [INFO] [Epoch 109] train_loss=0.0000
2026-04-14 03:17:14,411 [INFO] [Epoch 109] val_loss=0.0000
2026-04-14 03:17:14,416 [INFO] Epoch 109 | train=0.0000 | val=0.0000
2026-04-14 03:17:14,446 [INFO] Saved checkpoint (val=0.0000)
2026-04-14 03:17:21,068 [INFO] [Epoch 110] train_loss=0.0000
2026-04-14 03:17:21,448 [INFO] [Epoch 110] val_loss=0.0000
2026-04-14 03:17:21,453 [INFO] Epoch 110 | train=0.0000 | val=0.0000
2026-04-14 03:17:21,484 [INFO] Saved checkpoint (val=0.0000)
2026-04-14 03:17:28,146 [INFO] [Epoch 111] train_loss=0.0000
2026-04-14 03:17:28,528 [INFO] [Epoch 111] val_loss=0.0000
2026-04-14 03:17:28,533 [INFO] Epoch 111 | train=0.0000 | val=0.0000
2026-04-14 03:17:28,565 [INFO] Saved checkpoint (val=0.0000)
2026-04-14 03:17:35,494 [INFO] [Epoch 112] train_loss=0.0000
2026-04-14 03:17:35,885 [INFO] [Epoch 112] val_loss=0.0000
2026-04-14 03:17:35,890 [INFO] Epoch 112 | train=0.0000 | val=0.0000
2026-04-14 03:17:35,921 [INFO] Saved checkpoint (val=0.0000)
2026-04-14 03:17:42,825 [INFO] [Epoch 113] train_loss=0.0000
2026-04-14 03:17:43,209 [INFO] [Epoch 113] val_loss=0.0000
2026-04-14 03:17:43,213 [INFO] Epoch 113 | train=0.0000 | val=0.0000
2026-04-14 03:17:43,245 [INFO] Saved checkpoint (val=0.0000)
2026-04-14 03:17:49,932 [INFO] [Epoch 114] train_loss=0.0000
2026-04-14 03:17:50,320 [INFO] [Epoch 114] val_loss=0.0000
2026-04-14 03:17:50,325 [INFO] Epoch 114 | train=0.0000 | val=0.0000
2026-04-14 03:17:50,356 [INFO] Saved checkpoint (val=0.0000)
2026-04-14 03:17:57,182 [INFO] [Epoch 115] train_loss=0.0000
2026-04-14 03:17:57,573 [INFO] [Epoch 115] val_loss=0.0000
2026-04-14 03:17:57,579 [INFO] Epoch 115 | train=0.0000 | val=0.0000
2026-04-14 03:17:57,597 [INFO] Saved checkpoint (val=0.0000)
2026-04-14 03:18:04,207 [INFO] [Epoch 116] train_loss=0.0000
2026-04-14 03:18:04,600 [INFO] [Epoch 116] val_loss=0.0000
2026-04-14 03:18:04,604 [INFO] Epoch 116 | train=0.0000 | val=0.0000
2026-04-14 03:18:04,637 [INFO] Saved checkpoint (val=0.0000)
2026-04-14 03:18:11,341 [INFO] [Epoch 117] train_loss=0.0000
2026-04-14 03:18:11,735 [INFO] [Epoch 117] val_loss=0.0000
2026-04-14 03:18:11,740 [INFO] Epoch 117 | train=0.0000 | val=0.0000
2026-04-14 03:18:11,756 [INFO] Saved checkpoint (val=0.0000)
2026-04-14 03:18:18,858 [INFO] [Epoch 118] train_loss=0.0000
2026-04-14 03:18:19,250 [INFO] [Epoch 118] val_loss=0.0000
2026-04-14 03:18:19,255 [INFO] Epoch 118 | train=0.0000 | val=0.0000
2026-04-14 03:18:19,287 [INFO] Saved checkpoint (val=0.0000)
2026-04-14 03:18:25,920 [INFO] [Epoch 119] train_loss=0.0000
2026-04-14 03:18:26,313 [INFO] [Epoch 119] val_loss=0.0000
2026-04-14 03:18:26,318 [INFO] Epoch 119 | train=0.0000 | val=0.0000
2026-04-14 03:18:26,350 [INFO] Saved checkpoint (val=0.0000)
2026-04-14 03:18:32,999 [INFO] [Epoch 120] train_loss=0.0000
2026-04-14 03:18:33,388 [INFO] [Epoch 120] val_loss=0.0000
2026-04-14 03:18:33,392 [INFO] Epoch 120 | train=0.0000 | val=0.0000
2026-04-14 03:18:33,424 [INFO] Saved checkpoint (val=0.0000)
2026-04-14 03:18:40,003 [INFO] [Epoch 121] train_loss=0.0000
2026-04-14 03:18:40,382 [INFO] [Epoch 121] val_loss=0.0000
2026-04-14 03:18:40,387 [INFO] Epoch 121 | train=0.0000 | val=0.0000
2026-04-14 03:18:40,419 [INFO] Saved checkpoint (val=0.0000)
2026-04-14 03:18:47,026 [INFO] [Epoch 122] train_loss=0.0000
2026-04-14 03:18:47,412 [INFO] [Epoch 122] val_loss=0.0000
2026-04-14 03:18:47,414 [INFO] Epoch 122 | train=0.0000 | val=0.0000
2026-04-14 03:18:47,435 [INFO] Saved checkpoint (val=0.0000)
2026-04-14 03:18:54,013 [INFO] [Epoch 123] train_loss=0.0000
2026-04-14 03:18:54,393 [INFO] [Epoch 123] val_loss=0.0000
2026-04-14 03:18:54,398 [INFO] Epoch 123 | train=0.0000 | val=0.0000
2026-04-14 03:18:54,429 [INFO] Saved checkpoint (val=0.0000)
2026-04-14 03:19:01,221 [INFO] [Epoch 124] train_loss=0.0000
2026-04-14 03:19:01,616 [INFO] [Epoch 124] val_loss=0.0000
2026-04-14 03:19:01,622 [INFO] Epoch 124 | train=0.0000 | val=0.0000
2026-04-14 03:19:01,640 [INFO] Saved checkpoint (val=0.0000)
2026-04-14 03:19:08,280 [INFO] [Epoch 125] train_loss=0.0000
2026-04-14 03:19:08,656 [INFO] [Epoch 125] val_loss=0.0000
2026-04-14 03:19:08,662 [INFO] Epoch 125 | train=0.0000 | val=0.0000
2026-04-14 03:19:08,693 [INFO] Saved checkpoint (val=0.0000)
2026-04-14 03:19:15,279 [INFO] [Epoch 126] train_loss=0.0000
2026-04-14 03:19:15,667 [INFO] [Epoch 126] val_loss=0.0000
2026-04-14 03:19:15,672 [INFO] Epoch 126 | train=0.0000 | val=0.0000
2026-04-14 03:19:15,703 [INFO] Saved checkpoint (val=0.0000)
2026-04-14 03:19:22,335 [INFO] [Epoch 127] train_loss=0.0000
2026-04-14 03:19:22,726 [INFO] [Epoch 127] val_loss=0.0000
2026-04-14 03:19:22,731 [INFO] Epoch 127 | train=0.0000 | val=0.0000
2026-04-14 03:19:22,763 [INFO] Saved checkpoint (val=0.0000)
2026-04-14 03:19:29,343 [INFO] [Epoch 128] train_loss=0.0000
2026-04-14 03:19:29,728 [INFO] [Epoch 128] val_loss=0.0000
2026-04-14 03:19:29,733 [INFO] Epoch 128 | train=0.0000 | val=0.0000
2026-04-14 03:19:29,765 [INFO] Saved checkpoint (val=0.0000)
2026-04-14 03:19:36,349 [INFO] [Epoch 129] train_loss=0.0000
2026-04-14 03:19:36,745 [INFO] [Epoch 129] val_loss=0.0000
2026-04-14 03:19:36,750 [INFO] Epoch 129 | train=0.0000 | val=0.0000
2026-04-14 03:19:36,768 [INFO] Saved checkpoint (val=0.0000)
2026-04-14 03:19:43,845 [INFO] [Epoch 130] train_loss=0.0000
2026-04-14 03:19:44,236 [INFO] [Epoch 130] val_loss=0.0000
2026-04-14 03:19:44,240 [INFO] Epoch 130 | train=0.0000 | val=0.0000
2026-04-14 03:19:44,271 [INFO] Saved checkpoint (val=0.0000)
2026-04-14 03:19:50,965 [INFO] [Epoch 131] train_loss=0.0000
2026-04-14 03:19:51,356 [INFO] [Epoch 131] val_loss=0.0000
2026-04-14 03:19:51,360 [INFO] Epoch 131 | train=0.0000 | val=0.0000
2026-04-14 03:19:51,393 [INFO] Saved checkpoint (val=0.0000)
2026-04-14 03:19:58,072 [INFO] [Epoch 132] train_loss=0.0000
2026-04-14 03:19:58,466 [INFO] [Epoch 132] val_loss=0.0000
2026-04-14 03:19:58,471 [INFO] Epoch 132 | train=0.0000 | val=0.0000
2026-04-14 03:19:58,503 [INFO] Saved checkpoint (val=0.0000)
2026-04-14 03:20:05,138 [INFO] [Epoch 133] train_loss=0.0000
2026-04-14 03:20:05,527 [INFO] [Epoch 133] val_loss=0.0000
2026-04-14 03:20:05,532 [INFO] Epoch 133 | train=0.0000 | val=0.0000
2026-04-14 03:20:05,563 [INFO] Saved checkpoint (val=0.0000)
2026-04-14 03:20:12,178 [INFO] [Epoch 134] train_loss=0.0000
2026-04-14 03:20:12,572 [INFO] [Epoch 134] val_loss=0.0000
2026-04-14 03:20:12,577 [INFO] Epoch 134 | train=0.0000 | val=0.0000
2026-04-14 03:20:12,608 [INFO] Saved checkpoint (val=0.0000)
2026-04-14 03:20:19,536 [INFO] [Epoch 135] train_loss=0.0000
2026-04-14 03:20:19,917 [INFO] [Epoch 135] val_loss=0.0000
2026-04-14 03:20:19,921 [INFO] Epoch 135 | train=0.0000 | val=0.0000
2026-04-14 03:20:19,953 [INFO] Saved checkpoint (val=0.0000)
2026-04-14 03:20:26,584 [INFO] [Epoch 136] train_loss=0.0000
2026-04-14 03:20:26,975 [INFO] [Epoch 136] val_loss=0.0000
2026-04-14 03:20:26,979 [INFO] Epoch 136 | train=0.0000 | val=0.0000
2026-04-14 03:20:26,996 [INFO] Saved checkpoint (val=0.0000)
2026-04-14 03:20:33,615 [INFO] [Epoch 137] train_loss=0.0000
2026-04-14 03:20:34,008 [INFO] [Epoch 137] val_loss=0.0000
2026-04-14 03:20:34,012 [INFO] Epoch 137 | train=0.0000 | val=0.0000
2026-04-14 03:20:34,045 [INFO] Saved checkpoint (val=0.0000)
2026-04-14 03:20:41,111 [INFO] [Epoch 138] train_loss=0.0000
2026-04-14 03:20:41,502 [INFO] [Epoch 138] val_loss=0.0000
2026-04-14 03:20:41,506 [INFO] Epoch 138 | train=0.0000 | val=0.0000
2026-04-14 03:20:41,533 [INFO] Saved checkpoint (val=0.0000)
2026-04-14 03:20:48,152 [INFO] [Epoch 139] train_loss=0.0000
2026-04-14 03:20:48,529 [INFO] [Epoch 139] val_loss=0.0000
2026-04-14 03:20:48,534 [INFO] Epoch 139 | train=0.0000 | val=0.0000
2026-04-14 03:20:48,563 [INFO] Saved checkpoint (val=0.0000)
2026-04-14 03:20:55,219 [INFO] [Epoch 140] train_loss=0.0000
2026-04-14 03:20:55,628 [INFO] [Epoch 140] val_loss=0.0000
2026-04-14 03:20:55,633 [INFO] Epoch 140 | train=0.0000 | val=0.0000
2026-04-14 03:20:55,666 [INFO] Saved checkpoint (val=0.0000)
2026-04-14 03:21:02,262 [INFO] [Epoch 141] train_loss=0.0000
2026-04-14 03:21:02,644 [INFO] [Epoch 141] val_loss=0.0000
2026-04-14 03:21:02,649 [INFO] Epoch 141 | train=0.0000 | val=0.0000
2026-04-14 03:21:02,682 [INFO] Saved checkpoint (val=0.0000)
2026-04-14 03:21:09,566 [INFO] [Epoch 142] train_loss=0.0000
2026-04-14 03:21:09,960 [INFO] [Epoch 142] val_loss=0.0000
2026-04-14 03:21:09,965 [INFO] Epoch 142 | train=0.0000 | val=0.0000
2026-04-14 03:21:09,997 [INFO] Saved checkpoint (val=0.0000)
2026-04-14 03:21:16,614 [INFO] [Epoch 143] train_loss=0.0000
2026-04-14 03:21:17,003 [INFO] [Epoch 143] val_loss=0.0000
2026-04-14 03:21:17,008 [INFO] Epoch 143 | train=0.0000 | val=0.0000
2026-04-14 03:21:17,025 [INFO] Saved checkpoint (val=0.0000)
2026-04-14 03:21:23,618 [INFO] [Epoch 144] train_loss=0.0000
2026-04-14 03:21:24,013 [INFO] [Epoch 144] val_loss=0.0000
2026-04-14 03:21:24,018 [INFO] Epoch 144 | train=0.0000 | val=0.0000
2026-04-14 03:21:24,049 [INFO] Saved checkpoint (val=0.0000)
2026-04-14 03:21:31,068 [INFO] [Epoch 145] train_loss=0.0000
2026-04-14 03:21:31,462 [INFO] [Epoch 145] val_loss=0.0000
2026-04-14 03:21:31,466 [INFO] Epoch 145 | train=0.0000 | val=0.0000
2026-04-14 03:21:31,498 [INFO] Saved checkpoint (val=0.0000)
2026-04-14 03:21:38,128 [INFO] [Epoch 146] train_loss=0.0000
2026-04-14 03:21:38,510 [INFO] [Epoch 146] val_loss=0.0000
2026-04-14 03:21:38,515 [INFO] Epoch 146 | train=0.0000 | val=0.0000
2026-04-14 03:21:38,546 [INFO] Saved checkpoint (val=0.0000)
2026-04-14 03:21:45,190 [INFO] [Epoch 147] train_loss=0.0000
2026-04-14 03:21:45,583 [INFO] [Epoch 147] val_loss=0.0000
2026-04-14 03:21:45,588 [INFO] Epoch 147 | train=0.0000 | val=0.0000
2026-04-14 03:21:45,620 [INFO] Saved checkpoint (val=0.0000)
2026-04-14 03:21:52,566 [INFO] [Epoch 148] train_loss=0.0000
2026-04-14 03:21:52,958 [INFO] [Epoch 148] val_loss=0.0000
2026-04-14 03:21:52,963 [INFO] Epoch 148 | train=0.0000 | val=0.0000
2026-04-14 03:21:52,995 [INFO] Saved checkpoint (val=0.0000)
2026-04-14 03:21:59,629 [INFO] [Epoch 149] train_loss=0.0000
2026-04-14 03:22:00,018 [INFO] [Epoch 149] val_loss=0.0000
2026-04-14 03:22:00,022 [INFO] Epoch 149 | train=0.0000 | val=0.0000
2026-04-14 03:22:00,053 [INFO] Saved checkpoint (val=0.0000)
2026-04-14 03:22:06,672 [INFO] [Epoch 150] train_loss=0.0000
2026-04-14 03:22:07,059 [INFO] [Epoch 150] val_loss=0.0000
2026-04-14 03:22:07,063 [INFO] Epoch 150 | train=0.0000 | val=0.0000
2026-04-14 03:22:07,082 [INFO] Saved checkpoint (val=0.0000)
2026-04-14 03:22:13,998 [INFO] [Epoch 151] train_loss=0.0000
2026-04-14 03:22:14,389 [INFO] [Epoch 151] val_loss=0.0000
2026-04-14 03:22:14,395 [INFO] Epoch 151 | train=0.0000 | val=0.0000
2026-04-14 03:22:14,428 [INFO] Saved checkpoint (val=0.0000)
2026-04-14 03:22:21,008 [INFO] [Epoch 152] train_loss=0.0000
2026-04-14 03:22:21,399 [INFO] [Epoch 152] val_loss=0.0000
2026-04-14 03:22:21,404 [INFO] Epoch 152 | train=0.0000 | val=0.0000
2026-04-14 03:22:21,435 [INFO] Saved checkpoint (val=0.0000)
2026-04-14 03:22:28,017 [INFO] [Epoch 153] train_loss=0.0000
2026-04-14 03:22:28,404 [INFO] [Epoch 153] val_loss=0.0000
2026-04-14 03:22:28,409 [INFO] Epoch 153 | train=0.0000 | val=0.0000
2026-04-14 03:22:28,440 [INFO] Saved checkpoint (val=0.0000)
2026-04-14 03:22:35,035 [INFO] [Epoch 154] train_loss=0.0000
2026-04-14 03:22:35,429 [INFO] [Epoch 154] val_loss=0.0000
2026-04-14 03:22:35,434 [INFO] Epoch 154 | train=0.0000 | val=0.0000
2026-04-14 03:22:35,466 [INFO] Saved checkpoint (val=0.0000)
2026-04-14 03:22:42,111 [INFO] [Epoch 155] train_loss=0.0000
2026-04-14 03:22:42,499 [INFO] [Epoch 155] val_loss=0.0000
2026-04-14 03:22:42,504 [INFO] Epoch 155 | train=0.0000 | val=0.0000
2026-04-14 03:22:42,521 [INFO] Saved checkpoint (val=0.0000)
2026-04-14 03:22:49,418 [INFO] [Epoch 156] train_loss=0.0000
2026-04-14 03:22:49,810 [INFO] [Epoch 156] val_loss=0.0000
2026-04-14 03:22:49,815 [INFO] Epoch 156 | train=0.0000 | val=0.0000
2026-04-14 03:22:49,846 [INFO] Saved checkpoint (val=0.0000)
2026-04-14 03:22:56,488 [INFO] [Epoch 157] train_loss=0.0000
2026-04-14 03:22:56,881 [INFO] [Epoch 157] val_loss=0.0000
2026-04-14 03:22:56,886 [INFO] Epoch 157 | train=0.0000 | val=0.0000
2026-04-14 03:22:56,917 [INFO] Saved checkpoint (val=0.0000)
2026-04-14 03:23:03,537 [INFO] [Epoch 158] train_loss=0.0000
2026-04-14 03:23:03,929 [INFO] [Epoch 158] val_loss=0.0000
2026-04-14 03:23:03,934 [INFO] Epoch 158 | train=0.0000 | val=0.0000
2026-04-14 03:23:03,964 [INFO] Saved checkpoint (val=0.0000)
2026-04-14 03:23:10,679 [INFO] [Epoch 159] train_loss=0.0000
2026-04-14 03:23:11,067 [INFO] [Epoch 159] val_loss=0.0000
2026-04-14 03:23:11,073 [INFO] Epoch 159 | train=0.0000 | val=0.0000
2026-04-14 03:23:11,104 [INFO] Saved checkpoint (val=0.0000)
2026-04-14 03:23:17,714 [INFO] [Epoch 160] train_loss=0.0000
2026-04-14 03:23:18,088 [INFO] [Epoch 160] val_loss=0.0000
2026-04-14 03:23:18,092 [INFO] Epoch 160 | train=0.0000 | val=0.0000
2026-04-14 03:23:18,111 [INFO] Saved checkpoint (val=0.0000)
2026-04-14 03:23:24,698 [INFO] [Epoch 161] train_loss=0.0000
2026-04-14 03:23:25,074 [INFO] [Epoch 161] val_loss=0.0000
2026-04-14 03:23:25,077 [INFO] Epoch 161 | train=0.0000 | val=0.0000
2026-04-14 03:23:25,099 [INFO] Saved checkpoint (val=0.0000)
2026-04-14 03:23:31,685 [INFO] [Epoch 162] train_loss=0.0000
2026-04-14 03:23:32,075 [INFO] [Epoch 162] val_loss=0.0000
2026-04-14 03:23:32,081 [INFO] Epoch 162 | train=0.0000 | val=0.0000
2026-04-14 03:23:32,112 [INFO] Saved checkpoint (val=0.0000)
2026-04-14 03:23:38,733 [INFO] [Epoch 163] train_loss=0.0000
2026-04-14 03:23:39,124 [INFO] [Epoch 163] val_loss=0.0000
2026-04-14 03:23:39,128 [INFO] Epoch 163 | train=0.0000 | val=0.0000
2026-04-14 03:23:39,159 [INFO] Saved checkpoint (val=0.0000)
2026-04-14 03:23:45,800 [INFO] [Epoch 164] train_loss=0.0000
2026-04-14 03:23:46,196 [INFO] [Epoch 164] val_loss=0.0000
2026-04-14 03:23:46,200 [INFO] Epoch 164 | train=0.0000 | val=0.0000
2026-04-14 03:23:46,232 [INFO] Saved checkpoint (val=0.0000)
2026-04-14 03:23:52,855 [INFO] [Epoch 165] train_loss=0.0000
2026-04-14 03:23:53,248 [INFO] [Epoch 165] val_loss=0.0000
2026-04-14 03:23:53,253 [INFO] Epoch 165 | train=0.0000 | val=0.0000
2026-04-14 03:23:53,271 [INFO] Saved checkpoint (val=0.0000)
2026-04-14 03:24:00,221 [INFO] [Epoch 166] train_loss=0.0000
2026-04-14 03:24:00,615 [INFO] [Epoch 166] val_loss=0.0000
2026-04-14 03:24:00,620 [INFO] Epoch 166 | train=0.0000 | val=0.0000
2026-04-14 03:24:00,651 [INFO] Saved checkpoint (val=0.0000)
2026-04-14 03:24:07,265 [INFO] [Epoch 167] train_loss=0.0000
2026-04-14 03:24:07,647 [INFO] [Epoch 167] val_loss=0.0000
2026-04-14 03:24:07,652 [INFO] Epoch 167 | train=0.0000 | val=0.0000
2026-04-14 03:24:07,669 [INFO] Saved checkpoint (val=0.0000)
2026-04-14 03:24:14,361 [INFO] [Epoch 168] train_loss=0.0000
2026-04-14 03:24:14,740 [INFO] [Epoch 168] val_loss=0.0000
2026-04-14 03:24:14,745 [INFO] Epoch 168 | train=0.0000 | val=0.0000
2026-04-14 03:24:14,775 [INFO] Saved checkpoint (val=0.0000)
2026-04-14 03:24:21,381 [INFO] [Epoch 169] train_loss=0.0000
2026-04-14 03:24:21,773 [INFO] [Epoch 169] val_loss=0.0000
2026-04-14 03:24:21,778 [INFO] Epoch 169 | train=0.0000 | val=0.0000
2026-04-14 03:24:21,810 [INFO] Saved checkpoint (val=0.0000)
2026-04-14 03:24:28,445 [INFO] [Epoch 170] train_loss=0.0000
2026-04-14 03:24:28,825 [INFO] [Epoch 170] val_loss=0.0000
2026-04-14 03:24:28,829 [INFO] Epoch 170 | train=0.0000 | val=0.0000
2026-04-14 03:24:28,861 [INFO] Saved checkpoint (val=0.0000)
2026-04-14 03:24:35,480 [INFO] [Epoch 171] train_loss=0.0000
2026-04-14 03:24:35,862 [INFO] [Epoch 171] val_loss=0.0000
2026-04-14 03:24:35,866 [INFO] Epoch 171 | train=0.0000 | val=0.0000
2026-04-14 03:24:35,898 [INFO] Saved checkpoint (val=0.0000)
2026-04-14 03:24:42,524 [INFO] [Epoch 172] train_loss=0.0000
2026-04-14 03:24:42,913 [INFO] [Epoch 172] val_loss=0.0000
2026-04-14 03:24:42,918 [INFO] Epoch 172 | train=0.0000 | val=0.0000
2026-04-14 03:24:42,936 [INFO] Saved checkpoint (val=0.0000)
2026-04-14 03:24:49,854 [INFO] [Epoch 173] train_loss=0.0000
2026-04-14 03:24:50,244 [INFO] [Epoch 173] val_loss=0.0000
2026-04-14 03:24:50,248 [INFO] Epoch 173 | train=0.0000 | val=0.0000
2026-04-14 03:24:50,280 [INFO] Saved checkpoint (val=0.0000)
2026-04-14 03:24:56,906 [INFO] [Epoch 174] train_loss=0.0000
2026-04-14 03:24:57,297 [INFO] [Epoch 174] val_loss=0.0000
2026-04-14 03:24:57,301 [INFO] Epoch 174 | train=0.0000 | val=0.0000
2026-04-14 03:24:57,332 [INFO] Saved checkpoint (val=0.0000)
2026-04-14 03:25:03,928 [INFO] [Epoch 175] train_loss=0.0000
2026-04-14 03:25:04,320 [INFO] [Epoch 175] val_loss=0.0000
2026-04-14 03:25:04,324 [INFO] Epoch 175 | train=0.0000 | val=0.0000
2026-04-14 03:25:04,355 [INFO] Saved checkpoint (val=0.0000)
2026-04-14 03:25:11,001 [INFO] [Epoch 176] train_loss=0.0000
2026-04-14 03:25:11,393 [INFO] [Epoch 176] val_loss=0.0000
2026-04-14 03:25:11,398 [INFO] Epoch 176 | train=0.0000 | val=0.0000
2026-04-14 03:25:11,429 [INFO] Saved checkpoint (val=0.0000)
2026-04-14 03:25:18,102 [INFO] [Epoch 177] train_loss=0.0000
2026-04-14 03:25:18,489 [INFO] [Epoch 177] val_loss=0.0000
2026-04-14 03:25:18,493 [INFO] Epoch 177 | train=0.0000 | val=0.0000
2026-04-14 03:25:18,512 [INFO] Saved checkpoint (val=0.0000)
2026-04-14 03:25:25,314 [INFO] [Epoch 178] train_loss=0.0000
2026-04-14 03:25:25,708 [INFO] [Epoch 178] val_loss=0.0000
2026-04-14 03:25:25,713 [INFO] Epoch 178 | train=0.0000 | val=0.0000
2026-04-14 03:25:25,744 [INFO] Saved checkpoint (val=0.0000)
2026-04-14 03:25:32,368 [INFO] [Epoch 179] train_loss=0.0000
2026-04-14 03:25:32,754 [INFO] [Epoch 179] val_loss=0.0000
2026-04-14 03:25:32,759 [INFO] Epoch 179 | train=0.0000 | val=0.0000
2026-04-14 03:25:32,776 [INFO] Saved checkpoint (val=0.0000)
2026-04-14 03:25:39,401 [INFO] [Epoch 180] train_loss=0.0000
2026-04-14 03:25:39,793 [INFO] [Epoch 180] val_loss=0.0000
2026-04-14 03:25:39,799 [INFO] Epoch 180 | train=0.0000 | val=0.0000
2026-04-14 03:25:39,830 [INFO] Saved checkpoint (val=0.0000)
2026-04-14 03:25:46,479 [INFO] [Epoch 181] train_loss=0.0000
2026-04-14 03:25:46,863 [INFO] [Epoch 181] val_loss=0.0000
2026-04-14 03:25:46,869 [INFO] Epoch 181 | train=0.0000 | val=0.0000
2026-04-14 03:25:46,899 [INFO] Saved checkpoint (val=0.0000)
2026-04-14 03:25:53,566 [INFO] [Epoch 182] train_loss=0.0000
2026-04-14 03:25:53,960 [INFO] [Epoch 182] val_loss=0.0000
2026-04-14 03:25:53,965 [INFO] Epoch 182 | train=0.0000 | val=0.0000
2026-04-14 03:25:53,997 [INFO] Saved checkpoint (val=0.0000)
2026-04-14 03:26:00,632 [INFO] [Epoch 183] train_loss=0.0000
2026-04-14 03:26:01,025 [INFO] [Epoch 183] val_loss=0.0000
2026-04-14 03:26:01,030 [INFO] Epoch 183 | train=0.0000 | val=0.0000
2026-04-14 03:26:01,062 [INFO] Saved checkpoint (val=0.0000)
2026-04-14 03:26:07,833 [INFO] [Epoch 184] train_loss=0.0000
2026-04-14 03:26:08,223 [INFO] [Epoch 184] val_loss=0.0000
2026-04-14 03:26:08,228 [INFO] Epoch 184 | train=0.0000 | val=0.0000
2026-04-14 03:26:08,260 [INFO] Saved checkpoint (val=0.0000)
2026-04-14 03:26:14,853 [INFO] [Epoch 185] train_loss=0.0000
2026-04-14 03:26:15,243 [INFO] [Epoch 185] val_loss=0.0000
2026-04-14 03:26:15,248 [INFO] Epoch 185 | train=0.0000 | val=0.0000
2026-04-14 03:26:15,280 [INFO] Saved checkpoint (val=0.0000)
2026-04-14 03:26:21,927 [INFO] [Epoch 186] train_loss=0.0000
2026-04-14 03:26:22,317 [INFO] [Epoch 186] val_loss=0.0000
2026-04-14 03:26:22,322 [INFO] Epoch 186 | train=0.0000 | val=0.0000
2026-04-14 03:26:22,354 [INFO] Saved checkpoint (val=0.0000)
2026-04-14 03:26:28,997 [INFO] [Epoch 187] train_loss=0.0000
2026-04-14 03:26:29,386 [INFO] [Epoch 187] val_loss=0.0000
2026-04-14 03:26:29,391 [INFO] Epoch 187 | train=0.0000 | val=0.0000
2026-04-14 03:26:29,422 [INFO] Saved checkpoint (val=0.0000)
2026-04-14 03:26:36,035 [INFO] [Epoch 188] train_loss=0.0000
2026-04-14 03:26:36,425 [INFO] [Epoch 188] val_loss=0.0000
2026-04-14 03:26:36,430 [INFO] Epoch 188 | train=0.0000 | val=0.0000
2026-04-14 03:26:36,462 [INFO] Saved checkpoint (val=0.0000)
2026-04-14 03:26:43,059 [INFO] [Epoch 189] train_loss=0.0000
2026-04-14 03:26:43,459 [INFO] [Epoch 189] val_loss=0.0000
2026-04-14 03:26:43,464 [INFO] Epoch 189 | train=0.0000 | val=0.0000
2026-04-14 03:26:43,481 [INFO] Saved checkpoint (val=0.0000)
2026-04-14 03:26:50,270 [INFO] [Epoch 190] train_loss=0.0000
2026-04-14 03:26:50,653 [INFO] [Epoch 190] val_loss=0.0000
2026-04-14 03:26:50,658 [INFO] Epoch 190 | train=0.0000 | val=0.0000
2026-04-14 03:26:50,692 [INFO] Saved checkpoint (val=0.0000)
2026-04-14 03:26:57,293 [INFO] [Epoch 191] train_loss=0.0000
2026-04-14 03:26:57,692 [INFO] [Epoch 191] val_loss=0.0000
2026-04-14 03:26:57,697 [INFO] Epoch 191 | train=0.0000 | val=0.0000
2026-04-14 03:26:57,715 [INFO] Saved checkpoint (val=0.0000)
2026-04-14 03:27:04,307 [INFO] [Epoch 192] train_loss=0.0000
2026-04-14 03:27:04,695 [INFO] [Epoch 192] val_loss=0.0000
2026-04-14 03:27:04,700 [INFO] Epoch 192 | train=0.0000 | val=0.0000
2026-04-14 03:27:04,732 [INFO] Saved checkpoint (val=0.0000)
2026-04-14 03:27:11,374 [INFO] [Epoch 193] train_loss=0.0000
2026-04-14 03:27:11,766 [INFO] [Epoch 193] val_loss=0.0000
2026-04-14 03:27:11,770 [INFO] Epoch 193 | train=0.0000 | val=0.0000
2026-04-14 03:27:11,802 [INFO] Saved checkpoint (val=0.0000)
2026-04-14 03:27:18,444 [INFO] [Epoch 194] train_loss=0.0000
2026-04-14 03:27:18,829 [INFO] [Epoch 194] val_loss=0.0000
2026-04-14 03:27:18,834 [INFO] Epoch 194 | train=0.0000 | val=0.0000
2026-04-14 03:27:18,867 [INFO] Saved checkpoint (val=0.0000)
2026-04-14 03:27:25,754 [INFO] [Epoch 195] train_loss=0.0000
2026-04-14 03:27:26,144 [INFO] [Epoch 195] val_loss=0.0000
2026-04-14 03:27:26,148 [INFO] Epoch 195 | train=0.0000 | val=0.0000
2026-04-14 03:27:26,179 [INFO] Saved checkpoint (val=0.0000)
2026-04-14 03:27:32,782 [INFO] [Epoch 196] train_loss=0.0000
2026-04-14 03:27:33,176 [INFO] [Epoch 196] val_loss=0.0000
2026-04-14 03:27:33,181 [INFO] Epoch 196 | train=0.0000 | val=0.0000
2026-04-14 03:27:33,199 [INFO] Saved checkpoint (val=0.0000)
2026-04-14 03:27:39,785 [INFO] [Epoch 197] train_loss=0.0000
2026-04-14 03:27:40,179 [INFO] [Epoch 197] val_loss=0.0000
2026-04-14 03:27:40,184 [INFO] Epoch 197 | train=0.0000 | val=0.0000
2026-04-14 03:27:40,215 [INFO] Saved checkpoint (val=0.0000)
2026-04-14 03:27:46,823 [INFO] [Epoch 198] train_loss=0.0000
2026-04-14 03:27:47,208 [INFO] [Epoch 198] val_loss=0.0000
2026-04-14 03:27:47,212 [INFO] Epoch 198 | train=0.0000 | val=0.0000
2026-04-14 03:27:47,243 [INFO] Saved checkpoint (val=0.0000)
2026-04-14 03:27:53,998 [INFO] [Epoch 199] train_loss=0.0000
2026-04-14 03:27:54,390 [INFO] [Epoch 199] val_loss=0.0000
2026-04-14 03:27:54,395 [INFO] Epoch 199 | train=0.0000 | val=0.0000
2026-04-14 03:27:54,413 [INFO] Saved checkpoint (val=0.0000)
2026-04-14 03:28:01,098 [INFO] [Epoch 200] train_loss=0.0000
2026-04-14 03:28:01,485 [INFO] [Epoch 200] val_loss=0.0000
2026-04-14 03:28:01,489 [INFO] Epoch 200 | train=0.0000 | val=0.0000
2026-04-14 03:28:01,520 [INFO] Saved checkpoint (val=0.0000)
2026-04-14 03:28:08,273 [INFO] [Epoch 201] train_loss=0.0000
2026-04-14 03:28:08,664 [INFO] [Epoch 201] val_loss=0.0000
2026-04-14 03:28:08,669 [INFO] Epoch 201 | train=0.0000 | val=0.0000
2026-04-14 03:28:08,701 [INFO] Saved checkpoint (val=0.0000)
2026-04-14 03:28:15,290 [INFO] [Epoch 202] train_loss=0.0000
2026-04-14 03:28:15,670 [INFO] [Epoch 202] val_loss=0.0000
2026-04-14 03:28:15,674 [INFO] Epoch 202 | train=0.0000 | val=0.0000
2026-04-14 03:28:15,706 [INFO] Saved checkpoint (val=0.0000)
2026-04-14 03:28:22,300 [INFO] [Epoch 203] train_loss=0.0000
2026-04-14 03:28:22,691 [INFO] [Epoch 203] val_loss=0.0000
2026-04-14 03:28:22,696 [INFO] Epoch 203 | train=0.0000 | val=0.0000
2026-04-14 03:28:22,713 [INFO] Saved checkpoint (val=0.0000)
2026-04-14 03:28:29,363 [INFO] [Epoch 204] train_loss=0.0000
2026-04-14 03:28:29,746 [INFO] [Epoch 204] val_loss=0.0000
2026-04-14 03:28:29,750 [INFO] Epoch 204 | train=0.0000 | val=0.0000
2026-04-14 03:28:29,781 [INFO] Saved checkpoint (val=0.0000)
2026-04-14 03:28:36,460 [INFO] [Epoch 205] train_loss=0.0000
2026-04-14 03:28:36,851 [INFO] [Epoch 205] val_loss=0.0000
2026-04-14 03:28:36,857 [INFO] Epoch 205 | train=0.0000 | val=0.0000
2026-04-14 03:28:36,887 [INFO] Saved checkpoint (val=0.0000)
2026-04-14 03:28:43,526 [INFO] [Epoch 206] train_loss=0.0000
2026-04-14 03:28:43,921 [INFO] [Epoch 206] val_loss=0.0000
2026-04-14 03:28:43,925 [INFO] Epoch 206 | train=0.0000 | val=0.0000
2026-04-14 03:28:43,944 [INFO] Saved checkpoint (val=0.0000)
2026-04-14 03:28:50,553 [INFO] [Epoch 207] train_loss=0.0000
2026-04-14 03:28:50,940 [INFO] [Epoch 207] val_loss=0.0000
2026-04-14 03:28:50,942 [INFO] Epoch 207 | train=0.0000 | val=0.0000
2026-04-14 03:28:50,964 [INFO] Saved checkpoint (val=0.0000)
2026-04-14 03:28:57,597 [INFO] [Epoch 208] train_loss=0.0000
2026-04-14 03:28:57,992 [INFO] [Epoch 208] val_loss=0.0000
2026-04-14 03:28:57,997 [INFO] Epoch 208 | train=0.0000 | val=0.0000
2026-04-14 03:28:58,027 [INFO] Saved checkpoint (val=0.0000)
2026-04-14 03:29:04,650 [INFO] [Epoch 209] train_loss=0.0000
2026-04-14 03:29:05,040 [INFO] [Epoch 209] val_loss=0.0000
2026-04-14 03:29:05,046 [INFO] Epoch 209 | train=0.0000 | val=0.0000
2026-04-14 03:29:05,078 [INFO] Saved checkpoint (val=0.0000)
2026-04-14 03:29:11,689 [INFO] [Epoch 210] train_loss=0.0000
2026-04-14 03:29:12,081 [INFO] [Epoch 210] val_loss=0.0000
2026-04-14 03:29:12,086 [INFO] Epoch 210 | train=0.0000 | val=0.0000
2026-04-14 03:29:12,117 [INFO] Saved checkpoint (val=0.0000)
2026-04-14 03:29:18,753 [INFO] [Epoch 211] train_loss=0.0000
2026-04-14 03:29:19,140 [INFO] [Epoch 211] val_loss=0.0000
2026-04-14 03:29:19,146 [INFO] Epoch 211 | train=0.0000 | val=0.0000
2026-04-14 03:29:19,163 [INFO] Saved checkpoint (val=0.0000)
2026-04-14 03:29:25,769 [INFO] [Epoch 212] train_loss=0.0000
2026-04-14 03:29:26,152 [INFO] [Epoch 212] val_loss=0.0000
2026-04-14 03:29:26,157 [INFO] Epoch 212 | train=0.0000 | val=0.0000
2026-04-14 03:29:26,187 [INFO] Saved checkpoint (val=0.0000)
2026-04-14 03:29:32,820 [INFO] [Epoch 213] train_loss=0.0000
2026-04-14 03:29:33,215 [INFO] [Epoch 213] val_loss=0.0000
2026-04-14 03:29:33,220 [INFO] Epoch 213 | train=0.0000 | val=0.0000
2026-04-14 03:29:33,253 [INFO] Saved checkpoint (val=0.0000)
2026-04-14 03:29:39,901 [INFO] [Epoch 214] train_loss=0.0000
2026-04-14 03:29:40,285 [INFO] [Epoch 214] val_loss=0.0000
2026-04-14 03:29:40,289 [INFO] Epoch 214 | train=0.0000 | val=0.0000
2026-04-14 03:29:40,321 [INFO] Saved checkpoint (val=0.0000)
2026-04-14 03:29:47,084 [INFO] [Epoch 215] train_loss=0.0000
2026-04-14 03:29:47,471 [INFO] [Epoch 215] val_loss=0.0000
2026-04-14 03:29:47,476 [INFO] Epoch 215 | train=0.0000 | val=0.0000
2026-04-14 03:29:47,508 [INFO] Saved checkpoint (val=0.0000)
2026-04-14 03:29:54,582 [INFO] [Epoch 216] train_loss=0.0000
2026-04-14 03:29:54,976 [INFO] [Epoch 216] val_loss=0.0000
2026-04-14 03:29:54,981 [INFO] Epoch 216 | train=0.0000 | val=0.0000
2026-04-14 03:29:54,999 [INFO] Saved checkpoint (val=0.0000)
2026-04-14 03:30:02,106 [INFO] [Epoch 217] train_loss=0.0000
2026-04-14 03:30:02,497 [INFO] [Epoch 217] val_loss=0.0000
2026-04-14 03:30:02,501 [INFO] Epoch 217 | train=0.0000 | val=0.0000
2026-04-14 03:30:02,533 [INFO] Saved checkpoint (val=0.0000)
2026-04-14 03:30:09,197 [INFO] [Epoch 218] train_loss=0.0000
2026-04-14 03:30:09,591 [INFO] [Epoch 218] val_loss=0.0000
2026-04-14 03:30:09,595 [INFO] Epoch 218 | train=0.0000 | val=0.0000
2026-04-14 03:30:09,626 [INFO] Saved checkpoint (val=0.0000)
2026-04-14 03:30:16,659 [INFO] [Epoch 219] train_loss=0.0000
2026-04-14 03:30:17,051 [INFO] [Epoch 219] val_loss=0.0000
2026-04-14 03:30:17,056 [INFO] Epoch 219 | train=0.0000 | val=0.0000
2026-04-14 03:30:17,087 [INFO] Saved checkpoint (val=0.0000)
2026-04-14 03:30:24,094 [INFO] [Epoch 220] train_loss=0.0000
2026-04-14 03:30:24,475 [INFO] [Epoch 220] val_loss=0.0000
2026-04-14 03:30:24,479 [INFO] Epoch 220 | train=0.0000 | val=0.0000
2026-04-14 03:30:24,495 [INFO] Saved checkpoint (val=0.0000)
2026-04-14 03:30:31,112 [INFO] [Epoch 221] train_loss=0.0000
2026-04-14 03:30:31,491 [INFO] [Epoch 221] val_loss=0.0000
2026-04-14 03:30:31,496 [INFO] Epoch 221 | train=0.0000 | val=0.0000
2026-04-14 03:30:31,528 [INFO] Saved checkpoint (val=0.0000)
2026-04-14 03:30:38,556 [INFO] [Epoch 222] train_loss=0.0000
2026-04-14 03:30:38,950 [INFO] [Epoch 222] val_loss=0.0000
2026-04-14 03:30:38,955 [INFO] Epoch 222 | train=0.0000 | val=0.0000
2026-04-14 03:30:38,971 [INFO] Saved checkpoint (val=0.0000)
2026-04-14 03:30:45,621 [INFO] [Epoch 223] train_loss=0.0000
2026-04-14 03:30:46,010 [INFO] [Epoch 223] val_loss=0.0000
2026-04-14 03:30:46,014 [INFO] Epoch 223 | train=0.0000 | val=0.0000
2026-04-14 03:30:46,045 [INFO] Saved checkpoint (val=0.0000)
2026-04-14 03:30:52,649 [INFO] [Epoch 224] train_loss=0.0000
2026-04-14 03:30:53,036 [INFO] [Epoch 224] val_loss=0.0000
2026-04-14 03:30:53,041 [INFO] Epoch 224 | train=0.0000 | val=0.0000
2026-04-14 03:30:53,058 [INFO] Saved checkpoint (val=0.0000)
2026-04-14 03:30:59,700 [INFO] [Epoch 225] train_loss=0.0000
2026-04-14 03:31:00,093 [INFO] [Epoch 225] val_loss=0.0000
2026-04-14 03:31:00,098 [INFO] Epoch 225 | train=0.0000 | val=0.0000
2026-04-14 03:31:00,115 [INFO] Saved checkpoint (val=0.0000)
2026-04-14 03:31:06,675 [INFO] [Epoch 226] train_loss=0.0000
2026-04-14 03:31:07,059 [INFO] [Epoch 226] val_loss=0.0000
2026-04-14 03:31:07,063 [INFO] Epoch 226 | train=0.0000 | val=0.0000
2026-04-14 03:31:07,094 [INFO] Saved checkpoint (val=0.0000)
2026-04-14 03:31:13,668 [INFO] [Epoch 227] train_loss=0.0000
2026-04-14 03:31:14,051 [INFO] [Epoch 227] val_loss=0.0000
2026-04-14 03:31:14,056 [INFO] Epoch 227 | train=0.0000 | val=0.0000
2026-04-14 03:31:14,088 [INFO] Saved checkpoint (val=0.0000)
2026-04-14 03:31:20,757 [INFO] [Epoch 228] train_loss=0.0000
2026-04-14 03:31:21,149 [INFO] [Epoch 228] val_loss=0.0000
2026-04-14 03:31:21,154 [INFO] Epoch 228 | train=0.0000 | val=0.0000
2026-04-14 03:31:21,184 [INFO] Saved checkpoint (val=0.0000)
2026-04-14 03:31:27,800 [INFO] [Epoch 229] train_loss=0.0000
2026-04-14 03:31:28,191 [INFO] [Epoch 229] val_loss=0.0000
2026-04-14 03:31:28,196 [INFO] Epoch 229 | train=0.0000 | val=0.0000
2026-04-14 03:31:28,226 [INFO] Saved checkpoint (val=0.0000)
2026-04-14 03:31:34,790 [INFO] [Epoch 230] train_loss=0.0000
2026-04-14 03:31:35,171 [INFO] [Epoch 230] val_loss=0.0000
2026-04-14 03:31:35,175 [INFO] Epoch 230 | train=0.0000 | val=0.0000
2026-04-14 03:31:35,194 [INFO] Saved checkpoint (val=0.0000)
2026-04-14 03:31:41,813 [INFO] [Epoch 231] train_loss=0.0000
2026-04-14 03:31:42,193 [INFO] [Epoch 231] val_loss=0.0000
2026-04-14 03:31:42,198 [INFO] Epoch 231 | train=0.0000 | val=0.0000
2026-04-14 03:31:42,230 [INFO] Saved checkpoint (val=0.0000)
2026-04-14 03:31:48,809 [INFO] [Epoch 232] train_loss=0.0000
2026-04-14 03:31:49,198 [INFO] [Epoch 232] val_loss=0.0000
2026-04-14 03:31:49,204 [INFO] Epoch 232 | train=0.0000 | val=0.0000
2026-04-14 03:31:49,220 [INFO] Saved checkpoint (val=0.0000)
2026-04-14 03:31:56,279 [INFO] [Epoch 233] train_loss=0.0000
2026-04-14 03:31:56,674 [INFO] [Epoch 233] val_loss=0.0000
2026-04-14 03:31:56,680 [INFO] Epoch 233 | train=0.0000 | val=0.0000
2026-04-14 03:31:56,713 [INFO] Saved checkpoint (val=0.0000)
2026-04-14 03:32:03,284 [INFO] [Epoch 234] train_loss=0.0000
2026-04-14 03:32:03,677 [INFO] [Epoch 234] val_loss=0.0000
2026-04-14 03:32:03,682 [INFO] Epoch 234 | train=0.0000 | val=0.0000
2026-04-14 03:32:03,713 [INFO] Saved checkpoint (val=0.0000)
2026-04-14 03:32:10,334 [INFO] [Epoch 235] train_loss=0.0000
2026-04-14 03:32:10,725 [INFO] [Epoch 235] val_loss=0.0000
2026-04-14 03:32:10,730 [INFO] Epoch 235 | train=0.0000 | val=0.0000
2026-04-14 03:32:10,762 [INFO] Saved checkpoint (val=0.0000)
2026-04-14 03:32:17,454 [INFO] [Epoch 236] train_loss=0.0000
2026-04-14 03:32:17,849 [INFO] [Epoch 236] val_loss=0.0000
2026-04-14 03:32:17,853 [INFO] Epoch 236 | train=0.0000 | val=0.0000
2026-04-14 03:32:17,885 [INFO] Saved checkpoint (val=0.0000)
2026-04-14 03:32:24,556 [INFO] [Epoch 237] train_loss=0.0000
2026-04-14 03:32:24,943 [INFO] [Epoch 237] val_loss=0.0000
2026-04-14 03:32:24,948 [INFO] Epoch 237 | train=0.0000 | val=0.0000
2026-04-14 03:32:24,966 [INFO] Saved checkpoint (val=0.0000)
2026-04-14 03:32:31,832 [INFO] [Epoch 238] train_loss=0.0000
2026-04-14 03:32:32,216 [INFO] [Epoch 238] val_loss=0.0000
2026-04-14 03:32:32,221 [INFO] Epoch 238 | train=0.0000 | val=0.0000
2026-04-14 03:32:32,254 [INFO] Saved checkpoint (val=0.0000)
2026-04-14 03:32:38,842 [INFO] [Epoch 239] train_loss=0.0000
2026-04-14 03:32:39,223 [INFO] [Epoch 239] val_loss=0.0000
2026-04-14 03:32:39,228 [INFO] Epoch 239 | train=0.0000 | val=0.0000
2026-04-14 03:32:39,244 [INFO] Saved checkpoint (val=0.0000)
2026-04-14 03:32:45,864 [INFO] [Epoch 240] train_loss=0.0000
2026-04-14 03:32:46,259 [INFO] [Epoch 240] val_loss=0.0000
2026-04-14 03:32:46,264 [INFO] Epoch 240 | train=0.0000 | val=0.0000
2026-04-14 03:32:46,296 [INFO] Saved checkpoint (val=0.0000)
2026-04-14 03:32:52,903 [INFO] [Epoch 241] train_loss=0.0000
2026-04-14 03:32:53,284 [INFO] [Epoch 241] val_loss=0.0000
2026-04-14 03:32:53,288 [INFO] Epoch 241 | train=0.0000 | val=0.0000
2026-04-14 03:32:53,313 [INFO] Saved checkpoint (val=0.0000)
2026-04-14 03:32:59,932 [INFO] [Epoch 242] train_loss=0.0000
2026-04-14 03:33:00,324 [INFO] [Epoch 242] val_loss=0.0000
2026-04-14 03:33:00,328 [INFO] Epoch 242 | train=0.0000 | val=0.0000
2026-04-14 03:33:00,345 [INFO] Saved checkpoint (val=0.0000)
2026-04-14 03:33:06,965 [INFO] [Epoch 243] train_loss=0.0000
2026-04-14 03:33:07,352 [INFO] [Epoch 243] val_loss=0.0000
2026-04-14 03:33:07,357 [INFO] Epoch 243 | train=0.0000 | val=0.0000
2026-04-14 03:33:07,389 [INFO] Saved checkpoint (val=0.0000)
2026-04-14 03:33:14,004 [INFO] [Epoch 244] train_loss=0.0000
2026-04-14 03:33:14,399 [INFO] [Epoch 244] val_loss=0.0000
2026-04-14 03:33:14,404 [INFO] Epoch 244 | train=0.0000 | val=0.0000
2026-04-14 03:33:14,437 [INFO] Saved checkpoint (val=0.0000)
2026-04-14 03:33:21,033 [INFO] [Epoch 245] train_loss=0.0000
2026-04-14 03:33:21,425 [INFO] [Epoch 245] val_loss=0.0000
2026-04-14 03:33:21,430 [INFO] Epoch 245 | train=0.0000 | val=0.0000
2026-04-14 03:33:21,460 [INFO] Saved checkpoint (val=0.0000)
2026-04-14 03:33:28,137 [INFO] [Epoch 246] train_loss=0.0000
2026-04-14 03:33:28,513 [INFO] [Epoch 246] val_loss=0.0000
2026-04-14 03:33:28,518 [INFO] Epoch 246 | train=0.0000 | val=0.0000
2026-04-14 03:33:28,549 [INFO] Saved checkpoint (val=0.0000)
2026-04-14 03:33:35,378 [INFO] [Epoch 247] train_loss=0.0000
2026-04-14 03:33:35,773 [INFO] [Epoch 247] val_loss=0.0000
2026-04-14 03:33:35,778 [INFO] Epoch 247 | train=0.0000 | val=0.0000
2026-04-14 03:33:35,795 [INFO] Saved checkpoint (val=0.0000)
2026-04-14 03:33:42,443 [INFO] [Epoch 248] train_loss=0.0000
2026-04-14 03:33:42,834 [INFO] [Epoch 248] val_loss=0.0000
2026-04-14 03:33:42,839 [INFO] Epoch 248 | train=0.0000 | val=0.0000
2026-04-14 03:33:42,872 [INFO] Saved checkpoint (val=0.0000)
2026-04-14 03:33:49,485 [INFO] [Epoch 249] train_loss=0.0000
2026-04-14 03:33:49,877 [INFO] [Epoch 249] val_loss=0.0000
2026-04-14 03:33:49,882 [INFO] Epoch 249 | train=0.0000 | val=0.0000
2026-04-14 03:33:49,913 [INFO] Saved checkpoint (val=0.0000)
2026-04-14 03:33:56,737 [INFO] [Epoch 250] train_loss=0.0000
2026-04-14 03:33:57,129 [INFO] [Epoch 250] val_loss=0.0000
2026-04-14 03:33:57,134 [INFO] Epoch 250 | train=0.0000 | val=0.0000
2026-04-14 03:33:57,164 [INFO] Saved checkpoint (val=0.0000)
2026-04-14 03:34:03,788 [INFO] [Epoch 251] train_loss=0.0000
2026-04-14 03:34:04,175 [INFO] [Epoch 251] val_loss=0.0000
2026-04-14 03:34:04,180 [INFO] Epoch 251 | train=0.0000 | val=0.0000
2026-04-14 03:34:04,212 [INFO] Saved checkpoint (val=0.0000)
2026-04-14 03:34:10,817 [INFO] [Epoch 252] train_loss=0.0000
2026-04-14 03:34:11,206 [INFO] [Epoch 252] val_loss=0.0000
2026-04-14 03:34:11,211 [INFO] Epoch 252 | train=0.0000 | val=0.0000
2026-04-14 03:34:11,228 [INFO] Saved checkpoint (val=0.0000)
2026-04-14 03:34:17,845 [INFO] [Epoch 253] train_loss=0.0000
2026-04-14 03:34:18,236 [INFO] [Epoch 253] val_loss=0.0000
2026-04-14 03:34:18,241 [INFO] Epoch 253 | train=0.0000 | val=0.0000
2026-04-14 03:34:18,273 [INFO] Saved checkpoint (val=0.0000)
2026-04-14 03:34:24,889 [INFO] [Epoch 254] train_loss=0.0000
2026-04-14 03:34:25,281 [INFO] [Epoch 254] val_loss=0.0000
2026-04-14 03:34:25,286 [INFO] Epoch 254 | train=0.0000 | val=0.0000
2026-04-14 03:34:25,316 [INFO] Saved checkpoint (val=0.0000)
2026-04-14 03:34:31,932 [INFO] [Epoch 255] train_loss=0.0000
2026-04-14 03:34:32,325 [INFO] [Epoch 255] val_loss=0.0000
2026-04-14 03:34:32,330 [INFO] Epoch 255 | train=0.0000 | val=0.0000
2026-04-14 03:34:32,361 [INFO] Saved checkpoint (val=0.0000)
2026-04-14 03:34:39,323 [INFO] [Epoch 256] train_loss=0.0000
2026-04-14 03:34:39,706 [INFO] [Epoch 256] val_loss=0.0000
2026-04-14 03:34:39,710 [INFO] Epoch 256 | train=0.0000 | val=0.0000
2026-04-14 03:34:39,741 [INFO] Saved checkpoint (val=0.0000)
2026-04-14 03:34:46,361 [INFO] [Epoch 257] train_loss=0.0000
2026-04-14 03:34:46,747 [INFO] [Epoch 257] val_loss=0.0000
2026-04-14 03:34:46,752 [INFO] Epoch 257 | train=0.0000 | val=0.0000
2026-04-14 03:34:46,769 [INFO] Saved checkpoint (val=0.0000)
2026-04-14 03:34:53,354 [INFO] [Epoch 258] train_loss=0.0000
2026-04-14 03:34:53,750 [INFO] [Epoch 258] val_loss=0.0000
2026-04-14 03:34:53,755 [INFO] Epoch 258 | train=0.0000 | val=0.0000
2026-04-14 03:34:53,786 [INFO] Saved checkpoint (val=0.0000)
2026-04-14 03:35:00,389 [INFO] [Epoch 259] train_loss=0.0000
2026-04-14 03:35:00,779 [INFO] [Epoch 259] val_loss=0.0000
2026-04-14 03:35:00,784 [INFO] Epoch 259 | train=0.0000 | val=0.0000
2026-04-14 03:35:00,801 [INFO] Saved checkpoint (val=0.0000)
2026-04-14 03:35:07,387 [INFO] [Epoch 260] train_loss=0.0000
2026-04-14 03:35:07,779 [INFO] [Epoch 260] val_loss=0.0000
2026-04-14 03:35:07,784 [INFO] Epoch 260 | train=0.0000 | val=0.0000
2026-04-14 03:35:07,814 [INFO] Saved checkpoint (val=0.0000)
2026-04-14 03:35:14,458 [INFO] [Epoch 261] train_loss=0.0000
2026-04-14 03:35:14,850 [INFO] [Epoch 261] val_loss=0.0000
2026-04-14 03:35:14,855 [INFO] Epoch 261 | train=0.0000 | val=0.0000
2026-04-14 03:35:14,872 [INFO] Saved checkpoint (val=0.0000)
2026-04-14 03:35:21,471 [INFO] [Epoch 262] train_loss=0.0000
2026-04-14 03:35:21,864 [INFO] [Epoch 262] val_loss=0.0000
2026-04-14 03:35:21,869 [INFO] Epoch 262 | train=0.0000 | val=0.0000
2026-04-14 03:35:21,899 [INFO] Saved checkpoint (val=0.0000)
2026-04-14 03:35:28,777 [INFO] [Epoch 263] train_loss=0.0000
2026-04-14 03:35:29,170 [INFO] [Epoch 263] val_loss=0.0000
2026-04-14 03:35:29,175 [INFO] Epoch 263 | train=0.0000 | val=0.0000
2026-04-14 03:35:29,207 [INFO] Saved checkpoint (val=0.0000)
2026-04-14 03:35:35,809 [INFO] [Epoch 264] train_loss=0.0000
2026-04-14 03:35:36,196 [INFO] [Epoch 264] val_loss=0.0000
2026-04-14 03:35:36,200 [INFO] Epoch 264 | train=0.0000 | val=0.0000
2026-04-14 03:35:36,219 [INFO] Saved checkpoint (val=0.0000)
2026-04-14 03:35:42,841 [INFO] [Epoch 265] train_loss=0.0000
2026-04-14 03:35:43,232 [INFO] [Epoch 265] val_loss=0.0000
2026-04-14 03:35:43,237 [INFO] Epoch 265 | train=0.0000 | val=0.0000
2026-04-14 03:35:43,268 [INFO] Saved checkpoint (val=0.0000)
2026-04-14 03:35:49,879 [INFO] [Epoch 266] train_loss=0.0000
2026-04-14 03:35:50,268 [INFO] [Epoch 266] val_loss=0.0000
2026-04-14 03:35:50,273 [INFO] Epoch 266 | train=0.0000 | val=0.0000
2026-04-14 03:35:50,304 [INFO] Saved checkpoint (val=0.0000)
2026-04-14 03:35:56,952 [INFO] [Epoch 267] train_loss=0.0000
2026-04-14 03:35:57,346 [INFO] [Epoch 267] val_loss=0.0000
2026-04-14 03:35:57,351 [INFO] Epoch 267 | train=0.0000 | val=0.0000
2026-04-14 03:35:57,383 [INFO] Saved checkpoint (val=0.0000)
2026-04-14 03:36:04,044 [INFO] [Epoch 268] train_loss=0.0000
2026-04-14 03:36:04,434 [INFO] [Epoch 268] val_loss=0.0000
2026-04-14 03:36:04,439 [INFO] Epoch 268 | train=0.0000 | val=0.0000
2026-04-14 03:36:04,471 [INFO] Saved checkpoint (val=0.0000)
2026-04-14 03:36:11,105 [INFO] [Epoch 269] train_loss=0.0000
2026-04-14 03:36:11,497 [INFO] [Epoch 269] val_loss=0.0000
2026-04-14 03:36:11,502 [INFO] Epoch 269 | train=0.0000 | val=0.0000
2026-04-14 03:36:11,533 [INFO] Saved checkpoint (val=0.0000)
2026-04-14 03:36:18,154 [INFO] [Epoch 270] train_loss=0.0000
2026-04-14 03:36:18,543 [INFO] [Epoch 270] val_loss=0.0000
2026-04-14 03:36:18,548 [INFO] Epoch 270 | train=0.0000 | val=0.0000
2026-04-14 03:36:18,580 [INFO] Saved checkpoint (val=0.0000)
2026-04-14 03:36:25,161 [INFO] [Epoch 271] train_loss=0.0000
2026-04-14 03:36:25,551 [INFO] [Epoch 271] val_loss=0.0000
2026-04-14 03:36:25,556 [INFO] Epoch 271 | train=0.0000 | val=0.0000
2026-04-14 03:36:25,586 [INFO] Saved checkpoint (val=0.0000)
2026-04-14 03:36:32,141 [INFO] [Epoch 272] train_loss=0.0000
2026-04-14 03:36:32,536 [INFO] [Epoch 272] val_loss=0.0000
2026-04-14 03:36:32,541 [INFO] Epoch 272 | train=0.0000 | val=0.0000
2026-04-14 03:36:32,573 [INFO] Saved checkpoint (val=0.0000)
2026-04-14 03:36:39,320 [INFO] [Epoch 273] train_loss=0.0000
2026-04-14 03:36:39,702 [INFO] [Epoch 273] val_loss=0.0000
2026-04-14 03:36:39,706 [INFO] Epoch 273 | train=0.0000 | val=0.0000
2026-04-14 03:36:39,738 [INFO] Saved checkpoint (val=0.0000)
2026-04-14 03:36:46,372 [INFO] [Epoch 274] train_loss=0.0000
2026-04-14 03:36:46,759 [INFO] [Epoch 274] val_loss=0.0000
2026-04-14 03:36:46,763 [INFO] Epoch 274 | train=0.0000 | val=0.0000
2026-04-14 03:36:46,780 [INFO] Saved checkpoint (val=0.0000)
2026-04-14 03:36:53,412 [INFO] [Epoch 275] train_loss=0.0000
2026-04-14 03:36:53,799 [INFO] [Epoch 275] val_loss=0.0000
2026-04-14 03:36:53,804 [INFO] Epoch 275 | train=0.0000 | val=0.0000
2026-04-14 03:36:53,836 [INFO] Saved checkpoint (val=0.0000)
2026-04-14 03:37:00,420 [INFO] [Epoch 276] train_loss=0.0000
2026-04-14 03:37:00,802 [INFO] [Epoch 276] val_loss=0.0000
2026-04-14 03:37:00,806 [INFO] Epoch 276 | train=0.0000 | val=0.0000
2026-04-14 03:37:00,823 [INFO] Saved checkpoint (val=0.0000)
2026-04-14 03:37:07,565 [INFO] [Epoch 277] train_loss=0.0000
2026-04-14 03:37:07,958 [INFO] [Epoch 277] val_loss=0.0000
2026-04-14 03:37:07,963 [INFO] Epoch 277 | train=0.0000 | val=0.0000
2026-04-14 03:37:07,981 [INFO] Saved checkpoint (val=0.0000)
2026-04-14 03:37:14,673 [INFO] [Epoch 278] train_loss=0.0000
2026-04-14 03:37:15,056 [INFO] [Epoch 278] val_loss=0.0000
2026-04-14 03:37:15,060 [INFO] Epoch 278 | train=0.0000 | val=0.0000
2026-04-14 03:37:15,092 [INFO] Saved checkpoint (val=0.0000)
2026-04-14 03:37:21,686 [INFO] [Epoch 279] train_loss=0.0000
2026-04-14 03:37:22,078 [INFO] [Epoch 279] val_loss=0.0000
2026-04-14 03:37:22,083 [INFO] Epoch 279 | train=0.0000 | val=0.0000
2026-04-14 03:37:22,113 [INFO] Saved checkpoint (val=0.0000)
2026-04-14 03:37:28,693 [INFO] [Epoch 280] train_loss=0.0000
2026-04-14 03:37:29,084 [INFO] [Epoch 280] val_loss=0.0000
2026-04-14 03:37:29,089 [INFO] Epoch 280 | train=0.0000 | val=0.0000
2026-04-14 03:37:29,119 [INFO] Saved checkpoint (val=0.0000)
2026-04-14 03:37:35,734 [INFO] [Epoch 281] train_loss=0.0000
2026-04-14 03:37:36,125 [INFO] [Epoch 281] val_loss=0.0000
2026-04-14 03:37:36,130 [INFO] Epoch 281 | train=0.0000 | val=0.0000
2026-04-14 03:37:36,147 [INFO] Saved checkpoint (val=0.0000)
2026-04-14 03:37:42,733 [INFO] [Epoch 282] train_loss=0.0000
2026-04-14 03:37:43,126 [INFO] [Epoch 282] val_loss=0.0000
2026-04-14 03:37:43,131 [INFO] Epoch 282 | train=0.0000 | val=0.0000
2026-04-14 03:37:43,164 [INFO] Saved checkpoint (val=0.0000)
2026-04-14 03:37:50,204 [INFO] [Epoch 283] train_loss=0.0000
2026-04-14 03:37:50,595 [INFO] [Epoch 283] val_loss=0.0000
2026-04-14 03:37:50,600 [INFO] Epoch 283 | train=0.0000 | val=0.0000
2026-04-14 03:37:50,618 [INFO] Saved checkpoint (val=0.0000)
2026-04-14 03:37:57,207 [INFO] [Epoch 284] train_loss=0.0000
2026-04-14 03:37:57,601 [INFO] [Epoch 284] val_loss=0.0000
2026-04-14 03:37:57,606 [INFO] Epoch 284 | train=0.0000 | val=0.0000
2026-04-14 03:37:57,638 [INFO] Saved checkpoint (val=0.0000)
2026-04-14 03:38:04,255 [INFO] [Epoch 285] train_loss=0.0000
2026-04-14 03:38:04,648 [INFO] [Epoch 285] val_loss=0.0000
2026-04-14 03:38:04,652 [INFO] Epoch 285 | train=0.0000 | val=0.0000
2026-04-14 03:38:04,684 [INFO] Saved checkpoint (val=0.0000)
2026-04-14 03:38:11,339 [INFO] [Epoch 286] train_loss=0.0000
2026-04-14 03:38:11,725 [INFO] [Epoch 286] val_loss=0.0000
2026-04-14 03:38:11,730 [INFO] Epoch 286 | train=0.0000 | val=0.0000
2026-04-14 03:38:11,763 [INFO] Saved checkpoint (val=0.0000)
2026-04-14 03:38:18,417 [INFO] [Epoch 287] train_loss=0.0000
2026-04-14 03:38:18,808 [INFO] [Epoch 287] val_loss=0.0000
2026-04-14 03:38:18,813 [INFO] Epoch 287 | train=0.0000 | val=0.0000
2026-04-14 03:38:18,846 [INFO] Saved checkpoint (val=0.0000)
2026-04-14 03:38:25,440 [INFO] [Epoch 288] train_loss=0.0000
2026-04-14 03:38:25,831 [INFO] [Epoch 288] val_loss=0.0000
2026-04-14 03:38:25,836 [INFO] Epoch 288 | train=0.0000 | val=0.0000
2026-04-14 03:38:25,854 [INFO] Saved checkpoint (val=0.0000)
2026-04-14 03:38:32,525 [INFO] [Epoch 289] train_loss=0.0000
2026-04-14 03:38:32,914 [INFO] [Epoch 289] val_loss=0.0000
2026-04-14 03:38:32,918 [INFO] Epoch 289 | train=0.0000 | val=0.0000
2026-04-14 03:38:32,950 [INFO] Saved checkpoint (val=0.0000)
2026-04-14 03:38:39,559 [INFO] [Epoch 290] train_loss=0.0000
2026-04-14 03:38:39,949 [INFO] [Epoch 290] val_loss=0.0000
2026-04-14 03:38:39,953 [INFO] Epoch 290 | train=0.0000 | val=0.0000
2026-04-14 03:38:39,983 [INFO] Saved checkpoint (val=0.0000)
2026-04-14 03:38:46,606 [INFO] [Epoch 291] train_loss=0.0000
2026-04-14 03:38:47,004 [INFO] [Epoch 291] val_loss=0.0000
2026-04-14 03:38:47,009 [INFO] Epoch 291 | train=0.0000 | val=0.0000
2026-04-14 03:38:47,027 [INFO] Saved checkpoint (val=0.0000)
2026-04-14 03:38:53,662 [INFO] [Epoch 292] train_loss=0.0000
2026-04-14 03:38:54,057 [INFO] [Epoch 292] val_loss=0.0000
2026-04-14 03:38:54,062 [INFO] Epoch 292 | train=0.0000 | val=0.0000
2026-04-14 03:38:54,094 [INFO] Saved checkpoint (val=0.0000)
2026-04-14 03:39:00,887 [INFO] [Epoch 293] train_loss=0.0000
2026-04-14 03:39:01,278 [INFO] [Epoch 293] val_loss=0.0000
2026-04-14 03:39:01,283 [INFO] Epoch 293 | train=0.0000 | val=0.0000
2026-04-14 03:39:01,315 [INFO] Saved checkpoint (val=0.0000)
2026-04-14 03:39:07,900 [INFO] [Epoch 294] train_loss=0.0000
2026-04-14 03:39:08,299 [INFO] [Epoch 294] val_loss=0.0000
2026-04-14 03:39:08,304 [INFO] Epoch 294 | train=0.0000 | val=0.0000
2026-04-14 03:39:08,335 [INFO] Saved checkpoint (val=0.0000)
2026-04-14 03:39:14,968 [INFO] [Epoch 295] train_loss=0.0000
2026-04-14 03:39:15,349 [INFO] [Epoch 295] val_loss=0.0000
2026-04-14 03:39:15,353 [INFO] Epoch 295 | train=0.0000 | val=0.0000
2026-04-14 03:39:15,385 [INFO] Saved checkpoint (val=0.0000)
2026-04-14 03:39:22,226 [INFO] [Epoch 296] train_loss=0.0000
2026-04-14 03:39:22,621 [INFO] [Epoch 296] val_loss=0.0000
2026-04-14 03:39:22,625 [INFO] Epoch 296 | train=0.0000 | val=0.0000
2026-04-14 03:39:22,657 [INFO] Saved checkpoint (val=0.0000)
2026-04-14 03:39:29,295 [INFO] [Epoch 297] train_loss=0.0000
2026-04-14 03:39:29,676 [INFO] [Epoch 297] val_loss=0.0000
2026-04-14 03:39:29,682 [INFO] Epoch 297 | train=0.0000 | val=0.0000
2026-04-14 03:39:29,716 [INFO] Saved checkpoint (val=0.0000)
2026-04-14 03:39:36,385 [INFO] [Epoch 298] train_loss=0.0000
2026-04-14 03:39:36,776 [INFO] [Epoch 298] val_loss=0.0000
2026-04-14 03:39:36,781 [INFO] Epoch 298 | train=0.0000 | val=0.0000
2026-04-14 03:39:36,798 [INFO] Saved checkpoint (val=0.0000)
2026-04-14 03:39:43,432 [INFO] [Epoch 299] train_loss=0.0000
2026-04-14 03:39:43,814 [INFO] [Epoch 299] val_loss=0.0000
2026-04-14 03:39:43,818 [INFO] Epoch 299 | train=0.0000 | val=0.0000
2026-04-14 03:39:43,850 [INFO] Saved checkpoint (val=0.0000)
2026-04-14 03:39:50,445 [INFO] [Epoch 300] train_loss=0.0000
2026-04-14 03:39:50,836 [INFO] [Epoch 300] val_loss=0.0000
2026-04-14 03:39:50,841 [INFO] Epoch 300 | train=0.0000 | val=0.0000
2026-04-14 03:39:50,872 [INFO] Saved checkpoint (val=0.0000)
2026-04-14 03:39:57,871 [INFO] [Epoch 301] train_loss=0.0000
2026-04-14 03:39:58,263 [INFO] [Epoch 301] val_loss=0.0000
2026-04-14 03:39:58,268 [INFO] Epoch 301 | train=0.0000 | val=0.0000
2026-04-14 03:39:58,300 [INFO] Saved checkpoint (val=0.0000)
2026-04-14 03:40:04,888 [INFO] [Epoch 302] train_loss=0.0000
2026-04-14 03:40:05,280 [INFO] [Epoch 302] val_loss=0.0000
2026-04-14 03:40:05,284 [INFO] Epoch 302 | train=0.0000 | val=0.0000
2026-04-14 03:40:05,316 [INFO] Saved checkpoint (val=0.0000)
2026-04-14 03:40:11,948 [INFO] [Epoch 303] train_loss=0.0000
2026-04-14 03:40:12,339 [INFO] [Epoch 303] val_loss=0.0000
2026-04-14 03:40:12,343 [INFO] Epoch 303 | train=0.0000 | val=0.0000
2026-04-14 03:40:12,374 [INFO] Saved checkpoint (val=0.0000)
2026-04-14 03:40:18,993 [INFO] [Epoch 304] train_loss=0.0000
2026-04-14 03:40:19,384 [INFO] [Epoch 304] val_loss=0.0000
2026-04-14 03:40:19,389 [INFO] Epoch 304 | train=0.0000 | val=0.0000
2026-04-14 03:40:19,421 [INFO] Saved checkpoint (val=0.0000)
2026-04-14 03:40:26,021 [INFO] [Epoch 305] train_loss=0.0000
2026-04-14 03:40:26,411 [INFO] [Epoch 305] val_loss=0.0000
2026-04-14 03:40:26,416 [INFO] Epoch 305 | train=0.0000 | val=0.0000
2026-04-14 03:40:26,447 [INFO] Saved checkpoint (val=0.0000)
2026-04-14 03:40:33,063 [INFO] [Epoch 306] train_loss=0.0000
2026-04-14 03:40:33,451 [INFO] [Epoch 306] val_loss=0.0000
2026-04-14 03:40:33,457 [INFO] Epoch 306 | train=0.0000 | val=0.0000
2026-04-14 03:40:33,487 [INFO] Saved checkpoint (val=0.0000)
2026-04-14 03:40:40,191 [INFO] [Epoch 307] train_loss=0.0000
2026-04-14 03:40:40,585 [INFO] [Epoch 307] val_loss=0.0000
2026-04-14 03:40:40,590 [INFO] Epoch 307 | train=0.0000 | val=0.0000
2026-04-14 03:40:40,623 [INFO] Saved checkpoint (val=0.0000)
2026-04-14 03:40:47,240 [INFO] [Epoch 308] train_loss=0.0000
2026-04-14 03:40:47,634 [INFO] [Epoch 308] val_loss=0.0000
2026-04-14 03:40:47,639 [INFO] Epoch 308 | train=0.0000 | val=0.0000
2026-04-14 03:40:47,656 [INFO] Saved checkpoint (val=0.0000)
2026-04-14 03:40:54,251 [INFO] [Epoch 309] train_loss=0.0000
2026-04-14 03:40:54,640 [INFO] [Epoch 309] val_loss=0.0000
2026-04-14 03:40:54,645 [INFO] Epoch 309 | train=0.0000 | val=0.0000
2026-04-14 03:40:54,676 [INFO] Saved checkpoint (val=0.0000)
2026-04-14 03:41:01,307 [INFO] [Epoch 310] train_loss=0.0000
2026-04-14 03:41:01,698 [INFO] [Epoch 310] val_loss=0.0000
2026-04-14 03:41:01,703 [INFO] Epoch 310 | train=0.0000 | val=0.0000
2026-04-14 03:41:01,735 [INFO] Saved checkpoint (val=0.0000)
2026-04-14 03:41:08,364 [INFO] [Epoch 311] train_loss=0.0000
2026-04-14 03:41:08,761 [INFO] [Epoch 311] val_loss=0.0000
2026-04-14 03:41:08,766 [INFO] Epoch 311 | train=0.0000 | val=0.0000
2026-04-14 03:41:08,797 [INFO] Saved checkpoint (val=0.0000)
2026-04-14 03:41:15,424 [INFO] [Epoch 312] train_loss=0.0000
2026-04-14 03:41:15,825 [INFO] [Epoch 312] val_loss=0.0000
2026-04-14 03:41:15,830 [INFO] Epoch 312 | train=0.0000 | val=0.0000
2026-04-14 03:41:15,862 [INFO] Saved checkpoint (val=0.0000)
2026-04-14 03:41:22,530 [INFO] [Epoch 313] train_loss=0.0000
2026-04-14 03:41:22,922 [INFO] [Epoch 313] val_loss=0.0000
2026-04-14 03:41:22,927 [INFO] Epoch 313 | train=0.0000 | val=0.0000
2026-04-14 03:41:22,945 [INFO] Saved checkpoint (val=0.0000)
2026-04-14 03:41:29,569 [INFO] [Epoch 314] train_loss=0.0000
2026-04-14 03:41:29,961 [INFO] [Epoch 314] val_loss=0.0000
2026-04-14 03:41:29,966 [INFO] Epoch 314 | train=0.0000 | val=0.0000
2026-04-14 03:41:29,997 [INFO] Saved checkpoint (val=0.0000)
2026-04-14 03:41:36,656 [INFO] [Epoch 315] train_loss=0.0000
2026-04-14 03:41:37,050 [INFO] [Epoch 315] val_loss=0.0000
2026-04-14 03:41:37,055 [INFO] Epoch 315 | train=0.0000 | val=0.0000
2026-04-14 03:41:37,086 [INFO] Saved checkpoint (val=0.0000)
2026-04-14 03:41:43,764 [INFO] [Epoch 316] train_loss=0.0000
2026-04-14 03:41:44,153 [INFO] [Epoch 316] val_loss=0.0000
2026-04-14 03:41:44,158 [INFO] Epoch 316 | train=0.0000 | val=0.0000
2026-04-14 03:41:44,176 [INFO] Saved checkpoint (val=0.0000)
2026-04-14 03:41:50,791 [INFO] [Epoch 317] train_loss=0.0000
2026-04-14 03:41:51,186 [INFO] [Epoch 317] val_loss=0.0000
2026-04-14 03:41:51,190 [INFO] Epoch 317 | train=0.0000 | val=0.0000
2026-04-14 03:41:51,221 [INFO] Saved checkpoint (val=0.0000)
2026-04-14 03:41:57,886 [INFO] [Epoch 318] train_loss=0.0000
2026-04-14 03:41:58,276 [INFO] [Epoch 318] val_loss=0.0000
2026-04-14 03:41:58,281 [INFO] Epoch 318 | train=0.0000 | val=0.0000
2026-04-14 03:41:58,313 [INFO] Saved checkpoint (val=0.0000)
2026-04-14 03:42:05,185 [INFO] [Epoch 319] train_loss=0.0000
2026-04-14 03:42:05,569 [INFO] [Epoch 319] val_loss=0.0000
2026-04-14 03:42:05,574 [INFO] Epoch 319 | train=0.0000 | val=0.0000
2026-04-14 03:42:05,606 [INFO] Saved checkpoint (val=0.0000)
2026-04-14 03:42:12,389 [INFO] [Epoch 320] train_loss=0.0000
2026-04-14 03:42:12,780 [INFO] [Epoch 320] val_loss=0.0000
2026-04-14 03:42:12,784 [INFO] Epoch 320 | train=0.0000 | val=0.0000
2026-04-14 03:42:12,816 [INFO] Saved checkpoint (val=0.0000)
2026-04-14 03:42:19,606 [INFO] [Epoch 321] train_loss=0.0000
2026-04-14 03:42:19,990 [INFO] [Epoch 321] val_loss=0.0000
2026-04-14 03:42:19,995 [INFO] Epoch 321 | train=0.0000 | val=0.0000
2026-04-14 03:42:20,027 [INFO] Saved checkpoint (val=0.0000)
2026-04-14 03:42:26,626 [INFO] [Epoch 322] train_loss=0.0000
2026-04-14 03:42:27,012 [INFO] [Epoch 322] val_loss=0.0000
2026-04-14 03:42:27,016 [INFO] Epoch 322 | train=0.0000 | val=0.0000
2026-04-14 03:42:27,047 [INFO] Saved checkpoint (val=0.0000)
2026-04-14 03:42:33,878 [INFO] [Epoch 323] train_loss=0.0000
2026-04-14 03:42:34,270 [INFO] [Epoch 323] val_loss=0.0000
2026-04-14 03:42:34,275 [INFO] Epoch 323 | train=0.0000 | val=0.0000
2026-04-14 03:42:34,292 [INFO] Saved checkpoint (val=0.0000)
2026-04-14 03:42:40,926 [INFO] [Epoch 324] train_loss=0.0000
2026-04-14 03:42:41,317 [INFO] [Epoch 324] val_loss=0.0000
2026-04-14 03:42:41,321 [INFO] Epoch 324 | train=0.0000 | val=0.0000
2026-04-14 03:42:41,352 [INFO] Saved checkpoint (val=0.0000)
2026-04-14 03:42:48,023 [INFO] [Epoch 325] train_loss=0.0000
2026-04-14 03:42:48,415 [INFO] [Epoch 325] val_loss=0.0000
2026-04-14 03:42:48,419 [INFO] Epoch 325 | train=0.0000 | val=0.0000
2026-04-14 03:42:48,450 [INFO] Saved checkpoint (val=0.0000)
2026-04-14 03:42:55,066 [INFO] [Epoch 326] train_loss=0.0000
2026-04-14 03:42:55,481 [INFO] [Epoch 326] val_loss=0.0000
2026-04-14 03:42:55,487 [INFO] Epoch 326 | train=0.0000 | val=0.0000
2026-04-14 03:42:55,518 [INFO] Saved checkpoint (val=0.0000)
2026-04-14 03:43:02,256 [INFO] [Epoch 327] train_loss=0.0000
2026-04-14 03:43:02,644 [INFO] [Epoch 327] val_loss=0.0000
2026-04-14 03:43:02,648 [INFO] Epoch 327 | train=0.0000 | val=0.0000
2026-04-14 03:43:02,680 [INFO] Saved checkpoint (val=0.0000)
2026-04-14 03:43:09,283 [INFO] [Epoch 328] train_loss=0.0000
2026-04-14 03:43:09,675 [INFO] [Epoch 328] val_loss=0.0000
2026-04-14 03:43:09,679 [INFO] Epoch 328 | train=0.0000 | val=0.0000
2026-04-14 03:43:09,712 [INFO] Saved checkpoint (val=0.0000)
2026-04-14 03:43:16,587 [INFO] [Epoch 329] train_loss=0.0000
2026-04-14 03:43:16,978 [INFO] [Epoch 329] val_loss=0.0000
2026-04-14 03:43:16,982 [INFO] Epoch 329 | train=0.0000 | val=0.0000
2026-04-14 03:43:17,014 [INFO] Saved checkpoint (val=0.0000)
2026-04-14 03:43:23,621 [INFO] [Epoch 330] train_loss=0.0000
2026-04-14 03:43:24,013 [INFO] [Epoch 330] val_loss=0.0000
2026-04-14 03:43:24,018 [INFO] Epoch 330 | train=0.0000 | val=0.0000
2026-04-14 03:43:24,036 [INFO] Saved checkpoint (val=0.0000)
2026-04-14 03:43:30,628 [INFO] [Epoch 331] train_loss=0.0000
2026-04-14 03:43:31,023 [INFO] [Epoch 331] val_loss=0.0000
2026-04-14 03:43:31,028 [INFO] Epoch 331 | train=0.0000 | val=0.0000
2026-04-14 03:43:31,060 [INFO] Saved checkpoint (val=0.0000)
2026-04-14 03:43:37,665 [INFO] [Epoch 332] train_loss=0.0000
2026-04-14 03:43:38,061 [INFO] [Epoch 332] val_loss=0.0000
2026-04-14 03:43:38,066 [INFO] Epoch 332 | train=0.0000 | val=0.0000
2026-04-14 03:43:38,098 [INFO] Saved checkpoint (val=0.0000)
2026-04-14 03:43:44,732 [INFO] [Epoch 333] train_loss=0.0000
2026-04-14 03:43:45,126 [INFO] [Epoch 333] val_loss=0.0000
2026-04-14 03:43:45,131 [INFO] Epoch 333 | train=0.0000 | val=0.0000
2026-04-14 03:43:45,163 [INFO] Saved checkpoint (val=0.0000)
2026-04-14 03:43:51,811 [INFO] [Epoch 334] train_loss=0.0000
2026-04-14 03:43:52,206 [INFO] [Epoch 334] val_loss=0.0000
2026-04-14 03:43:52,211 [INFO] Epoch 334 | train=0.0000 | val=0.0000
2026-04-14 03:43:52,242 [INFO] Saved checkpoint (val=0.0000)
2026-04-14 03:43:59,551 [INFO] [Epoch 335] train_loss=0.0000
2026-04-14 03:43:59,955 [INFO] [Epoch 335] val_loss=0.0000
2026-04-14 03:43:59,960 [INFO] Epoch 335 | train=0.0000 | val=0.0000
2026-04-14 03:43:59,977 [INFO] Saved checkpoint (val=0.0000)
2026-04-14 03:44:07,781 [INFO] [Epoch 336] train_loss=0.0000
2026-04-14 03:44:08,193 [INFO] [Epoch 336] val_loss=0.0000
2026-04-14 03:44:08,197 [INFO] Epoch 336 | train=0.0000 | val=0.0000
2026-04-14 03:44:08,216 [INFO] Saved checkpoint (val=0.0000)
2026-04-14 03:44:14,947 [INFO] [Epoch 337] train_loss=0.0000
2026-04-14 03:44:15,345 [INFO] [Epoch 337] val_loss=0.0000
2026-04-14 03:44:15,350 [INFO] Epoch 337 | train=0.0000 | val=0.0000
2026-04-14 03:44:15,382 [INFO] Saved checkpoint (val=0.0000)
2026-04-14 03:44:22,382 [INFO] [Epoch 338] train_loss=0.0000
2026-04-14 03:44:22,782 [INFO] [Epoch 338] val_loss=0.0000
2026-04-14 03:44:22,787 [INFO] Epoch 338 | train=0.0000 | val=0.0000
2026-04-14 03:44:22,804 [INFO] Saved checkpoint (val=0.0000)
2026-04-14 03:44:29,523 [INFO] [Epoch 339] train_loss=0.0000
2026-04-14 03:44:29,918 [INFO] [Epoch 339] val_loss=0.0000
2026-04-14 03:44:29,923 [INFO] Epoch 339 | train=0.0000 | val=0.0000
2026-04-14 03:44:29,954 [INFO] Saved checkpoint (val=0.0000)
2026-04-14 03:44:36,637 [INFO] [Epoch 340] train_loss=0.0000
2026-04-14 03:44:37,020 [INFO] [Epoch 340] val_loss=0.0000
2026-04-14 03:44:37,026 [INFO] Epoch 340 | train=0.0000 | val=0.0000
2026-04-14 03:44:37,058 [INFO] Saved checkpoint (val=0.0000)
2026-04-14 03:44:43,911 [INFO] [Epoch 341] train_loss=0.0000
2026-04-14 03:44:44,310 [INFO] [Epoch 341] val_loss=0.0000
2026-04-14 03:44:44,315 [INFO] Epoch 341 | train=0.0000 | val=0.0000
2026-04-14 03:44:44,348 [INFO] Saved checkpoint (val=0.0000)
2026-04-14 03:44:51,238 [INFO] [Epoch 342] train_loss=0.0000
2026-04-14 03:44:51,630 [INFO] [Epoch 342] val_loss=0.0000
2026-04-14 03:44:51,635 [INFO] Epoch 342 | train=0.0000 | val=0.0000
2026-04-14 03:44:51,666 [INFO] Saved checkpoint (val=0.0000)
2026-04-14 03:44:58,406 [INFO] [Epoch 343] train_loss=0.0000
2026-04-14 03:44:58,803 [INFO] [Epoch 343] val_loss=0.0000
2026-04-14 03:44:58,808 [INFO] Epoch 343 | train=0.0000 | val=0.0000
2026-04-14 03:44:58,838 [INFO] Saved checkpoint (val=0.0000)
2026-04-14 03:45:05,499 [INFO] [Epoch 344] train_loss=0.0000
2026-04-14 03:45:05,897 [INFO] [Epoch 344] val_loss=0.0000
2026-04-14 03:45:05,902 [INFO] Epoch 344 | train=0.0000 | val=0.0000
2026-04-14 03:45:05,934 [INFO] Saved checkpoint (val=0.0000)
2026-04-14 03:45:12,850 [INFO] [Epoch 345] train_loss=0.0000
2026-04-14 03:45:13,242 [INFO] [Epoch 345] val_loss=0.0000
2026-04-14 03:45:13,247 [INFO] Epoch 345 | train=0.0000 | val=0.0000
2026-04-14 03:45:13,264 [INFO] Saved checkpoint (val=0.0000)
2026-04-14 03:45:20,123 [INFO] [Epoch 346] train_loss=0.0000
2026-04-14 03:45:20,539 [INFO] [Epoch 346] val_loss=0.0000
2026-04-14 03:45:20,544 [INFO] Epoch 346 | train=0.0000 | val=0.0000
2026-04-14 03:45:20,576 [INFO] Saved checkpoint (val=0.0000)
2026-04-14 03:45:27,398 [INFO] [Epoch 347] train_loss=0.0000
2026-04-14 03:45:27,790 [INFO] [Epoch 347] val_loss=0.0000
2026-04-14 03:45:27,795 [INFO] Epoch 347 | train=0.0000 | val=0.0000
2026-04-14 03:45:27,812 [INFO] Saved checkpoint (val=0.0000)
2026-04-14 03:45:35,202 [INFO] [Epoch 348] train_loss=0.0000
2026-04-14 03:45:35,578 [INFO] [Epoch 348] val_loss=0.0000
2026-04-14 03:45:35,583 [INFO] Epoch 348 | train=0.0000 | val=0.0000
2026-04-14 03:45:35,615 [INFO] Saved checkpoint (val=0.0000)
2026-04-14 03:45:42,648 [INFO] [Epoch 349] train_loss=0.0000
2026-04-14 03:45:43,036 [INFO] [Epoch 349] val_loss=0.0000
2026-04-14 03:45:43,040 [INFO] Epoch 349 | train=0.0000 | val=0.0000
2026-04-14 03:45:43,058 [INFO] Saved checkpoint (val=0.0000)
2026-04-14 03:45:49,999 [INFO] [Epoch 350] train_loss=0.0000
2026-04-14 03:45:50,399 [INFO] [Epoch 350] val_loss=0.0000
2026-04-14 03:45:50,404 [INFO] Epoch 350 | train=0.0000 | val=0.0000
2026-04-14 03:45:50,422 [INFO] Saved checkpoint (val=0.0000)
2026-04-14 03:45:57,118 [INFO] [Epoch 351] train_loss=0.0000
2026-04-14 03:45:57,511 [INFO] [Epoch 351] val_loss=0.0000
2026-04-14 03:45:57,516 [INFO] Epoch 351 | train=0.0000 | val=0.0000
2026-04-14 03:45:57,532 [INFO] Saved checkpoint (val=0.0000)
2026-04-14 03:46:04,258 [INFO] [Epoch 352] train_loss=0.0000
2026-04-14 03:46:04,648 [INFO] [Epoch 352] val_loss=0.0000
2026-04-14 03:46:04,653 [INFO] Epoch 352 | train=0.0000 | val=0.0000
2026-04-14 03:46:04,670 [INFO] Saved checkpoint (val=0.0000)
2026-04-14 03:46:11,440 [INFO] [Epoch 353] train_loss=0.0000
2026-04-14 03:46:11,835 [INFO] [Epoch 353] val_loss=0.0000
2026-04-14 03:46:11,840 [INFO] Epoch 353 | train=0.0000 | val=0.0000
2026-04-14 03:46:11,871 [INFO] Saved checkpoint (val=0.0000)
2026-04-14 03:46:18,596 [INFO] [Epoch 354] train_loss=0.0000
2026-04-14 03:46:18,993 [INFO] [Epoch 354] val_loss=0.0000
2026-04-14 03:46:18,997 [INFO] Epoch 354 | train=0.0000 | val=0.0000
2026-04-14 03:46:19,029 [INFO] Saved checkpoint (val=0.0000)
2026-04-14 03:46:26,066 [INFO] [Epoch 355] train_loss=0.0000
2026-04-14 03:46:26,463 [INFO] [Epoch 355] val_loss=0.0000
2026-04-14 03:46:26,465 [INFO] Epoch 355 | train=0.0000 | val=0.0000
2026-04-14 03:46:26,487 [INFO] Saved checkpoint (val=0.0000)
2026-04-14 03:46:33,296 [INFO] [Epoch 356] train_loss=0.0000
2026-04-14 03:46:33,692 [INFO] [Epoch 356] val_loss=0.0000
2026-04-14 03:46:33,697 [INFO] Epoch 356 | train=0.0000 | val=0.0000
2026-04-14 03:46:33,714 [INFO] Saved checkpoint (val=0.0000)
2026-04-14 03:46:40,368 [INFO] [Epoch 357] train_loss=0.0000
2026-04-14 03:46:40,765 [INFO] [Epoch 357] val_loss=0.0000
2026-04-14 03:46:40,770 [INFO] Epoch 357 | train=0.0000 | val=0.0000
2026-04-14 03:46:40,802 [INFO] Saved checkpoint (val=0.0000)
2026-04-14 03:46:47,505 [INFO] [Epoch 358] train_loss=0.0000
2026-04-14 03:46:47,910 [INFO] [Epoch 358] val_loss=0.0000
2026-04-14 03:46:47,916 [INFO] Epoch 358 | train=0.0000 | val=0.0000
2026-04-14 03:46:47,933 [INFO] Saved checkpoint (val=0.0000)
2026-04-14 03:46:54,637 [INFO] [Epoch 359] train_loss=0.0000
2026-04-14 03:46:55,030 [INFO] [Epoch 359] val_loss=0.0000
2026-04-14 03:46:55,035 [INFO] Epoch 359 | train=0.0000 | val=0.0000
2026-04-14 03:46:55,067 [INFO] Saved checkpoint (val=0.0000)
2026-04-14 03:47:01,743 [INFO] [Epoch 360] train_loss=0.0000
2026-04-14 03:47:02,135 [INFO] [Epoch 360] val_loss=0.0000
2026-04-14 03:47:02,139 [INFO] Epoch 360 | train=0.0000 | val=0.0000
2026-04-14 03:47:02,172 [INFO] Saved checkpoint (val=0.0000)
2026-04-14 03:47:08,911 [INFO] [Epoch 361] train_loss=0.0000
2026-04-14 03:47:09,306 [INFO] [Epoch 361] val_loss=0.0000
2026-04-14 03:47:09,311 [INFO] Epoch 361 | train=0.0000 | val=0.0000
2026-04-14 03:47:09,329 [INFO] Saved checkpoint (val=0.0000)
2026-04-14 03:47:16,046 [INFO] [Epoch 362] train_loss=0.0000
2026-04-14 03:47:16,438 [INFO] [Epoch 362] val_loss=0.0000
2026-04-14 03:47:16,443 [INFO] Epoch 362 | train=0.0000 | val=0.0000
2026-04-14 03:47:16,475 [INFO] Saved checkpoint (val=0.0000)
2026-04-14 03:47:23,111 [INFO] [Epoch 363] train_loss=0.0000
2026-04-14 03:47:23,507 [INFO] [Epoch 363] val_loss=0.0000
2026-04-14 03:47:23,512 [INFO] Epoch 363 | train=0.0000 | val=0.0000
2026-04-14 03:47:23,529 [INFO] Saved checkpoint (val=0.0000)
2026-04-14 03:47:30,173 [INFO] [Epoch 364] train_loss=0.0000
2026-04-14 03:47:30,559 [INFO] [Epoch 364] val_loss=0.0000
2026-04-14 03:47:30,564 [INFO] Epoch 364 | train=0.0000 | val=0.0000
2026-04-14 03:47:30,594 [INFO] Saved checkpoint (val=0.0000)
2026-04-14 03:47:37,214 [INFO] [Epoch 365] train_loss=0.0000
2026-04-14 03:47:37,604 [INFO] [Epoch 365] val_loss=0.0000
2026-04-14 03:47:37,609 [INFO] Epoch 365 | train=0.0000 | val=0.0000
2026-04-14 03:47:37,641 [INFO] Saved checkpoint (val=0.0000)
2026-04-14 03:47:44,270 [INFO] [Epoch 366] train_loss=0.0000
2026-04-14 03:47:44,651 [INFO] [Epoch 366] val_loss=0.0000
2026-04-14 03:47:44,656 [INFO] Epoch 366 | train=0.0000 | val=0.0000
2026-04-14 03:47:44,687 [INFO] Saved checkpoint (val=0.0000)
2026-04-14 03:47:51,401 [INFO] [Epoch 367] train_loss=0.0000
2026-04-14 03:47:51,790 [INFO] [Epoch 367] val_loss=0.0000
2026-04-14 03:47:51,795 [INFO] Epoch 367 | train=0.0000 | val=0.0000
2026-04-14 03:47:51,827 [INFO] Saved checkpoint (val=0.0000)
2026-04-14 03:47:58,465 [INFO] [Epoch 368] train_loss=0.0000
2026-04-14 03:47:58,856 [INFO] [Epoch 368] val_loss=0.0000
2026-04-14 03:47:58,861 [INFO] Epoch 368 | train=0.0000 | val=0.0000
2026-04-14 03:47:58,879 [INFO] Saved checkpoint (val=0.0000)
2026-04-14 03:48:05,487 [INFO] [Epoch 369] train_loss=0.0000
2026-04-14 03:48:05,884 [INFO] [Epoch 369] val_loss=0.0000
2026-04-14 03:48:05,889 [INFO] Epoch 369 | train=0.0000 | val=0.0000
2026-04-14 03:48:05,921 [INFO] Saved checkpoint (val=0.0000)
2026-04-14 03:48:12,594 [INFO] [Epoch 370] train_loss=0.0000
2026-04-14 03:48:12,996 [INFO] [Epoch 370] val_loss=0.0000
2026-04-14 03:48:13,001 [INFO] Epoch 370 | train=0.0000 | val=0.0000
2026-04-14 03:48:13,033 [INFO] Saved checkpoint (val=0.0000)
2026-04-14 03:48:19,693 [INFO] [Epoch 371] train_loss=0.0000
2026-04-14 03:48:20,086 [INFO] [Epoch 371] val_loss=0.0000
2026-04-14 03:48:20,092 [INFO] Epoch 371 | train=0.0000 | val=0.0000
2026-04-14 03:48:20,123 [INFO] Saved checkpoint (val=0.0000)
2026-04-14 03:48:26,770 [INFO] [Epoch 372] train_loss=0.0000
2026-04-14 03:48:27,158 [INFO] [Epoch 372] val_loss=0.0000
2026-04-14 03:48:27,163 [INFO] Epoch 372 | train=0.0000 | val=0.0000
2026-04-14 03:48:27,194 [INFO] Saved checkpoint (val=0.0000)
2026-04-14 03:48:34,166 [INFO] [Epoch 373] train_loss=0.0000
2026-04-14 03:48:34,555 [INFO] [Epoch 373] val_loss=0.0000
2026-04-14 03:48:34,560 [INFO] Epoch 373 | train=0.0000 | val=0.0000
2026-04-14 03:48:34,591 [INFO] Saved checkpoint (val=0.0000)
2026-04-14 03:48:41,257 [INFO] [Epoch 374] train_loss=0.0000
2026-04-14 03:48:41,647 [INFO] [Epoch 374] val_loss=0.0000
2026-04-14 03:48:41,652 [INFO] Epoch 374 | train=0.0000 | val=0.0000
2026-04-14 03:48:41,669 [INFO] Saved checkpoint (val=0.0000)
2026-04-14 03:48:48,298 [INFO] [Epoch 375] train_loss=0.0000
2026-04-14 03:48:48,682 [INFO] [Epoch 375] val_loss=0.0000
2026-04-14 03:48:48,686 [INFO] Epoch 375 | train=0.0000 | val=0.0000
2026-04-14 03:48:48,703 [INFO] Saved checkpoint (val=0.0000)
2026-04-14 03:48:55,455 [INFO] [Epoch 376] train_loss=0.0000
2026-04-14 03:48:55,856 [INFO] [Epoch 376] val_loss=0.0000
2026-04-14 03:48:55,861 [INFO] Epoch 376 | train=0.0000 | val=0.0000
2026-04-14 03:48:55,893 [INFO] Saved checkpoint (val=0.0000)
2026-04-14 03:49:02,849 [INFO] [Epoch 377] train_loss=0.0000
2026-04-14 03:49:03,244 [INFO] [Epoch 377] val_loss=0.0000
2026-04-14 03:49:03,248 [INFO] Epoch 377 | train=0.0000 | val=0.0000
2026-04-14 03:49:03,279 [INFO] Saved checkpoint (val=0.0000)
2026-04-14 03:49:09,992 [INFO] [Epoch 378] train_loss=0.0000
2026-04-14 03:49:10,385 [INFO] [Epoch 378] val_loss=0.0000
2026-04-14 03:49:10,390 [INFO] Epoch 378 | train=0.0000 | val=0.0000
2026-04-14 03:49:10,421 [INFO] Saved checkpoint (val=0.0000)
2026-04-14 03:49:17,089 [INFO] [Epoch 379] train_loss=0.0000
2026-04-14 03:49:17,472 [INFO] [Epoch 379] val_loss=0.0000
2026-04-14 03:49:17,476 [INFO] Epoch 379 | train=0.0000 | val=0.0000
2026-04-14 03:49:17,508 [INFO] Saved checkpoint (val=0.0000)
2026-04-14 03:49:24,139 [INFO] [Epoch 380] train_loss=0.0000
2026-04-14 03:49:24,529 [INFO] [Epoch 380] val_loss=0.0000
2026-04-14 03:49:24,534 [INFO] Epoch 380 | train=0.0000 | val=0.0000
2026-04-14 03:49:24,551 [INFO] Saved checkpoint (val=0.0000)
2026-04-14 03:49:31,266 [INFO] [Epoch 381] train_loss=0.0000
2026-04-14 03:49:31,662 [INFO] [Epoch 381] val_loss=0.0000
2026-04-14 03:49:31,665 [INFO] Epoch 381 | train=0.0000 | val=0.0000
2026-04-14 03:49:31,688 [INFO] Saved checkpoint (val=0.0000)
2026-04-14 03:49:38,769 [INFO] [Epoch 382] train_loss=0.0000
2026-04-14 03:49:39,169 [INFO] [Epoch 382] val_loss=0.0000
2026-04-14 03:49:39,174 [INFO] Epoch 382 | train=0.0000 | val=0.0000
2026-04-14 03:49:39,191 [INFO] Saved checkpoint (val=0.0000)
2026-04-14 03:49:46,566 [INFO] [Epoch 383] train_loss=0.0000
2026-04-14 03:49:46,956 [INFO] [Epoch 383] val_loss=0.0000
2026-04-14 03:49:46,961 [INFO] Epoch 383 | train=0.0000 | val=0.0000
2026-04-14 03:49:46,992 [INFO] Saved checkpoint (val=0.0000)
2026-04-14 03:49:53,777 [INFO] [Epoch 384] train_loss=0.0000
2026-04-14 03:49:54,177 [INFO] [Epoch 384] val_loss=0.0000
2026-04-14 03:49:54,182 [INFO] Epoch 384 | train=0.0000 | val=0.0000
2026-04-14 03:49:54,198 [INFO] Saved checkpoint (val=0.0000)
2026-04-14 03:50:02,157 [INFO] [Epoch 385] train_loss=0.0000
2026-04-14 03:50:02,565 [INFO] [Epoch 385] val_loss=0.0000
2026-04-14 03:50:02,570 [INFO] Epoch 385 | train=0.0000 | val=0.0000
2026-04-14 03:50:02,602 [INFO] Saved checkpoint (val=0.0000)
2026-04-14 03:50:11,317 [INFO] [Epoch 386] train_loss=0.0000
2026-04-14 03:50:11,725 [INFO] [Epoch 386] val_loss=0.0000
2026-04-14 03:50:11,730 [INFO] Epoch 386 | train=0.0000 | val=0.0000
2026-04-14 03:50:11,764 [INFO] Saved checkpoint (val=0.0000)
2026-04-14 03:50:20,142 [INFO] [Epoch 387] train_loss=0.0000
2026-04-14 03:50:20,564 [INFO] [Epoch 387] val_loss=0.0000
2026-04-14 03:50:20,569 [INFO] Epoch 387 | train=0.0000 | val=0.0000
2026-04-14 03:50:20,588 [INFO] Saved checkpoint (val=0.0000)
2026-04-14 03:50:28,412 [INFO] [Epoch 388] train_loss=0.0000
2026-04-14 03:50:28,823 [INFO] [Epoch 388] val_loss=0.0000
2026-04-14 03:50:28,828 [INFO] Epoch 388 | train=0.0000 | val=0.0000
2026-04-14 03:50:28,846 [INFO] Saved checkpoint (val=0.0000)
2026-04-14 03:50:37,559 [INFO] [Epoch 389] train_loss=0.0000
2026-04-14 03:50:37,976 [INFO] [Epoch 389] val_loss=0.0000
2026-04-14 03:50:37,981 [INFO] Epoch 389 | train=0.0000 | val=0.0000
2026-04-14 03:50:38,002 [INFO] Saved checkpoint (val=0.0000)
2026-04-14 03:50:45,626 [INFO] [Epoch 390] train_loss=0.0000
2026-04-14 03:50:46,046 [INFO] [Epoch 390] val_loss=0.0000
2026-04-14 03:50:46,052 [INFO] Epoch 390 | train=0.0000 | val=0.0000
2026-04-14 03:50:46,069 [INFO] Saved checkpoint (val=0.0000)
2026-04-14 03:50:53,708 [INFO] [Epoch 391] train_loss=0.0000
2026-04-14 03:50:54,101 [INFO] [Epoch 391] val_loss=0.0000
2026-04-14 03:50:54,106 [INFO] Epoch 391 | train=0.0000 | val=0.0000
2026-04-14 03:50:54,124 [INFO] Saved checkpoint (val=0.0000)
2026-04-14 03:51:00,806 [INFO] [Epoch 392] train_loss=0.0000
2026-04-14 03:51:01,200 [INFO] [Epoch 392] val_loss=0.0000
2026-04-14 03:51:01,205 [INFO] Epoch 392 | train=0.0000 | val=0.0000
2026-04-14 03:51:01,222 [INFO] Saved checkpoint (val=0.0000)
2026-04-14 03:51:07,914 [INFO] [Epoch 393] train_loss=0.0000
2026-04-14 03:51:08,315 [INFO] [Epoch 393] val_loss=0.0000
2026-04-14 03:51:08,320 [INFO] Epoch 393 | train=0.0000 | val=0.0000
2026-04-14 03:51:08,338 [INFO] Saved checkpoint (val=0.0000)
2026-04-14 03:51:14,971 [INFO] [Epoch 394] train_loss=0.0000
2026-04-14 03:51:15,354 [INFO] [Epoch 394] val_loss=0.0000
2026-04-14 03:51:15,359 [INFO] Epoch 394 | train=0.0000 | val=0.0000
2026-04-14 03:51:15,390 [INFO] Saved checkpoint (val=0.0000)
2026-04-14 03:51:22,471 [INFO] [Epoch 395] train_loss=0.0000
2026-04-14 03:51:22,856 [INFO] [Epoch 395] val_loss=0.0000
2026-04-14 03:51:22,861 [INFO] Epoch 395 | train=0.0000 | val=0.0000
2026-04-14 03:51:22,878 [INFO] Saved checkpoint (val=0.0000)
2026-04-14 03:51:29,704 [INFO] [Epoch 396] train_loss=0.0000
2026-04-14 03:51:30,093 [INFO] [Epoch 396] val_loss=0.0000
2026-04-14 03:51:30,098 [INFO] Epoch 396 | train=0.0000 | val=0.0000
2026-04-14 03:51:30,130 [INFO] Saved checkpoint (val=0.0000)
2026-04-14 03:51:36,881 [INFO] [Epoch 397] train_loss=0.0000
2026-04-14 03:51:37,281 [INFO] [Epoch 397] val_loss=0.0000
2026-04-14 03:51:37,285 [INFO] Epoch 397 | train=0.0000 | val=0.0000
2026-04-14 03:51:37,303 [INFO] Saved checkpoint (val=0.0000)
2026-04-14 03:51:43,878 [INFO] [Epoch 398] train_loss=0.0000
2026-04-14 03:51:44,268 [INFO] [Epoch 398] val_loss=0.0000
2026-04-14 03:51:44,273 [INFO] Epoch 398 | train=0.0000 | val=0.0000
2026-04-14 03:51:44,304 [INFO] Saved checkpoint (val=0.0000)
2026-04-14 03:51:50,905 [INFO] [Epoch 399] train_loss=0.0000
2026-04-14 03:51:51,296 [INFO] [Epoch 399] val_loss=0.0000
2026-04-14 03:51:51,301 [INFO] Epoch 399 | train=0.0000 | val=0.0000
2026-04-14 03:51:51,317 [INFO] Saved checkpoint (val=0.0000)
2026-04-14 03:51:57,933 [INFO] [Epoch 400] train_loss=0.0000
2026-04-14 03:51:58,320 [INFO] [Epoch 400] val_loss=0.0000
2026-04-14 03:51:58,324 [INFO] Epoch 400 | train=0.0000 | val=0.0000
2026-04-14 03:51:58,355 [INFO] Saved checkpoint (val=0.0000)
2026-04-14 03:52:05,730 [INFO] [Epoch 401] train_loss=0.0000
2026-04-14 03:52:06,141 [INFO] [Epoch 401] val_loss=0.0000
2026-04-14 03:52:06,146 [INFO] Epoch 401 | train=0.0000 | val=0.0000
2026-04-14 03:52:06,177 [INFO] Saved checkpoint (val=0.0000)
2026-04-14 03:52:14,793 [INFO] [Epoch 402] train_loss=0.0000
2026-04-14 03:52:15,197 [INFO] [Epoch 402] val_loss=0.0000
2026-04-14 03:52:15,202 [INFO] Epoch 402 | train=0.0000 | val=0.0000
2026-04-14 03:52:15,218 [INFO] Saved checkpoint (val=0.0000)
2026-04-14 03:52:22,884 [INFO] [Epoch 403] train_loss=0.0000
2026-04-14 03:52:23,320 [INFO] [Epoch 403] val_loss=0.0000
2026-04-14 03:52:23,325 [INFO] Epoch 403 | train=0.0000 | val=0.0000
2026-04-14 03:52:23,356 [INFO] Saved checkpoint (val=0.0000)
2026-04-14 03:52:31,581 [INFO] [Epoch 404] train_loss=0.0000
2026-04-14 03:52:31,988 [INFO] [Epoch 404] val_loss=0.0000
2026-04-14 03:52:31,991 [INFO] Epoch 404 | train=0.0000 | val=0.0000
2026-04-14 03:52:32,000 [INFO] Saved checkpoint (val=0.0000)
2026-04-14 03:52:39,866 [INFO] [Epoch 405] train_loss=0.0000
2026-04-14 03:52:40,267 [INFO] [Epoch 405] val_loss=0.0000
2026-04-14 03:52:40,272 [INFO] Epoch 405 | train=0.0000 | val=0.0000
2026-04-14 03:52:40,288 [INFO] Saved checkpoint (val=0.0000)
2026-04-14 03:52:47,688 [INFO] [Epoch 406] train_loss=0.0000
2026-04-14 03:52:48,117 [INFO] [Epoch 406] val_loss=0.0000
2026-04-14 03:52:48,123 [INFO] Epoch 406 | train=0.0000 | val=0.0000
2026-04-14 03:52:48,140 [INFO] Saved checkpoint (val=0.0000)
2026-04-14 03:52:55,341 [INFO] [Epoch 407] train_loss=0.0000
2026-04-14 03:52:55,746 [INFO] [Epoch 407] val_loss=0.0000
2026-04-14 03:52:55,751 [INFO] Epoch 407 | train=0.0000 | val=0.0000
2026-04-14 03:52:55,767 [INFO] Saved checkpoint (val=0.0000)
2026-04-14 03:53:03,270 [INFO] [Epoch 408] train_loss=0.0000
2026-04-14 03:53:03,693 [INFO] [Epoch 408] val_loss=0.0000
2026-04-14 03:53:03,696 [INFO] Epoch 408 | train=0.0000 | val=0.0000
2026-04-14 03:53:03,707 [INFO] Saved checkpoint (val=0.0000)
2026-04-14 03:53:11,106 [INFO] [Epoch 409] train_loss=0.0000
2026-04-14 03:53:11,515 [INFO] [Epoch 409] val_loss=0.0000
2026-04-14 03:53:11,520 [INFO] Epoch 409 | train=0.0000 | val=0.0000
2026-04-14 03:53:11,538 [INFO] Saved checkpoint (val=0.0000)
2026-04-14 03:53:18,899 [INFO] [Epoch 410] train_loss=0.0000
2026-04-14 03:53:19,307 [INFO] [Epoch 410] val_loss=0.0000
2026-04-14 03:53:19,312 [INFO] Epoch 410 | train=0.0000 | val=0.0000
2026-04-14 03:53:19,330 [INFO] Saved checkpoint (val=0.0000)
2026-04-14 03:53:26,432 [INFO] [Epoch 411] train_loss=0.0000
2026-04-14 03:53:26,826 [INFO] [Epoch 411] val_loss=0.0000
2026-04-14 03:53:26,832 [INFO] Epoch 411 | train=0.0000 | val=0.0000
2026-04-14 03:53:26,848 [INFO] Saved checkpoint (val=0.0000)
2026-04-14 03:53:34,571 [INFO] [Epoch 412] train_loss=0.0000
2026-04-14 03:53:34,992 [INFO] [Epoch 412] val_loss=0.0000
2026-04-14 03:53:34,996 [INFO] Epoch 412 | train=0.0000 | val=0.0000
2026-04-14 03:53:35,012 [INFO] Saved checkpoint (val=0.0000)
2026-04-14 03:53:43,090 [INFO] [Epoch 413] train_loss=0.0000
2026-04-14 03:53:43,505 [INFO] [Epoch 413] val_loss=0.0000
2026-04-14 03:53:43,510 [INFO] Epoch 413 | train=0.0000 | val=0.0000
2026-04-14 03:53:43,527 [INFO] Saved checkpoint (val=0.0000)
2026-04-14 03:53:51,441 [INFO] [Epoch 414] train_loss=0.0000
2026-04-14 03:53:51,872 [INFO] [Epoch 414] val_loss=0.0000
2026-04-14 03:53:51,874 [INFO] Epoch 414 | train=0.0000 | val=0.0000
2026-04-14 03:53:51,882 [INFO] Saved checkpoint (val=0.0000)
2026-04-14 03:53:59,906 [INFO] [Epoch 415] train_loss=0.0000
2026-04-14 03:54:00,349 [INFO] [Epoch 415] val_loss=0.0000
2026-04-14 03:54:00,352 [INFO] Epoch 415 | train=0.0000 | val=0.0000
2026-04-14 03:54:00,360 [INFO] Saved checkpoint (val=0.0000)
2026-04-14 03:54:08,095 [INFO] [Epoch 416] train_loss=0.0000
2026-04-14 03:54:08,501 [INFO] [Epoch 416] val_loss=0.0000
2026-04-14 03:54:08,505 [INFO] Epoch 416 | train=0.0000 | val=0.0000
2026-04-14 03:54:08,522 [INFO] Saved checkpoint (val=0.0000)
2026-04-14 03:54:15,638 [INFO] [Epoch 417] train_loss=0.0000
2026-04-14 03:54:16,048 [INFO] [Epoch 417] val_loss=0.0000
2026-04-14 03:54:16,053 [INFO] Epoch 417 | train=0.0000 | val=0.0000
2026-04-14 03:54:16,070 [INFO] Saved checkpoint (val=0.0000)
2026-04-14 03:54:23,351 [INFO] [Epoch 418] train_loss=0.0000
2026-04-14 03:54:23,776 [INFO] [Epoch 418] val_loss=0.0000
2026-04-14 03:54:23,778 [INFO] Epoch 418 | train=0.0000 | val=0.0000
2026-04-14 03:54:23,787 [INFO] Saved checkpoint (val=0.0000)
2026-04-14 03:54:31,325 [INFO] [Epoch 419] train_loss=0.0000
2026-04-14 03:54:31,737 [INFO] [Epoch 419] val_loss=0.0000
2026-04-14 03:54:31,742 [INFO] Epoch 419 | train=0.0000 | val=0.0000
2026-04-14 03:54:31,760 [INFO] Saved checkpoint (val=0.0000)
2026-04-14 03:54:38,972 [INFO] [Epoch 420] train_loss=0.0000
2026-04-14 03:54:39,385 [INFO] [Epoch 420] val_loss=0.0000
2026-04-14 03:54:39,390 [INFO] Epoch 420 | train=0.0000 | val=0.0000
2026-04-14 03:54:39,407 [INFO] Saved checkpoint (val=0.0000)
2026-04-14 03:54:46,743 [INFO] [Epoch 421] train_loss=0.0000
2026-04-14 03:54:47,159 [INFO] [Epoch 421] val_loss=0.0000
2026-04-14 03:54:47,165 [INFO] Epoch 421 | train=0.0000 | val=0.0000
2026-04-14 03:54:47,183 [INFO] Saved checkpoint (val=0.0000)
2026-04-14 03:54:54,207 [INFO] [Epoch 422] train_loss=0.0000
2026-04-14 03:54:54,619 [INFO] [Epoch 422] val_loss=0.0000
2026-04-14 03:54:54,623 [INFO] Epoch 422 | train=0.0000 | val=0.0000
2026-04-14 03:54:54,641 [INFO] Saved checkpoint (val=0.0000)
2026-04-14 03:55:02,004 [INFO] [Epoch 423] train_loss=0.0000
2026-04-14 03:55:02,420 [INFO] [Epoch 423] val_loss=0.0000
2026-04-14 03:55:02,425 [INFO] Epoch 423 | train=0.0000 | val=0.0000
2026-04-14 03:55:02,442 [INFO] Saved checkpoint (val=0.0000)
2026-04-14 03:55:09,539 [INFO] [Epoch 424] train_loss=0.0000
2026-04-14 03:55:09,952 [INFO] [Epoch 424] val_loss=0.0000
2026-04-14 03:55:09,957 [INFO] Epoch 424 | train=0.0000 | val=0.0000
2026-04-14 03:55:09,974 [INFO] Saved checkpoint (val=0.0000)
2026-04-14 03:55:17,227 [INFO] [Epoch 425] train_loss=0.0000
2026-04-14 03:55:17,641 [INFO] [Epoch 425] val_loss=0.0000
2026-04-14 03:55:17,646 [INFO] Epoch 425 | train=0.0000 | val=0.0000
2026-04-14 03:55:17,666 [INFO] Saved checkpoint (val=0.0000)
2026-04-14 03:55:25,384 [INFO] [Epoch 426] train_loss=0.0000
2026-04-14 03:55:25,801 [INFO] [Epoch 426] val_loss=0.0000
2026-04-14 03:55:25,806 [INFO] Epoch 426 | train=0.0000 | val=0.0000
2026-04-14 03:55:25,824 [INFO] Saved checkpoint (val=0.0000)
2026-04-14 03:55:33,165 [INFO] [Epoch 427] train_loss=0.0000
2026-04-14 03:55:33,574 [INFO] [Epoch 427] val_loss=0.0000
2026-04-14 03:55:33,577 [INFO] Epoch 427 | train=0.0000 | val=0.0000
2026-04-14 03:55:33,590 [INFO] Saved checkpoint (val=0.0000)
2026-04-14 03:55:40,889 [INFO] [Epoch 428] train_loss=0.0000
2026-04-14 03:55:41,285 [INFO] [Epoch 428] val_loss=0.0000
2026-04-14 03:55:41,288 [INFO] Epoch 428 | train=0.0000 | val=0.0000
2026-04-14 03:55:41,299 [INFO] Saved checkpoint (val=0.0000)
2026-04-14 03:55:49,592 [INFO] [Epoch 429] train_loss=0.0000
2026-04-14 03:55:50,004 [INFO] [Epoch 429] val_loss=0.0000
2026-04-14 03:55:50,006 [INFO] Epoch 429 | train=0.0000 | val=0.0000
2026-04-14 03:55:50,015 [INFO] Saved checkpoint (val=0.0000)
2026-04-14 03:55:57,175 [INFO] [Epoch 430] train_loss=0.0000
2026-04-14 03:55:57,589 [INFO] [Epoch 430] val_loss=0.0000
2026-04-14 03:55:57,594 [INFO] Epoch 430 | train=0.0000 | val=0.0000
2026-04-14 03:55:57,611 [INFO] Saved checkpoint (val=0.0000)
2026-04-14 03:56:04,732 [INFO] [Epoch 431] train_loss=0.0000
2026-04-14 03:56:05,146 [INFO] [Epoch 431] val_loss=0.0000
2026-04-14 03:56:05,151 [INFO] Epoch 431 | train=0.0000 | val=0.0000
2026-04-14 03:56:05,170 [INFO] Saved checkpoint (val=0.0000)
2026-04-14 03:56:12,202 [INFO] [Epoch 432] train_loss=0.0000
2026-04-14 03:56:12,618 [INFO] [Epoch 432] val_loss=0.0000
2026-04-14 03:56:12,624 [INFO] Epoch 432 | train=0.0000 | val=0.0000
2026-04-14 03:56:12,642 [INFO] Saved checkpoint (val=0.0000)
2026-04-14 03:56:19,717 [INFO] [Epoch 433] train_loss=0.0000
2026-04-14 03:56:20,129 [INFO] [Epoch 433] val_loss=0.0000
2026-04-14 03:56:20,134 [INFO] Epoch 433 | train=0.0000 | val=0.0000
2026-04-14 03:56:20,151 [INFO] Saved checkpoint (val=0.0000)
2026-04-14 03:56:27,296 [INFO] [Epoch 434] train_loss=0.0000
2026-04-14 03:56:27,710 [INFO] [Epoch 434] val_loss=0.0000
2026-04-14 03:56:27,715 [INFO] Epoch 434 | train=0.0000 | val=0.0000
2026-04-14 03:56:27,731 [INFO] Saved checkpoint (val=0.0000)
2026-04-14 03:56:34,895 [INFO] [Epoch 435] train_loss=0.0000
2026-04-14 03:56:35,310 [INFO] [Epoch 435] val_loss=0.0000
2026-04-14 03:56:35,315 [INFO] Epoch 435 | train=0.0000 | val=0.0000
2026-04-14 03:56:35,333 [INFO] Saved checkpoint (val=0.0000)
2026-04-14 03:56:42,388 [INFO] [Epoch 436] train_loss=0.0000
2026-04-14 03:56:42,787 [INFO] [Epoch 436] val_loss=0.0000
2026-04-14 03:56:42,792 [INFO] Epoch 436 | train=0.0000 | val=0.0000
2026-04-14 03:56:42,809 [INFO] Saved checkpoint (val=0.0000)
2026-04-14 03:56:50,008 [INFO] [Epoch 437] train_loss=0.0000
2026-04-14 03:56:50,422 [INFO] [Epoch 437] val_loss=0.0000
2026-04-14 03:56:50,427 [INFO] Epoch 437 | train=0.0000 | val=0.0000
2026-04-14 03:56:50,445 [INFO] Saved checkpoint (val=0.0000)
2026-04-14 03:56:57,588 [INFO] [Epoch 438] train_loss=0.0000
2026-04-14 03:56:58,000 [INFO] [Epoch 438] val_loss=0.0000
2026-04-14 03:56:58,005 [INFO] Epoch 438 | train=0.0000 | val=0.0000
2026-04-14 03:56:58,022 [INFO] Saved checkpoint (val=0.0000)
2026-04-14 03:57:05,608 [INFO] [Epoch 439] train_loss=0.0000
2026-04-14 03:57:06,020 [INFO] [Epoch 439] val_loss=0.0000
2026-04-14 03:57:06,025 [INFO] Epoch 439 | train=0.0000 | val=0.0000
2026-04-14 03:57:06,042 [INFO] Saved checkpoint (val=0.0000)
2026-04-14 03:57:13,267 [INFO] [Epoch 440] train_loss=0.0000
2026-04-14 03:57:13,684 [INFO] [Epoch 440] val_loss=0.0000
2026-04-14 03:57:13,690 [INFO] Epoch 440 | train=0.0000 | val=0.0000
2026-04-14 03:57:13,706 [INFO] Saved checkpoint (val=0.0000)
2026-04-14 03:57:21,349 [INFO] [Epoch 441] train_loss=0.0000
2026-04-14 03:57:21,766 [INFO] [Epoch 441] val_loss=0.0000
2026-04-14 03:57:21,771 [INFO] Epoch 441 | train=0.0000 | val=0.0000
2026-04-14 03:57:21,788 [INFO] Saved checkpoint (val=0.0000)
2026-04-14 03:57:29,338 [INFO] [Epoch 442] train_loss=0.0000
2026-04-14 03:57:29,753 [INFO] [Epoch 442] val_loss=0.0000
2026-04-14 03:57:29,757 [INFO] Epoch 442 | train=0.0000 | val=0.0000
2026-04-14 03:57:29,776 [INFO] Saved checkpoint (val=0.0000)
2026-04-14 03:57:37,602 [INFO] [Epoch 443] train_loss=0.0000
2026-04-14 03:57:38,008 [INFO] [Epoch 443] val_loss=0.0000
2026-04-14 03:57:38,013 [INFO] Epoch 443 | train=0.0000 | val=0.0000
2026-04-14 03:57:38,030 [INFO] Saved checkpoint (val=0.0000)
2026-04-14 03:57:45,689 [INFO] [Epoch 444] train_loss=0.0000
2026-04-14 03:57:46,095 [INFO] [Epoch 444] val_loss=0.0000
2026-04-14 03:57:46,100 [INFO] Epoch 444 | train=0.0000 | val=0.0000
2026-04-14 03:57:46,119 [INFO] Saved checkpoint (val=0.0000)
2026-04-14 03:57:53,156 [INFO] [Epoch 445] train_loss=0.0000
2026-04-14 03:57:53,558 [INFO] [Epoch 445] val_loss=0.0000
2026-04-14 03:57:53,563 [INFO] Epoch 445 | train=0.0000 | val=0.0000
2026-04-14 03:57:53,594 [INFO] Saved checkpoint (val=0.0000)
2026-04-14 03:58:00,675 [INFO] [Epoch 446] train_loss=0.0000
2026-04-14 03:58:01,111 [INFO] [Epoch 446] val_loss=0.0000
2026-04-14 03:58:01,115 [INFO] Epoch 446 | train=0.0000 | val=0.0000
2026-04-14 03:58:01,132 [INFO] Saved checkpoint (val=0.0000)
2026-04-14 03:58:08,162 [INFO] [Epoch 447] train_loss=0.0000
2026-04-14 03:58:08,578 [INFO] [Epoch 447] val_loss=0.0000
2026-04-14 03:58:08,584 [INFO] Epoch 447 | train=0.0000 | val=0.0000
2026-04-14 03:58:08,614 [INFO] Saved checkpoint (val=0.0000)
2026-04-14 03:58:15,652 [INFO] [Epoch 448] train_loss=0.0000
2026-04-14 03:58:16,067 [INFO] [Epoch 448] val_loss=0.0000
2026-04-14 03:58:16,072 [INFO] Epoch 448 | train=0.0000 | val=0.0000
2026-04-14 03:58:16,102 [INFO] Saved checkpoint (val=0.0000)
2026-04-14 03:58:23,248 [INFO] [Epoch 449] train_loss=0.0000
2026-04-14 03:58:23,653 [INFO] [Epoch 449] val_loss=0.0000
2026-04-14 03:58:23,659 [INFO] Epoch 449 | train=0.0000 | val=0.0000
2026-04-14 03:58:23,689 [INFO] Saved checkpoint (val=0.0000)
2026-04-14 03:58:30,711 [INFO] [Epoch 450] train_loss=0.0000
2026-04-14 03:58:31,119 [INFO] [Epoch 450] val_loss=0.0000
2026-04-14 03:58:31,124 [INFO] Epoch 450 | train=0.0000 | val=0.0000
2026-04-14 03:58:31,156 [INFO] Saved checkpoint (val=0.0000)
2026-04-14 03:58:38,070 [INFO] [Epoch 451] train_loss=0.0000
2026-04-14 03:58:38,482 [INFO] [Epoch 451] val_loss=0.0000
2026-04-14 03:58:38,487 [INFO] Epoch 451 | train=0.0000 | val=0.0000
2026-04-14 03:58:38,519 [INFO] Saved checkpoint (val=0.0000)
2026-04-14 03:58:45,422 [INFO] [Epoch 452] train_loss=0.0000
2026-04-14 03:58:45,826 [INFO] [Epoch 452] val_loss=0.0000
2026-04-14 03:58:45,831 [INFO] Epoch 452 | train=0.0000 | val=0.0000
2026-04-14 03:58:45,863 [INFO] Saved checkpoint (val=0.0000)
2026-04-14 03:58:52,763 [INFO] [Epoch 453] train_loss=0.0000
2026-04-14 03:58:53,175 [INFO] [Epoch 453] val_loss=0.0000
2026-04-14 03:58:53,180 [INFO] Epoch 453 | train=0.0000 | val=0.0000
2026-04-14 03:58:53,212 [INFO] Saved checkpoint (val=0.0000)
2026-04-14 03:59:00,110 [INFO] [Epoch 454] train_loss=0.0000
2026-04-14 03:59:00,508 [INFO] [Epoch 454] val_loss=0.0000
2026-04-14 03:59:00,513 [INFO] Epoch 454 | train=0.0000 | val=0.0000
2026-04-14 03:59:00,545 [INFO] Saved checkpoint (val=0.0000)
2026-04-14 03:59:07,439 [INFO] [Epoch 455] train_loss=0.0000
2026-04-14 03:59:07,847 [INFO] [Epoch 455] val_loss=0.0000
2026-04-14 03:59:07,852 [INFO] Epoch 455 | train=0.0000 | val=0.0000
2026-04-14 03:59:07,883 [INFO] Saved checkpoint (val=0.0000)
2026-04-14 03:59:15,044 [INFO] [Epoch 456] train_loss=0.0000
2026-04-14 03:59:15,453 [INFO] [Epoch 456] val_loss=0.0000
2026-04-14 03:59:15,458 [INFO] Epoch 456 | train=0.0000 | val=0.0000
2026-04-14 03:59:15,478 [INFO] Saved checkpoint (val=0.0000)
2026-04-14 03:59:22,641 [INFO] [Epoch 457] train_loss=0.0000
2026-04-14 03:59:23,048 [INFO] [Epoch 457] val_loss=0.0000
2026-04-14 03:59:23,053 [INFO] Epoch 457 | train=0.0000 | val=0.0000
2026-04-14 03:59:23,084 [INFO] Saved checkpoint (val=0.0000)
2026-04-14 03:59:29,991 [INFO] [Epoch 458] train_loss=0.0000
2026-04-14 03:59:30,399 [INFO] [Epoch 458] val_loss=0.0000
2026-04-14 03:59:30,402 [INFO] Epoch 458 | train=0.0000 | val=0.0000
2026-04-14 03:59:30,429 [INFO] Saved checkpoint (val=0.0000)
2026-04-14 03:59:37,442 [INFO] [Epoch 459] train_loss=0.0000
2026-04-14 03:59:37,846 [INFO] [Epoch 459] val_loss=0.0000
2026-04-14 03:59:37,851 [INFO] Epoch 459 | train=0.0000 | val=0.0000
2026-04-14 03:59:37,882 [INFO] Saved checkpoint (val=0.0000)
2026-04-14 03:59:44,803 [INFO] [Epoch 460] train_loss=0.0000
2026-04-14 03:59:45,209 [INFO] [Epoch 460] val_loss=0.0000
2026-04-14 03:59:45,213 [INFO] Epoch 460 | train=0.0000 | val=0.0000
2026-04-14 03:59:45,231 [INFO] Saved checkpoint (val=0.0000)
2026-04-14 03:59:52,160 [INFO] [Epoch 461] train_loss=0.0000
2026-04-14 03:59:52,570 [INFO] [Epoch 461] val_loss=0.0000
2026-04-14 03:59:52,575 [INFO] Epoch 461 | train=0.0000 | val=0.0000
2026-04-14 03:59:52,607 [INFO] Saved checkpoint (val=0.0000)
2026-04-14 03:59:59,511 [INFO] [Epoch 462] train_loss=0.0000
2026-04-14 03:59:59,923 [INFO] [Epoch 462] val_loss=0.0000
2026-04-14 03:59:59,928 [INFO] Epoch 462 | train=0.0000 | val=0.0000
2026-04-14 03:59:59,945 [INFO] Saved checkpoint (val=0.0000)
2026-04-14 04:00:07,140 [INFO] [Epoch 463] train_loss=0.0000
2026-04-14 04:00:07,550 [INFO] [Epoch 463] val_loss=0.0000
2026-04-14 04:00:07,555 [INFO] Epoch 463 | train=0.0000 | val=0.0000
2026-04-14 04:00:07,586 [INFO] Saved checkpoint (val=0.0000)
2026-04-14 04:00:14,524 [INFO] [Epoch 464] train_loss=0.0000
2026-04-14 04:00:14,932 [INFO] [Epoch 464] val_loss=0.0000
2026-04-14 04:00:14,937 [INFO] Epoch 464 | train=0.0000 | val=0.0000
2026-04-14 04:00:14,954 [INFO] Saved checkpoint (val=0.0000)
2026-04-14 04:00:21,783 [INFO] [Epoch 465] train_loss=0.0000
2026-04-14 04:00:22,187 [INFO] [Epoch 465] val_loss=0.0000
2026-04-14 04:00:22,189 [INFO] Epoch 465 | train=0.0000 | val=0.0000
2026-04-14 04:00:22,213 [INFO] Saved checkpoint (val=0.0000)
2026-04-14 04:00:29,119 [INFO] [Epoch 466] train_loss=0.0000
2026-04-14 04:00:29,527 [INFO] [Epoch 466] val_loss=0.0000
2026-04-14 04:00:29,531 [INFO] Epoch 466 | train=0.0000 | val=0.0000
2026-04-14 04:00:29,560 [INFO] Saved checkpoint (val=0.0000)
2026-04-14 04:00:36,436 [INFO] [Epoch 467] train_loss=0.0000
2026-04-14 04:00:36,847 [INFO] [Epoch 467] val_loss=0.0000
2026-04-14 04:00:36,852 [INFO] Epoch 467 | train=0.0000 | val=0.0000
2026-04-14 04:00:36,883 [INFO] Saved checkpoint (val=0.0000)
2026-04-14 04:00:43,746 [INFO] [Epoch 468] train_loss=0.0000
2026-04-14 04:00:44,140 [INFO] [Epoch 468] val_loss=0.0000
2026-04-14 04:00:44,145 [INFO] Epoch 468 | train=0.0000 | val=0.0000
2026-04-14 04:00:44,176 [INFO] Saved checkpoint (val=0.0000)
2026-04-14 04:00:51,033 [INFO] [Epoch 469] train_loss=0.0000
2026-04-14 04:00:51,442 [INFO] [Epoch 469] val_loss=0.0000
2026-04-14 04:00:51,447 [INFO] Epoch 469 | train=0.0000 | val=0.0000
2026-04-14 04:00:51,478 [INFO] Saved checkpoint (val=0.0000)
2026-04-14 04:00:58,322 [INFO] [Epoch 470] train_loss=0.0000
2026-04-14 04:00:58,725 [INFO] [Epoch 470] val_loss=0.0000
2026-04-14 04:00:58,729 [INFO] Epoch 470 | train=0.0000 | val=0.0000
2026-04-14 04:00:58,761 [INFO] Saved checkpoint (val=0.0000)
2026-04-14 04:01:05,635 [INFO] [Epoch 471] train_loss=0.0000
2026-04-14 04:01:06,025 [INFO] [Epoch 471] val_loss=0.0000
2026-04-14 04:01:06,030 [INFO] Epoch 471 | train=0.0000 | val=0.0000
2026-04-14 04:01:06,046 [INFO] Saved checkpoint (val=0.0000)
2026-04-14 04:01:13,175 [INFO] [Epoch 472] train_loss=0.0000
2026-04-14 04:01:13,588 [INFO] [Epoch 472] val_loss=0.0000
2026-04-14 04:01:13,593 [INFO] Epoch 472 | train=0.0000 | val=0.0000
2026-04-14 04:01:13,625 [INFO] Saved checkpoint (val=0.0000)
2026-04-14 04:01:20,807 [INFO] [Epoch 473] train_loss=0.0000
2026-04-14 04:01:21,215 [INFO] [Epoch 473] val_loss=0.0000
2026-04-14 04:01:21,220 [INFO] Epoch 473 | train=0.0000 | val=0.0000
2026-04-14 04:01:21,252 [INFO] Saved checkpoint (val=0.0000)
2026-04-14 04:01:28,287 [INFO] [Epoch 474] train_loss=0.0000
2026-04-14 04:01:28,695 [INFO] [Epoch 474] val_loss=0.0000
2026-04-14 04:01:28,699 [INFO] Epoch 474 | train=0.0000 | val=0.0000
2026-04-14 04:01:28,730 [INFO] Saved checkpoint (val=0.0000)
2026-04-14 04:01:35,685 [INFO] [Epoch 475] train_loss=0.0000
2026-04-14 04:01:36,096 [INFO] [Epoch 475] val_loss=0.0000
2026-04-14 04:01:36,101 [INFO] Epoch 475 | train=0.0000 | val=0.0000
2026-04-14 04:01:36,132 [INFO] Saved checkpoint (val=0.0000)
2026-04-14 04:01:43,216 [INFO] [Epoch 476] train_loss=0.0000
2026-04-14 04:01:43,619 [INFO] [Epoch 476] val_loss=0.0000
2026-04-14 04:01:43,625 [INFO] Epoch 476 | train=0.0000 | val=0.0000
2026-04-14 04:01:43,656 [INFO] Saved checkpoint (val=0.0000)
2026-04-14 04:01:50,645 [INFO] [Epoch 477] train_loss=0.0000
2026-04-14 04:01:51,054 [INFO] [Epoch 477] val_loss=0.0000
2026-04-14 04:01:51,058 [INFO] Epoch 477 | train=0.0000 | val=0.0000
2026-04-14 04:01:51,089 [INFO] Saved checkpoint (val=0.0000)
2026-04-14 04:01:58,026 [INFO] [Epoch 478] train_loss=0.0000
2026-04-14 04:01:58,437 [INFO] [Epoch 478] val_loss=0.0000
2026-04-14 04:01:58,442 [INFO] Epoch 478 | train=0.0000 | val=0.0000
2026-04-14 04:01:58,473 [INFO] Saved checkpoint (val=0.0000)
2026-04-14 04:02:05,403 [INFO] [Epoch 479] train_loss=0.0000
2026-04-14 04:02:05,811 [INFO] [Epoch 479] val_loss=0.0000
2026-04-14 04:02:05,816 [INFO] Epoch 479 | train=0.0000 | val=0.0000
2026-04-14 04:02:05,845 [INFO] Saved checkpoint (val=0.0000)
2026-04-14 04:02:13,082 [INFO] [Epoch 480] train_loss=0.0000
2026-04-14 04:02:13,488 [INFO] [Epoch 480] val_loss=0.0000
2026-04-14 04:02:13,492 [INFO] Epoch 480 | train=0.0000 | val=0.0000
2026-04-14 04:02:13,523 [INFO] Saved checkpoint (val=0.0000)
2026-04-14 04:02:20,375 [INFO] [Epoch 481] train_loss=0.0000
2026-04-14 04:02:20,777 [INFO] [Epoch 481] val_loss=0.0000
2026-04-14 04:02:20,783 [INFO] Epoch 481 | train=0.0000 | val=0.0000
2026-04-14 04:02:20,815 [INFO] Saved checkpoint (val=0.0000)
2026-04-14 04:02:27,791 [INFO] [Epoch 482] train_loss=0.0000
2026-04-14 04:02:28,201 [INFO] [Epoch 482] val_loss=0.0000
2026-04-14 04:02:28,207 [INFO] Epoch 482 | train=0.0000 | val=0.0000
2026-04-14 04:02:28,224 [INFO] Saved checkpoint (val=0.0000)
2026-04-14 04:02:35,375 [INFO] [Epoch 483] train_loss=0.0000
2026-04-14 04:02:35,786 [INFO] [Epoch 483] val_loss=0.0000
2026-04-14 04:02:35,791 [INFO] Epoch 483 | train=0.0000 | val=0.0000
2026-04-14 04:02:35,807 [INFO] Saved checkpoint (val=0.0000)
2026-04-14 04:02:42,658 [INFO] [Epoch 484] train_loss=0.0000
2026-04-14 04:02:43,059 [INFO] [Epoch 484] val_loss=0.0000
2026-04-14 04:02:43,064 [INFO] Epoch 484 | train=0.0000 | val=0.0000
2026-04-14 04:02:43,094 [INFO] Saved checkpoint (val=0.0000)
2026-04-14 04:02:50,171 [INFO] [Epoch 485] train_loss=0.0000
2026-04-14 04:02:50,606 [INFO] [Epoch 485] val_loss=0.0000
2026-04-14 04:02:50,610 [INFO] Epoch 485 | train=0.0000 | val=0.0000
2026-04-14 04:02:50,642 [INFO] Saved checkpoint (val=0.0000)
2026-04-14 04:02:57,616 [INFO] [Epoch 486] train_loss=0.0000
2026-04-14 04:02:58,016 [INFO] [Epoch 486] val_loss=0.0000
2026-04-14 04:02:58,021 [INFO] Epoch 486 | train=0.0000 | val=0.0000
2026-04-14 04:02:58,052 [INFO] Saved checkpoint (val=0.0000)
2026-04-14 04:03:05,163 [INFO] [Epoch 487] train_loss=0.0000
2026-04-14 04:03:05,576 [INFO] [Epoch 487] val_loss=0.0000
2026-04-14 04:03:05,582 [INFO] Epoch 487 | train=0.0000 | val=0.0000
2026-04-14 04:03:05,598 [INFO] Saved checkpoint (val=0.0000)
2026-04-14 04:03:12,524 [INFO] [Epoch 488] train_loss=0.0000
2026-04-14 04:03:12,923 [INFO] [Epoch 488] val_loss=0.0000
2026-04-14 04:03:12,928 [INFO] Epoch 488 | train=0.0000 | val=0.0000
2026-04-14 04:03:12,958 [INFO] Saved checkpoint (val=0.0000)
2026-04-14 04:03:20,416 [INFO] [Epoch 489] train_loss=0.0000
2026-04-14 04:03:20,826 [INFO] [Epoch 489] val_loss=0.0000
2026-04-14 04:03:20,832 [INFO] Epoch 489 | train=0.0000 | val=0.0000
2026-04-14 04:03:20,864 [INFO] Saved checkpoint (val=0.0000)
2026-04-14 04:03:27,857 [INFO] [Epoch 490] train_loss=0.0000
2026-04-14 04:03:28,255 [INFO] [Epoch 490] val_loss=0.0000
2026-04-14 04:03:28,260 [INFO] Epoch 490 | train=0.0000 | val=0.0000
2026-04-14 04:03:28,291 [INFO] Saved checkpoint (val=0.0000)
2026-04-14 04:03:35,148 [INFO] [Epoch 491] train_loss=0.0000
2026-04-14 04:03:35,557 [INFO] [Epoch 491] val_loss=0.0000
2026-04-14 04:03:35,559 [INFO] Epoch 491 | train=0.0000 | val=0.0000
2026-04-14 04:03:35,582 [INFO] Saved checkpoint (val=0.0000)
2026-04-14 04:03:42,745 [INFO] [Epoch 492] train_loss=0.0000
2026-04-14 04:03:43,158 [INFO] [Epoch 492] val_loss=0.0000
2026-04-14 04:03:43,162 [INFO] Epoch 492 | train=0.0000 | val=0.0000
2026-04-14 04:03:43,193 [INFO] Saved checkpoint (val=0.0000)
2026-04-14 04:03:50,171 [INFO] [Epoch 493] train_loss=0.0000
2026-04-14 04:03:50,573 [INFO] [Epoch 493] val_loss=0.0000
2026-04-14 04:03:50,577 [INFO] Epoch 493 | train=0.0000 | val=0.0000
2026-04-14 04:03:50,608 [INFO] Saved checkpoint (val=0.0000)
2026-04-14 04:03:58,089 [INFO] [Epoch 494] train_loss=0.0000
2026-04-14 04:03:58,495 [INFO] [Epoch 494] val_loss=0.0000
2026-04-14 04:03:58,500 [INFO] Epoch 494 | train=0.0000 | val=0.0000
2026-04-14 04:03:58,532 [INFO] Saved checkpoint (val=0.0000)
2026-04-14 04:04:05,652 [INFO] [Epoch 495] train_loss=0.0000
2026-04-14 04:04:06,058 [INFO] [Epoch 495] val_loss=0.0000
2026-04-14 04:04:06,063 [INFO] Epoch 495 | train=0.0000 | val=0.0000
2026-04-14 04:04:06,079 [INFO] Saved checkpoint (val=0.0000)
2026-04-14 04:04:13,014 [INFO] [Epoch 496] train_loss=0.0000
2026-04-14 04:04:13,415 [INFO] [Epoch 496] val_loss=0.0000
2026-04-14 04:04:13,418 [INFO] Epoch 496 | train=0.0000 | val=0.0000
2026-04-14 04:04:13,440 [INFO] Saved checkpoint (val=0.0000)
2026-04-14 04:04:20,356 [INFO] [Epoch 497] train_loss=0.0000
2026-04-14 04:04:20,760 [INFO] [Epoch 497] val_loss=0.0000
2026-04-14 04:04:20,765 [INFO] Epoch 497 | train=0.0000 | val=0.0000
2026-04-14 04:04:20,796 [INFO] Saved checkpoint (val=0.0000)
2026-04-14 04:04:27,723 [INFO] [Epoch 498] train_loss=0.0000
2026-04-14 04:04:28,124 [INFO] [Epoch 498] val_loss=0.0000
2026-04-14 04:04:28,129 [INFO] Epoch 498 | train=0.0000 | val=0.0000
2026-04-14 04:04:28,160 [INFO] Saved checkpoint (val=0.0000)
2026-04-14 04:04:35,181 [INFO] [Epoch 499] train_loss=0.0000
2026-04-14 04:04:35,588 [INFO] [Epoch 499] val_loss=0.0000
2026-04-14 04:04:35,593 [INFO] Epoch 499 | train=0.0000 | val=0.0000
2026-04-14 04:04:35,608 [INFO] Saved checkpoint (val=0.0000)
